{
"type": "FeatureCollection",
"name": "map_ec_pro",
"crs": { "type": "name", "properties": { "name": "urn:ogc:def:crs:OGC:1.3:CRS84" } },
"features": [
{ "type": "Feature", "properties": { "DPA_DESPRO": "NAPO", "DPA_CANTON": "1501", "DPA_DESCAN": "TENA", "DPA_PROVIN": "15", "DPA_ANIO": "2024", "fcode": "HA003" }, "geometry": { "type": "Polygon", "coordinates": [ [ [ -77.729176404225655, -1.159575225010637 ], [ -77.80638881382022, -1.20297525290577 ], [ -77.825166535026071, -1.203173150665216 ], [ -77.832080555217217, -1.218178333628431 ], [ -77.879043333535265, -1.199970833760915 ], [ -77.889084159486018, -1.222341038047131 ], [ -77.882124441230673, -1.244686638170456 ], [ -77.90375223788223, -1.241941053070547 ], [ -77.923427063096341, -1.224718357977574 ], [ -77.938761651632987, -1.227868896329201 ], [ -77.944759442111135, -1.222614669501396 ], [ -77.940710463163327, -1.213183994078444 ], [ -77.950536982502328, -1.205335687635041 ], [ -77.963569386041584, -1.21161076676452 ], [ -77.967092711500428, -1.224231219669535 ], [ -78.011429945103174, -1.222842140260831 ], [ -78.051435167770904, -1.248816249669192 ], [ -78.095314466796069, -1.226118251201526 ], [ -78.111249960221059, -1.233315508550472 ], [ -78.123757076358231, -1.22306938976015 ], [ -78.116867843306707, -1.188606051944033 ], [ -78.129457255946846, -1.191525993891075 ], [ -78.134497828355151, -1.182292154464589 ], [ -78.152609721985897, -1.179575858526787 ], [ -78.169836749439824, -1.187703241169924 ], [ -78.188073178278742, -1.18275324854281 ], [ -78.190014326055319, -1.158719328859008 ], [ -78.229163840700792, -1.138940506167156 ], [ -78.246075999329051, -1.154179544942834 ], [ -78.264205407973819, -1.157028336609226 ], [ -78.26648605465239, -1.13920105032204 ], [ -78.311330520145205, -1.142846387936315 ], [ -78.322091878725914, -1.164863037526912 ], [ -78.3509422002885, -1.17377814086499 ], [ -78.359402953586738, -1.160993061996729 ], [ -78.33797928824147, -1.13516378959347 ], [ -78.334101823965781, -1.109963844084544 ], [ -78.342952370320688, -1.097693659138963 ], [ -78.332270869149539, -1.085137693172893 ], [ -78.326162668603132, -1.043827731801781 ], [ -78.361153376528961, -0.998695575079233 ], [ -78.374294115851086, -1.005820664903026 ], [ -78.394881719314199, -0.997848799079737 ], [ -78.395594058064617, -0.962988349761716 ], [ -78.430068383001526, -0.942293731588709 ], [ -78.407433355988644, -0.913821628021634 ], [ -78.421332198583087, -0.905358228741691 ], [ -78.427627174182334, -0.878421428820751 ], [ -78.403054229082997, -0.870977034989624 ], [ -78.388971082464664, -0.811292620481728 ], [ -78.39794198189378, -0.769334404352778 ], [ -78.39291882528255, -0.747424840626036 ], [ -78.411222656008349, -0.719429277194304 ], [ -78.396566154228694, -0.704241960568518 ], [ -78.39507471892874, -0.67667131214143 ], [ -78.362952207407204, -0.676464387443204 ], [ -78.330195333508215, -0.658816140868993 ], [ -78.319934714275718, -0.583073864291951 ], [ -78.288117472397104, -0.579046113104739 ], [ -78.270087416256146, -0.542122568998432 ], [ -78.270110476298811, -0.509774879705646 ], [ -78.254769281684403, -0.503140317348818 ], [ -78.248555328994314, -0.458847652955045 ], [ -78.239623066641045, -0.461097681202681 ], [ -78.235334333306668, -0.45086900870746 ], [ -78.235994529348986, -0.435776600156991 ], [ -78.25599689479229, -0.408480510036391 ], [ -78.243082756209375, -0.383868710368007 ], [ -78.21580895599331, -0.361973626277222 ], [ -78.191062486443727, -0.318729421944086 ], [ -78.196479132188884, -0.305349926396348 ], [ -78.185525909182644, -0.264890223121182 ], [ -78.189875008170574, -0.197631820156353 ], [ -78.171788717245946, -0.193376988611799 ], [ -78.140561679109354, -0.166788411967507 ], [ -78.131966636923508, -0.167438233109104 ], [ -78.124757084574767, -0.180926068310958 ], [ -78.10783092473396, -0.179544060974326 ], [ -78.100857426764435, -0.191386690975447 ], [ -78.090795820334876, -0.180125366696238 ], [ -78.084499296725042, -0.189845664436175 ], [ -78.055098731660081, -0.163771594913499 ], [ -78.057748402970461, -0.146217298316999 ], [ -78.04024281362247, -0.1382978141679 ], [ -78.018894309213323, -0.141043386488605 ], [ -78.000031511432951, -0.128275591917936 ], [ -77.995464244249661, -0.111160034363631 ], [ -77.969565474831938, -0.122784313671681 ], [ -77.954894754180359, -0.095047830807131 ], [ -77.932815894958125, -0.1004393123683 ], [ -77.931165783571515, -0.087882352394515 ], [ -77.939035102369374, -0.083276089636823 ], [ -77.934936774101814, -0.067404106866292 ], [ -77.943456588344233, -0.052756310723435 ], [ -77.934534692556554, -0.041208360562056 ], [ -77.852724207987166, -0.004103291268736 ], [ -77.839827601617458, 0.027272783247106 ], [ -77.822545165179434, 0.034185318003164 ], [ -77.811878847432311, 0.023963825367901 ], [ -77.785336466043475, 0.020154036330213 ], [ -77.779451404346858, 0.010870012338122 ], [ -77.794458481230379, -0.016282884523124 ], [ -77.785152092428305, -0.031033695610681 ], [ -77.782305399816124, -0.083113372793057 ], [ -77.638106022246532, -0.076093870555487 ], [ -77.611951136776327, -0.081983429884235 ], [ -77.591184149795836, -0.109268391470993 ], [ -77.583973449287939, -0.109107470209215 ], [ -77.536102002571184, -0.05557527758854 ], [ -77.510573767926189, -0.064213491541446 ], [ -77.50424235689178, -0.055315343019529 ], [ -77.507879032005235, -0.039832904484782 ], [ -77.487032146146376, -0.040195177107844 ], [ -77.486641022638622, -0.02732549798023 ], [ -77.469311942683618, -0.017964103688807 ], [ -77.456298652491895, -0.024552929340196 ], [ -77.450741221393244, -0.060675685700263 ], [ -77.438306673018417, -0.062794172649431 ], [ -77.457829267545492, -0.083788977442127 ], [ -77.444573779677569, -0.097941001245119 ], [ -77.455411084606439, -0.116176249508823 ], [ -77.452053125218384, -0.138720600278599 ], [ -77.429191470450306, -0.130809231194797 ], [ -77.393812575457233, -0.139614768646303 ], [ -77.377901064527066, -0.152235965663503 ], [ -77.341298882071968, -0.123397216132332 ], [ -77.338355898511381, -0.099547023317931 ], [ -77.306188659821672, -0.072310107280978 ], [ -77.304974656507, -0.059376166313088 ], [ -77.298156697399079, -0.060675765014264 ], [ -77.294385754608356, -0.07037206160694 ], [ -77.30161368175645, -0.071907412475921 ], [ -77.286113020110591, -0.103456574669333 ], [ -77.278443977860732, -0.136665686382294 ], [ -77.29695566059074, -0.145437974822612 ], [ -77.291909202239054, -0.155226038563882 ], [ -77.299230034430408, -0.16497738802752 ], [ -77.298474072668114, -0.203897169850853 ], [ -77.280086107089645, -0.20971776184211 ], [ -77.26890080195075, -0.239227511754833 ], [ -77.260536387317586, -0.238524814909765 ], [ -77.274709151281087, -0.261637534378669 ], [ -77.253573495866604, -0.269631199390719 ], [ -77.262360323305899, -0.284795819528228 ], [ -77.256315594686598, -0.308113551254355 ], [ -77.26747086527476, -0.309758015890285 ], [ -77.276291768128658, -0.340865283512622 ], [ -77.297703424975751, -0.336299645463186 ], [ -77.324066173205068, -0.370263463972282 ], [ -77.334140555501904, -0.370263888709215 ], [ -77.322307563757391, -0.405529214621143 ], [ -77.326987480908556, -0.424176003750394 ], [ -77.352653148939254, -0.419429781136519 ], [ -77.364951471079408, -0.428755661827013 ], [ -77.362133009770631, -0.4422170503287 ], [ -77.37015175183015, -0.443926709040207 ], [ -77.374809733257493, -0.462132635036433 ], [ -77.382294603663908, -0.462477445293765 ], [ -77.390660196965769, -0.494780911745999 ], [ -77.417651599268993, -0.504478530949143 ], [ -77.428652076564788, -0.522053051957847 ], [ -77.512211143216376, -0.486269803135254 ], [ -77.547236851589204, -0.452716398000405 ], [ -77.561944675003303, -0.455475270586553 ], [ -77.571366428844783, -0.461179829790452 ], [ -77.559413514362191, -0.494863939993117 ], [ -77.609802442781131, -0.520464680719279 ], [ -77.628690683478411, -0.543476795433571 ], [ -77.619653419449847, -0.561290793260078 ], [ -77.605067160717695, -0.56010538929443 ], [ -77.590484932456121, -0.573869970028742 ], [ -77.580389344272334, -0.609679822290397 ], [ -77.532515232996687, -0.624897153226479 ], [ -77.532670639266797, -0.639131354542745 ], [ -77.522772400007526, -0.649952478860666 ], [ -77.525179105517282, -0.66949416487779 ], [ -77.496950844562662, -0.701813513632567 ], [ -77.527880894910126, -0.740627809849214 ], [ -77.523855665491894, -0.746078287779847 ], [ -77.542410105535197, -0.791092285138935 ], [ -77.524737626053934, -0.820712698754106 ], [ -77.536696887315856, -0.845547435931724 ], [ -77.534863577619575, -0.873513975881566 ], [ -77.550600271237528, -0.882320190518033 ], [ -77.552041174941664, -0.902361493817923 ], [ -77.587587719463329, -0.912038309693899 ], [ -77.590257052921586, -0.929866322786721 ], [ -77.568688373772773, -0.932164485526876 ], [ -77.566938937520547, -0.943084917081678 ], [ -77.545492224659114, -0.940580121731443 ], [ -77.515439718958859, -0.950776109298566 ], [ -77.489902681666209, -0.940229847039912 ], [ -77.46370815564336, -0.912223871225305 ], [ -77.452643441904286, -0.916126803728267 ], [ -77.456607671879368, -0.904897871835965 ], [ -77.450814682491483, -0.898865778471732 ], [ -77.425763213364434, -0.902325391936766 ], [ -77.422791766162575, -0.890572026458041 ], [ -77.384485219723445, -0.891740311202219 ], [ -77.379434673666196, -0.882229159068237 ], [ -77.365062866023393, -0.879763046805816 ], [ -77.369609173183946, -0.870714404368379 ], [ -77.355340481904136, -0.873735381288653 ], [ -77.351993521811551, -0.86168065130619 ], [ -77.331483831544219, -0.858818554306575 ], [ -77.324219442914696, -0.846671575039915 ], [ -77.277593280193301, -0.837787403606543 ], [ -77.260738745347382, -0.823514629936666 ], [ -77.263828123169247, -0.81342431477569 ], [ -77.255771370063556, -0.811711309323254 ], [ -77.252528848470192, -0.792159834398536 ], [ -77.238404584827151, -0.78946694912058 ], [ -77.222302457294333, -0.771257573711504 ], [ -77.199304769445718, -0.767233857546502 ], [ -77.163830511728335, -0.707634466642381 ], [ -77.132607474886157, -0.693971233054708 ], [ -77.11300681143598, -0.701338838763366 ], [ -77.120509324569355, -0.72642769911307 ], [ -77.151977049144108, -0.763866149202667 ], [ -77.18578042750778, -0.770990174362662 ], [ -77.194336778205269, -0.794106210901787 ], [ -77.20682376501135, -0.79995764148964 ], [ -77.191012970704904, -0.839059273105368 ], [ -77.196769150282577, -0.853701419280074 ], [ -77.177274550612324, -0.856485923430971 ], [ -77.164587635388685, -0.873897743709906 ], [ -77.150342319213195, -0.868430282700113 ], [ -77.135906032473741, -0.901925362446888 ], [ -77.119904041415168, -0.900247178953155 ], [ -77.092711771705339, -0.912982004794147 ], [ -77.052262670913436, -0.908577595937712 ], [ -77.022793549658715, -0.921009199808116 ], [ -77.037462584128562, -0.923934267394012 ], [ -77.055455152888698, -0.946751048880441 ], [ -77.07171478913267, -0.951391103333665 ], [ -77.068669531971238, -0.97543679378669 ], [ -77.032163754551732, -0.989820496103518 ], [ -77.052450570278666, -0.995686795802665 ], [ -77.056342891490019, -1.007410654918402 ], [ -77.224886367661185, -1.024306850578536 ], [ -77.232148104468848, -1.047503872753529 ], [ -77.244021162582413, -1.057297205103826 ], [ -77.260194255386068, -1.05225121563624 ], [ -77.32071530595374, -1.07244572460071 ], [ -77.349442590773137, -1.068950176949588 ], [ -77.352669087288476, -1.104778715040007 ], [ -77.373117891648903, -1.091094086937628 ], [ -77.383669195602252, -1.094762419467629 ], [ -77.391334366577638, -1.083554773771631 ], [ -77.402714009219991, -1.09044665613302 ], [ -77.404387834757955, -1.078806399232412 ], [ -77.435580994505713, -1.085193032476965 ], [ -77.451046404413404, -1.077658668322289 ], [ -77.446617796269948, -1.082675716844197 ], [ -77.454034685001787, -1.089936114471272 ], [ -77.4456146111892, -1.094404809028328 ], [ -77.485123887866393, -1.105021145885638 ], [ -77.50561642087402, -1.120983702983732 ], [ -77.522168930506425, -1.12087642841883 ], [ -77.560638126769121, -1.159027052049549 ], [ -77.596041585825276, -1.124154637989366 ], [ -77.615761016811305, -1.149006075219066 ], [ -77.628323190811301, -1.142736918980503 ], [ -77.638613097160217, -1.147055744471599 ], [ -77.644569890944695, -1.1330615832489 ], [ -77.655914047207986, -1.132376658971497 ], [ -77.669911793440818, -1.150341858039021 ], [ -77.676842670808114, -1.141347430603666 ], [ -77.694024533980894, -1.142488579154817 ], [ -77.721324655764974, -1.179968079469133 ], [ -77.730814944183209, -1.176303180091248 ], [ -77.729176404225655, -1.159575225010637 ] ] ] } },
{ "type": "Feature", "properties": { "DPA_DESPRO": "MORONA SANTIAGO", "DPA_CANTON": "1401", "DPA_DESCAN": "MORONA", "DPA_PROVIN": "14", "DPA_ANIO": "2024", "fcode": "HA003" }, "geometry": { "type": "Polygon", "coordinates": [ [ [ -78.346902012215352, -3.381146083190679 ], [ -78.34430526696066, -3.391599603641476 ], [ -78.35574497862477, -3.403628841907919 ], [ -78.342536174845847, -3.431012730141212 ], [ -78.358343950236829, -3.472997936420544 ], [ -78.354483675213686, -3.493447958917407 ], [ -78.366902354638086, -3.515338196639299 ], [ -78.365199563942909, -3.529729176819825 ], [ -78.534808740088877, -3.528186216906736 ], [ -78.534955420517349, -3.537534859297638 ], [ -78.587258381706192, -3.551273390314502 ], [ -78.63119865079004, -3.534329135127877 ], [ -78.667253076293932, -3.549636890832802 ], [ -78.68424467434329, -3.587749862944296 ], [ -78.720784866824829, -3.561966123790912 ], [ -78.754676111767495, -3.568737665287802 ], [ -78.786327778221377, -3.550636111370253 ], [ -78.831952263062277, -3.54931821929041 ], [ -78.843709900785342, -3.516697123128496 ], [ -78.856151822694187, -3.51610207782778 ], [ -78.870521794159615, -3.502267314460072 ], [ -78.86438677695179, -3.489136100888149 ], [ -78.868854372365647, -3.45969905456101 ], [ -78.880658936312699, -3.446950859002202 ], [ -78.874753649845275, -3.421967147790536 ], [ -78.88132148115487, -3.401495180402978 ], [ -78.901568598214112, -3.394152375255147 ], [ -78.916174702264357, -3.367058700967304 ], [ -78.94286634763003, -3.346432673735266 ], [ -78.946472807534704, -3.308509270343544 ], [ -78.953925831502744, -3.299851701277279 ], [ -78.93432568378573, -3.296142659304189 ], [ -78.934404999331989, -3.273106866941891 ], [ -78.912149941871292, -3.273149833227781 ], [ -78.898498747124393, -3.253978519631211 ], [ -78.879962933700199, -3.250634961644594 ], [ -78.856907067168891, -3.229701268558584 ], [ -78.835035232483236, -3.245702177486197 ], [ -78.811111250880188, -3.207347062830845 ], [ -78.790374355169092, -3.193004590180073 ], [ -78.772531048445387, -3.166135887894971 ], [ -78.754854554865929, -3.160077249720322 ], [ -78.742867910837447, -3.140698744758783 ], [ -78.705298542467332, -3.13677989649263 ], [ -78.695703214026679, -3.107303504726591 ], [ -78.688351555406612, -3.104869195571815 ], [ -78.684951431454451, -3.070572381993924 ], [ -78.67083178464091, -3.063033218484254 ], [ -78.675303673196225, -3.028702552402668 ], [ -78.665043684052932, -3.022614374038362 ], [ -78.658819695470982, -2.989888335774951 ], [ -78.631419432034107, -2.970565797504308 ], [ -78.637304462083691, -2.951798313494265 ], [ -78.628719246055184, -2.936354768209862 ], [ -78.631617675834065, -2.913550142014417 ], [ -78.592204436414448, -2.862101118066172 ], [ -78.575552877594916, -2.851045300285683 ], [ -78.575627072134665, -2.830582264698748 ], [ -78.585948860949628, -2.818287139773051 ], [ -78.595706912876821, -2.818572279747031 ], [ -78.614639647221352, -2.786734465810035 ], [ -78.600477794840629, -2.761909918671432 ], [ -78.592100628276853, -2.761582874935093 ], [ -78.579501744034246, -2.709260423667229 ], [ -78.552440397233568, -2.694900703520521 ], [ -78.52365560406318, -2.692251080474861 ], [ -78.488466641452163, -2.661555054869565 ], [ -78.445001260369139, -2.651607411051489 ], [ -78.422137215638216, -2.630606019814358 ], [ -78.436577231379033, -2.599114617075881 ], [ -78.461190352662385, -2.590598749800705 ], [ -78.481095530219193, -2.572355461220567 ], [ -78.497762394089577, -2.571812589038899 ], [ -78.514905292485736, -2.582900600336711 ], [ -78.532129976181295, -2.626530163187934 ], [ -78.545819109456843, -2.605488006686727 ], [ -78.539386930785938, -2.570827263300826 ], [ -78.50459196892534, -2.529932794135533 ], [ -78.481606800665929, -2.455201619180744 ], [ -78.485135677865273, -2.437503048996881 ], [ -78.462565634688914, -2.415727630431381 ], [ -78.481600655718964, -2.414139491838629 ], [ -78.48532009656833, -2.372538123053424 ], [ -78.500539686955051, -2.381421406835891 ], [ -78.543828933933639, -2.335616193423727 ], [ -78.562398154738119, -2.325902798963498 ], [ -78.578927088237833, -2.329958862887438 ], [ -78.587198978327308, -2.318589104758947 ], [ -78.577661302688696, -2.305846629775375 ], [ -78.545802302531527, -2.300302877628635 ], [ -78.536917515605907, -2.279023297669068 ], [ -78.544190410755604, -2.253562413087916 ], [ -78.536345996182547, -2.242052291123716 ], [ -78.505077582164446, -2.246494892600607 ], [ -78.488550059700216, -2.221014765750226 ], [ -78.501241091270742, -2.205921934657272 ], [ -78.504253501348387, -2.15870639256729 ], [ -78.516574223705291, -2.154585388735715 ], [ -78.513454265590596, -2.133076506992042 ], [ -78.493682755050955, -2.121379959030231 ], [ -78.482844994461516, -2.129994789595494 ], [ -78.450159815121381, -2.117971015754545 ], [ -78.433287546294409, -2.090041636211863 ], [ -78.452507501217468, -2.064147325566065 ], [ -78.451469741800153, -2.030798471255215 ], [ -78.441892243908342, -2.011637470406814 ], [ -78.458700605368918, -1.989931037461964 ], [ -78.478939307272498, -2.00332133129233 ], [ -78.489313796058596, -1.958972152096037 ], [ -78.463590177590419, -1.949855937594147 ], [ -78.457326574473967, -1.921489678322017 ], [ -78.433172465728987, -1.90904289469542 ], [ -78.429719642646788, -1.897651883240565 ], [ -78.419804919923422, -1.894780564226551 ], [ -78.420090492273758, -1.884413981671195 ], [ -78.403646160802495, -1.878679974152884 ], [ -78.397108413379598, -1.852238789348486 ], [ -78.421249997125244, -1.827823022502555 ], [ -78.420265671402817, -1.805112508629605 ], [ -78.437986727260736, -1.791933197973373 ], [ -78.445869073524094, -1.762122136041702 ], [ -78.457755684354055, -1.762953487409284 ], [ -78.467590367388681, -1.75190866020221 ], [ -78.43221780130402, -1.685411896369599 ], [ -78.416598068837644, -1.686362927356015 ], [ -78.409410513963437, -1.665100035042995 ], [ -78.371735239655663, -1.656679354430475 ], [ -78.363812104434686, -1.644873007203382 ], [ -78.363480085690725, -1.607073001115009 ], [ -78.377274474982798, -1.585113796506991 ], [ -78.370382683519409, -1.575106779022046 ], [ -78.376481233522966, -1.535912425254459 ], [ -78.36468260733038, -1.533026641082115 ], [ -78.362363306358972, -1.522046693326044 ], [ -78.348483411858169, -1.523577987042588 ], [ -78.345191640376271, -1.503554178891856 ], [ -78.319026768344017, -1.498420760959411 ], [ -78.304389432063161, -1.483664076883114 ], [ -78.284748638315435, -1.479163998132804 ], [ -78.276347485064392, -1.49831399005899 ], [ -78.265145679166054, -1.503333417050869 ], [ -78.22303233722549, -1.487167268056994 ], [ -78.217575533312157, -1.473751368969054 ], [ -78.196841765998414, -1.474868238381788 ], [ -78.192467874756389, -1.455480768675564 ], [ -78.180035790210098, -1.44850764181767 ], [ -78.129554383940516, -1.450753884639084 ], [ -78.064677046962501, -1.52803224791176 ], [ -78.05830373421793, -1.577809783607538 ], [ -78.031794238267693, -1.633275107170334 ], [ -78.021668438904811, -1.675629304204243 ], [ -77.986709828755323, -1.676202956373791 ], [ -77.963310381468503, -1.66169522982898 ], [ -77.922750610437049, -1.654556780909153 ], [ -77.90515412930263, -1.687724924158328 ], [ -77.889058415731739, -1.691270032809109 ], [ -77.881156780739005, -1.721702291568234 ], [ -77.885209141372371, -1.762079396494788 ], [ -77.868957586788753, -1.756172167720698 ], [ -77.869031894578796, -1.788267359308892 ], [ -77.857109825801999, -1.800981466442018 ], [ -77.861632048386866, -1.815029008664294 ], [ -77.846329275579279, -1.837316237348664 ], [ -77.855875738139588, -1.846841111317061 ], [ -77.842573909395156, -1.8494130125475 ], [ -77.827361646514746, -1.868239204103578 ], [ -77.823593432805197, -1.922139984894158 ], [ -77.795032480463902, -1.933271383734477 ], [ -77.793999159156485, -1.955237832018496 ], [ -77.77853336094239, -1.971239777890989 ], [ -77.753074850259296, -1.985373391493466 ], [ -77.743137922844483, -1.980211353481343 ], [ -77.731869204833387, -1.985231571571981 ], [ -77.728221012661223, -2.011488489684627 ], [ -77.715365739188528, -2.025763015161044 ], [ -77.692373342443403, -2.027981393172251 ], [ -77.671840676924674, -2.050521569359453 ], [ -77.616635033763743, -2.042447830747616 ], [ -77.586217507834974, -2.072705521874403 ], [ -77.568567488905373, -2.079835408519121 ], [ -77.547218370480721, -2.073036708616099 ], [ -77.522967129174745, -2.08534798594896 ], [ -77.513629571761896, -2.082222924285968 ], [ -77.492934771363039, -2.102626205247522 ], [ -77.429467010189938, -2.12493776133691 ], [ -77.427125612117152, -2.138469424501253 ], [ -77.405837532737053, -2.150102844155678 ], [ -77.36236553766507, -2.165049212188466 ], [ -77.352374832734782, -2.159888966870041 ], [ -77.343228220164875, -2.173130104186545 ], [ -77.280090443864722, -2.201925595207892 ], [ -77.264671505652444, -2.233798904676359 ], [ -77.236054220126903, -2.249824220873629 ], [ -77.235585380216136, -2.261311940991802 ], [ -77.190923935612247, -2.270175102598856 ], [ -77.167714911330208, -2.301568088738593 ], [ -77.135336962344567, -2.303336983361013 ], [ -77.128569256113209, -2.314722390825227 ], [ -77.113726256270283, -2.316263692657347 ], [ -77.103172334439407, -2.337250492907041 ], [ -77.08716168131501, -2.34381601719686 ], [ -77.07823850944844, -2.365808606262746 ], [ -77.081494469703017, -2.376421113819754 ], [ -77.04884432731528, -2.40652400120324 ], [ -77.031442616954735, -2.450961049827856 ], [ -77.000680918768765, -2.460504002566018 ], [ -76.996956238415493, -2.514649662680307 ], [ -76.965975111511455, -2.514123818425612 ], [ -76.944767228093014, -2.554565265311399 ], [ -76.929700789683807, -2.544130924033775 ], [ -76.917422814751149, -2.564219618770014 ], [ -76.8992246268283, -2.553416931753601 ], [ -76.88322906595441, -2.566723689985526 ], [ -76.873394129497569, -2.557738634713737 ], [ -76.852023283944973, -2.559567265059231 ], [ -76.820473888276751, -2.543516661679267 ], [ -76.812068328150346, -2.564437919200942 ], [ -76.800268246694102, -2.570695433747907 ], [ -76.779617739708627, -2.552424334963324 ], [ -76.756973906052991, -2.563180970270719 ], [ -76.738165300626804, -2.553689068712994 ], [ -76.723908295624526, -2.585239868576924 ], [ -76.692089775706222, -2.609986760570022 ], [ -77.844497444891374, -2.998997111157566 ], [ -77.839939166620155, -3.00804494474244 ], [ -77.942286879143325, -3.065774672566098 ], [ -77.9706535936824, -3.11771691385391 ], [ -77.983102308001889, -3.119630136672622 ], [ -77.986342395004158, -3.13366421418026 ], [ -78.008749966750358, -3.156438524886763 ], [ -78.011834255840952, -3.178133046769567 ], [ -78.03722765573562, -3.190534680919436 ], [ -78.041838471586487, -3.207911426041096 ], [ -78.054131111523773, -3.207097153369347 ], [ -78.061509532960898, -3.227092425357994 ], [ -78.076943421529123, -3.227153046205323 ], [ -78.091169790368753, -3.21631691520491 ], [ -78.089509220984567, -3.240422719748391 ], [ -78.099256398527089, -3.261180536248587 ], [ -78.107668164697529, -3.263100698953675 ], [ -78.113333996660884, -3.286465335899403 ], [ -78.143377610030456, -3.327032506640485 ], [ -78.192792060359722, -3.361693985929997 ], [ -78.187237447045959, -3.397402235594691 ], [ -78.179606208292157, -3.409970511594303 ], [ -78.167697306119322, -3.409517817402513 ], [ -78.15505315145802, -3.420960117741177 ], [ -78.144988872742573, -3.461659225865795 ], [ -78.148916263918892, -3.480659632480691 ], [ -78.162902437731205, -3.481368871649491 ], [ -78.18435948630642, -3.499516752492644 ], [ -78.200415199025173, -3.49550801891905 ], [ -78.216303619766805, -3.509243408357185 ], [ -78.230973830480252, -3.499645899906286 ], [ -78.226336741781651, -3.490965003619995 ], [ -78.243989731528899, -3.439035730793851 ], [ -78.24677405121723, -3.402166167733043 ], [ -78.30154701402769, -3.399894254016638 ], [ -78.346902012215352, -3.381146083190679 ] ] ] } },
{ "type": "Feature", "properties": { "DPA_DESPRO": "BOLÍVAR", "DPA_CANTON": "0201", "DPA_DESCAN": "GUARANDA", "DPA_PROVIN": "02", "DPA_ANIO": "2024", "fcode": "HA003" }, "geometry": { "type": "Polygon", "coordinates": [ [ [ -79.022876365943816, -1.856707305560936 ], [ -79.008128687046593, -1.903824167501988 ], [ -79.008040535597914, -1.944426435523376 ], [ -79.037773969029672, -2.060343189067567 ], [ -79.023026295326787, -2.075621166506535 ], [ -79.029419877455553, -2.112525381271485 ], [ -79.052033616975564, -2.149827055629406 ], [ -79.080918841080518, -2.178356446576716 ], [ -79.110502747801561, -2.201227426803348 ], [ -79.126989718713418, -2.20270599258546 ], [ -79.1321504370799, -2.174742823307678 ], [ -79.105326926013802, -2.14371284009916 ], [ -79.121067755424463, -2.141027422257528 ], [ -79.116453068742885, -2.125373516911877 ], [ -79.12703246866225, -2.117733751082541 ], [ -79.158438476974567, -2.120361744987984 ], [ -79.175853918583528, -2.145916397900417 ], [ -79.194014006104084, -2.13113684455359 ], [ -79.223754391761119, -2.121921722260754 ], [ -79.23156010923087, -2.108165411891413 ], [ -79.205443850910854, -2.108493623166309 ], [ -79.207182201643448, -2.093129303316479 ], [ -79.221940553600717, -2.095215874016986 ], [ -79.221940434330747, -2.08431306895975 ], [ -79.199645219021846, -2.08581642441523 ], [ -79.188052778119172, -2.076943055121297 ], [ -79.226624447433451, -2.076564346182098 ], [ -79.266464893587923, -2.028054983757715 ], [ -79.261111670064409, -2.01721513703778 ], [ -79.271182821810129, -2.002040594397923 ], [ -79.252649639331423, -2.004387140400243 ], [ -79.240158945080992, -1.991171321090568 ], [ -79.240158884382083, -1.981712095170004 ], [ -79.25602805554702, -1.978243055955706 ], [ -79.256027937609019, -1.941037613918811 ], [ -79.246213055697368, -1.91616555531216 ], [ -79.246213119204043, -1.857974937110187 ], [ -79.230107824322232, -1.84473346491695 ], [ -79.252010206260977, -1.814774281645106 ], [ -79.238849927558505, -1.804823483243736 ], [ -79.248978633693412, -1.787461714523023 ], [ -79.247151838481116, -1.772250805419509 ], [ -79.234992607609399, -1.769801691421005 ], [ -79.230681079229072, -1.758482128027466 ], [ -79.242835357000033, -1.753250390922834 ], [ -79.231784509004697, -1.743607604409127 ], [ -79.234832120779998, -1.732740817987225 ], [ -79.24950647191271, -1.723614772733412 ], [ -79.269571702026639, -1.698418649440574 ], [ -79.261144696294778, -1.70329422342183 ], [ -79.273247114992643, -1.668807954653425 ], [ -79.291326256027162, -1.669455474437549 ], [ -79.288549931884162, -1.651328669955137 ], [ -79.319543509037388, -1.659705053046836 ], [ -79.319944444338901, -1.647644444276908 ], [ -79.355654445847463, -1.63773631552699 ], [ -79.316749722199191, -1.62758194443639 ], [ -79.298704680998114, -1.599418391844628 ], [ -79.278616803016902, -1.610477517451901 ], [ -79.248106497480251, -1.561057214158319 ], [ -79.24521109735575, -1.543600005327411 ], [ -79.267760006878831, -1.542386959909742 ], [ -79.284514613070726, -1.526714226025046 ], [ -79.305194146368464, -1.525608328004561 ], [ -79.321828822675968, -1.512715235939033 ], [ -79.318579526755784, -1.491873424276445 ], [ -79.33225431671103, -1.469239768522998 ], [ -79.338213846709152, -1.470156528253658 ], [ -79.331283285036861, -1.461150573262765 ], [ -79.347152980871172, -1.471720784094849 ], [ -79.361305555311873, -1.451818611280734 ], [ -79.358801431058069, -1.446502523605041 ], [ -79.356063005219653, -1.454813052956299 ], [ -79.345274988524011, -1.454713053428012 ], [ -79.316825117784035, -1.437676701712232 ], [ -79.336468834682051, -1.43649263230933 ], [ -79.326117899696783, -1.412612140251237 ], [ -79.327811817914011, -1.396885474443831 ], [ -79.321987703285842, -1.390734886443899 ], [ -79.288868661925662, -1.393634572590178 ], [ -79.29701443404025, -1.355603327067611 ], [ -79.278448730831784, -1.354866839928635 ], [ -79.266492227757141, -1.331388249078066 ], [ -79.293673920711598, -1.333459968508922 ], [ -79.316461415269629, -1.325750581345471 ], [ -79.337181838723112, -1.292932010944883 ], [ -79.359271539138959, -1.304606719790876 ], [ -79.369417692085378, -1.328289773475359 ], [ -79.392600632810314, -1.322224233043377 ], [ -79.383326375606728, -1.305849485641563 ], [ -79.366694517666616, -1.299641356170447 ], [ -79.348952450621866, -1.271807389497418 ], [ -79.334721481785465, -1.226665165372379 ], [ -79.32149092832465, -1.215872713314808 ], [ -79.307266281964218, -1.207133543791902 ], [ -79.26061386680999, -1.207696314670381 ], [ -79.220492973472417, -1.174760853250685 ], [ -79.143719790469618, -1.155164341102066 ], [ -79.133478327830957, -1.162887709093992 ], [ -79.122115469699821, -1.15176231202195 ], [ -79.096544397447616, -1.152088048449858 ], [ -79.04585974059539, -1.197004472121956 ], [ -78.985989357480193, -1.219994524942584 ], [ -78.972017272263301, -1.211443943720214 ], [ -78.957394188926969, -1.216068740544302 ], [ -78.947647283446145, -1.205036078337524 ], [ -78.924839372699466, -1.213036485479771 ], [ -78.891662941572449, -1.202985710046765 ], [ -78.893725972490643, -1.192557308927263 ], [ -78.878708789962459, -1.196886011700223 ], [ -78.866067941458098, -1.185980732185896 ], [ -78.862201317713669, -1.191440716374065 ], [ -78.894046409989969, -1.224381440821588 ], [ -78.886392291910653, -1.268059955048507 ], [ -78.89799574269766, -1.295469804420484 ], [ -78.915801900381922, -1.311900643121316 ], [ -78.915332168234983, -1.325214055677889 ], [ -78.934258434860624, -1.337730863269587 ], [ -78.938896368435408, -1.359957187384814 ], [ -78.926114326355474, -1.376395691670764 ], [ -78.931736960779872, -1.401965132605035 ], [ -78.916915159788147, -1.409962355873907 ], [ -78.909757808280091, -1.431121497636021 ], [ -78.886352360644224, -1.458972651989819 ], [ -78.852560944563962, -1.470896409771011 ], [ -78.868122535744419, -1.482107962113445 ], [ -78.867736414729805, -1.491401684624547 ], [ -78.877794909866296, -1.49140167053858 ], [ -78.867691351356711, -1.512824512730553 ], [ -78.883967580847383, -1.539903625485709 ], [ -78.897692104314586, -1.600904364122149 ], [ -78.88766982618796, -1.629561346999124 ], [ -78.85125390483509, -1.628699138526674 ], [ -78.863341414549438, -1.718654968499147 ], [ -78.875577263337561, -1.721474016023781 ], [ -78.879919404198674, -1.740699997987587 ], [ -78.905971373640185, -1.732593873556109 ], [ -78.932487697039022, -1.757135380095231 ], [ -78.978408448963194, -1.753854751961114 ], [ -79.01216314806446, -1.774083296564258 ], [ -79.007479745753699, -1.803825344571556 ], [ -79.012594179577121, -1.839997439865743 ], [ -79.022876365943816, -1.856707305560936 ] ], [ [ -79.287500151487919, -1.651495487482716 ], [ -79.287390885583136, -1.651502327666982 ], [ -79.287679638941313, -1.651487258273546 ], [ -79.287500151487919, -1.651495487482716 ] ], [ [ -79.287067726534758, -1.6515408492414 ], [ -79.287063069496384, -1.651542077352481 ], [ -79.287092585783782, -1.651535466601335 ], [ -79.287067726534758, -1.6515408492414 ] ], [ [ -79.286916596847789, -1.651591888955482 ], [ -79.286867411846004, -1.651612444831149 ], [ -79.286966394412431, -1.651572745248401 ], [ -79.286916596847789, -1.651591888955482 ] ], [ [ -79.28679600376573, -1.651647295864979 ], [ -79.286773407526354, -1.65166080394499 ], [ -79.286819330529028, -1.651634920623438 ], [ -79.28679600376573, -1.651647295864979 ] ], [ [ -79.28675203064293, -1.651675478747374 ], [ -79.286711509947366, -1.651708036997102 ], [ -79.286692195733423, -1.651725523301286 ], [ -79.28675203064293, -1.651675478747374 ] ], [ [ -79.286655518318639, -1.651762520558673 ], [ -79.286638383318362, -1.651782095012087 ], [ -79.286673505496026, -1.651743685671337 ], [ -79.286655518318639, -1.651762520558673 ] ], [ [ -79.28662232683179, -1.651802550301542 ], [ -79.286607378204906, -1.651824247275121 ], [ -79.286638383318362, -1.651782095012087 ], [ -79.28662232683179, -1.651802550301542 ] ], [ [ -79.286543489729624, -1.651941155323601 ], [ -79.2865077581843, -1.652013213770564 ], [ -79.286567738275153, -1.651893391339077 ], [ -79.286543489729624, -1.651941155323601 ] ], [ [ -79.286470131124943, -1.652083494489959 ], [ -79.286456422052979, -1.652105850877188 ], [ -79.286483116460488, -1.652060473705339 ], [ -79.286470131124943, -1.652083494489959 ] ], [ [ -79.286441695623807, -1.652127268604034 ], [ -79.286425567529037, -1.652147385610024 ], [ -79.286456422052979, -1.652105850877188 ], [ -79.286441695623807, -1.652127268604034 ] ], [ [ -79.286391522969978, -1.652180363635964 ], [ -79.286372870617654, -1.652195205376075 ], [ -79.286409176021124, -1.652164486489132 ], [ -79.286391522969978, -1.652180363635964 ] ], [ [ -79.286333243485657, -1.652222135906175 ], [ -79.286312443956604, -1.652234206761878 ], [ -79.286353404890733, -1.6522091194846 ], [ -79.286333243485657, -1.652222135906175 ] ], [ [ -79.286140983504808, -1.652297663050744 ], [ -79.286089592840085, -1.652312376885987 ], [ -79.286192067402268, -1.652282286986957 ], [ -79.286140983504808, -1.652297663050744 ] ], [ [ -79.28578702183728, -1.652397399377802 ], [ -79.285687251686639, -1.652422842499149 ], [ -79.285662138202355, -1.652428132644802 ], [ -79.28578702183728, -1.652397399377802 ] ], [ [ -79.28394042212048, -1.651996106171789 ], [ -79.283915670567112, -1.651987025220859 ], [ -79.283959986879125, -1.652002972321686 ], [ -79.28394042212048, -1.651996106171789 ] ], [ [ -79.282725985273771, -1.651631795788952 ], [ -79.282680751553457, -1.651625196202376 ], [ -79.282816636758383, -1.651644337787045 ], [ -79.282725985273771, -1.651631795788952 ] ], [ [ -79.28236453615979, -1.651561684583565 ], [ -79.282286674059563, -1.651547457094918 ], [ -79.28223554266944, -1.651540820164043 ], [ -79.28236453615979, -1.651561684583565 ] ], [ [ -79.281955916946742, -1.651502735864863 ], [ -79.281936584582695, -1.651496697709968 ], [ -79.281976035928068, -1.651508118437048 ], [ -79.281955916946742, -1.651502735864863 ] ], [ [ -79.281237805838757, -1.651128718588834 ], [ -79.281229768182129, -1.651103883634868 ], [ -79.281246506272709, -1.651152994348856 ], [ -79.281237805838757, -1.651128718588834 ] ], [ [ -79.281177251341319, -1.650764375386666 ], [ -79.281178856130751, -1.650740523673966 ], [ -79.281176202799244, -1.650788238435009 ], [ -79.281177251341319, -1.650764375386666 ] ], [ [ -79.281183649916727, -1.650692927431282 ], [ -79.281184094860734, -1.650689682964742 ], [ -79.281178856130751, -1.650740523673966 ], [ -79.281183649916727, -1.650692927431282 ] ], [ [ -79.281006429319334, -1.649497969275564 ], [ -79.280991998670217, -1.649449139114371 ], [ -79.281027144252675, -1.649571796539859 ], [ -79.281006429319334, -1.649497969275564 ] ], [ [ -79.280958335601937, -1.649353975049638 ], [ -79.280955037696529, -1.649346286269852 ], [ -79.280967490607722, -1.649377377626819 ], [ -79.280958335601937, -1.649353975049638 ] ], [ [ -79.279685965378803, -1.648493616552799 ], [ -79.27966300190613, -1.648475181235425 ], [ -79.279704997253049, -1.648509736220092 ], [ -79.279685965378803, -1.648493616552799 ] ], [ [ -79.278486057779347, -1.647592982690574 ], [ -79.27844301438337, -1.647564292088485 ], [ -79.278603561433385, -1.647673817458047 ], [ -79.278486057779347, -1.647592982690574 ] ], [ [ -79.278258519808901, -1.647475470048631 ], [ -79.278233424166288, -1.647468535652719 ], [ -79.278283345334899, -1.647483017333934 ], [ -79.278258519808901, -1.647475470048631 ] ], [ [ -79.277702980279628, -1.64744010205835 ], [ -79.277678127944228, -1.647448083609112 ], [ -79.277753027780918, -1.647425707332431 ], [ -79.277702980279628, -1.64744010205835 ] ], [ [ -79.277678127944228, -1.647448083609112 ], [ -79.27763033720521, -1.647465281857094 ], [ -79.277607379143404, -1.64747436831617 ], [ -79.277678127944228, -1.647448083609112 ] ], [ [ -79.276789730713389, -1.647818085065621 ], [ -79.276401575877784, -1.647972858393263 ], [ -79.277025639096166, -1.647721437630868 ], [ -79.276789730713389, -1.647818085065621 ] ], [ [ -79.276279447192067, -1.648022617625643 ], [ -79.276205439393024, -1.648053723909403 ], [ -79.276401575877784, -1.647972858393263 ], [ -79.276279447192067, -1.648022617625643 ] ], [ [ -79.276131794874459, -1.648085605500073 ], [ -79.27606909864727, -1.648114688716222 ], [ -79.276205439393024, -1.648053723909403 ], [ -79.276131794874459, -1.648085605500073 ] ], [ [ -79.275543596345329, -1.648403687611363 ], [ -79.275521165731391, -1.648414922225464 ], [ -79.275610108654035, -1.648368378836901 ], [ -79.275543596345329, -1.648403687611363 ] ], [ [ -79.275474505872424, -1.648436884374085 ], [ -79.275403692588625, -1.648468140785486 ], [ -79.275521165731391, -1.648414922225464 ], [ -79.275474505872424, -1.648436884374085 ] ], [ [ -79.275213838855151, -1.648549584919115 ], [ -79.275097880043191, -1.648600562975093 ], [ -79.275403692588625, -1.648468140785486 ], [ -79.275213838855151, -1.648549584919115 ] ], [ [ -79.275051782446354, -1.648619722227878 ], [ -79.275028480412487, -1.648628571400943 ], [ -79.275097880043191, -1.648600562975093 ], [ -79.275051782446354, -1.648619722227878 ] ], [ [ -79.274631620598001, -1.64869558841248 ], [ -79.274783278068384, -1.648687976148037 ], [ -79.274758131323665, -1.648690348835716 ], [ -79.274732906891032, -1.648692149025972 ], [ -79.274682314417376, -1.648694505851634 ], [ -79.274631620598001, -1.64869558841248 ] ], [ [ -79.274482514085719, -1.648691001918024 ], [ -79.274433360733738, -1.648687676394499 ], [ -79.274529432124837, -1.648693565386291 ], [ -79.274482514085719, -1.648691001918024 ] ], [ [ -79.274384246499622, -1.648683799274074 ], [ -79.274349142638826, -1.648680405407674 ], [ -79.274433360733738, -1.648687676394499 ], [ -79.274384246499622, -1.648683799274074 ] ], [ [ -79.273796807671985, -1.648617684437323 ], [ -79.27377389773757, -1.64861368728721 ], [ -79.273820134452521, -1.648620778544061 ], [ -79.273796807671985, -1.648617684437323 ] ], [ [ -79.273575321238454, -1.648537428895706 ], [ -79.27355920816855, -1.648528521725094 ], [ -79.273605225196548, -1.648552974231157 ], [ -79.273575321238454, -1.648537428895706 ] ], [ [ -79.27320387346623, -1.648334160188988 ], [ -79.273180697334539, -1.648329367010784 ], [ -79.273226731052858, -1.648340494034843 ], [ -79.27320387346623, -1.648334160188988 ] ], [ [ -79.273069573712775, -1.648327689296967 ], [ -79.273045129111651, -1.64833181694128 ], [ -79.273091803363414, -1.648325436164254 ], [ -79.273069573712775, -1.648327689296967 ] ], [ [ -79.272927278012929, -1.648373249077353 ], [ -79.272882696488324, -1.648398620392668 ], [ -79.272860952935247, -1.64841241656859 ], [ -79.272927278012929, -1.648373249077353 ] ], [ [ -79.272777858745528, -1.648473134513781 ], [ -79.272740410965028, -1.648507433978323 ], [ -79.272723090238657, -1.648525686837349 ], [ -79.272777858745528, -1.648473134513781 ] ], [ [ -79.272706518388034, -1.648544617678367 ], [ -79.272675729285567, -1.648584356050734 ], [ -79.272667983434829, -1.648595913279942 ], [ -79.272706518388034, -1.648544617678367 ] ], [ [ -79.272648196140111, -1.648628021972283 ], [ -79.272635633696339, -1.648651464300249 ], [ -79.272656092496419, -1.648614732810294 ], [ -79.272648196140111, -1.648628021972283 ] ], [ [ -79.272534293078849, -1.648870181899982 ], [ -79.272568651116018, -1.648797617466306 ], [ -79.27254616669039, -1.648846257880635 ], [ -79.272534293078849, -1.648870181899982 ] ], [ [ -79.272419441024169, -1.649032100584843 ], [ -79.272401035960797, -1.649048936335661 ], [ -79.272436386499336, -1.649014462339534 ], [ -79.272419441024169, -1.649032100584843 ] ], [ [ -79.27236168853608, -1.649080008439752 ], [ -79.272320320083608, -1.649108996149258 ], [ -79.272371629260874, -1.649072465830606 ], [ -79.27236168853608, -1.649080008439752 ] ], [ [ -79.272249998171105, -1.649154690602092 ], [ -79.272171245831146, -1.649203655740429 ], [ -79.272129929607772, -1.649228348011603 ], [ -79.272249998171105, -1.649154690602092 ] ], [ [ -79.272088269832437, -1.649252315628053 ], [ -79.272046037784477, -1.649275059210589 ], [ -79.272129929607772, -1.649228348011603 ], [ -79.272088269832437, -1.649252315628053 ] ], [ [ -79.272046037784477, -1.649275059210589 ], [ -79.272000272213518, -1.649296870976988 ], [ -79.271950841261059, -1.649317472284074 ], [ -79.272046037784477, -1.649275059210589 ] ], [ [ -79.271875616203275, -1.649346082227743 ], [ -79.271800879898663, -1.649373292129566 ], [ -79.271950841261059, -1.649317472284074 ], [ -79.271875616203275, -1.649346082227743 ] ], [ [ -79.271480009506064, -1.649507796076632 ], [ -79.271433903666235, -1.649533408335366 ], [ -79.271503456427268, -1.649495567692782 ], [ -79.271480009506064, -1.649507796076632 ] ], [ [ -79.271349141092827, -1.649592573774438 ], [ -79.271330604876596, -1.64960934427522 ], [ -79.271368401694374, -1.649576743484566 ], [ -79.271349141092827, -1.649592573774438 ] ], [ [ -79.271277805872714, -1.649663219403829 ], [ -79.271269691356366, -1.649672166431807 ], [ -79.271312617117417, -1.649626818808196 ], [ -79.271277805872714, -1.649663219403829 ] ], [ [ -79.271122156930375, -1.649863271293916 ], [ -79.271038923062278, -1.649991975843018 ], [ -79.271150552646134, -1.649820847819248 ], [ -79.271122156930375, -1.649863271293916 ] ], [ [ -79.271038923062278, -1.649991975843018 ], [ -79.270981775950247, -1.6500765981972 ], [ -79.270907791418693, -1.650180653901796 ], [ -79.271038923062278, -1.649991975843018 ] ], [ [ -79.270596636655597, -1.650647788585783 ], [ -79.270746111200779, -1.650430100129546 ], [ -79.270718458704096, -1.650472438320862 ], [ -79.270688417045136, -1.650516501651289 ], [ -79.270596636655597, -1.650647788585783 ] ], [ [ -79.270500567078983, -1.650791541273666 ], [ -79.270471837498789, -1.650829266528877 ], [ -79.270456145305886, -1.650847228658007 ], [ -79.270500567078983, -1.650791541273666 ] ], [ [ -79.270291867375647, -1.650966165453077 ], [ -79.270344602384412, -1.650940791252633 ], [ -79.270323061656924, -1.650952776198089 ], [ -79.270302427174613, -1.650962193697566 ], [ -79.270291867375647, -1.650966165453077 ] ], [ [ -79.270237291025182, -1.650982498099839 ], [ -79.27021486184573, -1.6509868643622 ], [ -79.270259416603352, -1.650976934265558 ], [ -79.270237291025182, -1.650982498099839 ] ], [ [ -79.27016812158476, -1.65099162893682 ], [ -79.270143890445752, -1.650992068917358 ], [ -79.270192181281217, -1.650989922772609 ], [ -79.27016812158476, -1.65099162893682 ] ], [ [ -79.26975452926078, -1.650930103791213 ], [ -79.269735252983978, -1.650924680856229 ], [ -79.269794984794828, -1.650940148228298 ], [ -79.26975452926078, -1.650930103791213 ] ], [ [ -79.269581696169865, -1.650875872017656 ], [ -79.269507202809805, -1.650849148642735 ], [ -79.269617901362281, -1.650888053519135 ], [ -79.269581696169865, -1.650875872017656 ] ], [ [ -79.26863582104842, -1.650415716922776 ], [ -79.268598925466463, -1.650381924042491 ], [ -79.268673985065476, -1.650448974659832 ], [ -79.26863582104842, -1.650415716922776 ] ], [ [ -79.268472003733436, -1.650265310763583 ], [ -79.268454878017749, -1.650251317861509 ], [ -79.268508871803036, -1.650297660340961 ], [ -79.268472003733436, -1.650265310763583 ] ], [ [ -79.267697101257056, -1.649888496465083 ], [ -79.267631937810094, -1.649842856801963 ], [ -79.267740396811348, -1.649917156665012 ], [ -79.267697101257056, -1.649888496465083 ] ], [ [ -79.26716980750237, -1.649461662154583 ], [ -79.26716207766961, -1.649452454100694 ], [ -79.267185854251636, -1.649479448582095 ], [ -79.26716980750237, -1.649461662154583 ] ], [ [ -79.266759080294904, -1.647861587074578 ], [ -79.266734532940831, -1.647815595172645 ], [ -79.266780015642567, -1.647901673153748 ], [ -79.266759080294904, -1.647861587074578 ] ], [ [ -79.26582855503753, -1.646995849025943 ], [ -79.265804278232295, -1.646992063135227 ], [ -79.265838996910006, -1.646998129204501 ], [ -79.26582855503753, -1.646995849025943 ] ], [ [ -79.265626052721274, -1.64699237458209 ], [ -79.265616421372101, -1.646993684878536 ], [ -79.26564550804008, -1.646990313522582 ], [ -79.265626052721274, -1.64699237458209 ] ], [ [ -79.265589744124497, -1.646997850395287 ], [ -79.265563029622797, -1.647003227140288 ], [ -79.265538831742646, -1.647008975427205 ], [ -79.265589744124497, -1.646997850395287 ] ], [ [ -79.264917691776404, -1.647142999417451 ], [ -79.264838399336242, -1.64715243239464 ], [ -79.264994222394762, -1.647131877483863 ], [ -79.264917691776404, -1.647142999417451 ] ], [ [ -79.264126109992262, -1.647214548896458 ], [ -79.263658230986735, -1.647233955636884 ], [ -79.264204057468319, -1.647210989150723 ], [ -79.264126109992262, -1.647214548896458 ] ], [ [ -79.263580250003386, -1.647237837262782 ], [ -79.263365008682356, -1.647250232819462 ], [ -79.263658230986735, -1.647233955636884 ], [ -79.263580250003386, -1.647237837262782 ] ], [ [ -79.263311218719295, -1.647252127186547 ], [ -79.263284346776956, -1.647252412889771 ], [ -79.263365008682356, -1.647250232819462 ], [ -79.263311218719295, -1.647252127186547 ] ], [ [ -79.262465426343283, -1.646990320226574 ], [ -79.262445358442235, -1.646984426569541 ], [ -79.262488988889032, -1.646998024786089 ], [ -79.262465426343283, -1.646990320226574 ] ], [ [ -79.261285530160393, -1.646971093647672 ], [ -79.261232232141154, -1.64697468125534 ], [ -79.261289070803173, -1.646970789006814 ], [ -79.261285530160393, -1.646971093647672 ] ], [ [ -79.261098303042587, -1.646980254453063 ], [ -79.26067881247819, -1.646993247171173 ], [ -79.261178685160402, -1.646977282045826 ], [ -79.261098303042587, -1.646980254453063 ] ], [ [ -79.260444450483874, -1.647009815269217 ], [ -79.260393866011214, -1.647017925854737 ], [ -79.260469818044996, -1.647006462686797 ], [ -79.260444450483874, -1.647009815269217 ] ], [ [ -79.260343407228376, -1.647027209432212 ], [ -79.260267949671601, -1.647042552495303 ], [ -79.260393866011214, -1.647017925854737 ], [ -79.260343407228376, -1.647027209432212 ] ], [ [ -79.260217985118004, -1.647053928159229 ], [ -79.260193218907531, -1.64706019583961 ], [ -79.260267949671601, -1.647042552495303 ], [ -79.260217985118004, -1.647053928159229 ] ], [ [ -79.260170135713196, -1.64706659340947 ], [ -79.260147298281282, -1.64707352292594 ], [ -79.260193218907531, -1.64706019583961 ], [ -79.260170135713196, -1.64706659340947 ] ], [ [ -79.259932790764594, -1.647221425169442 ], [ -79.259868637537352, -1.647299361438755 ], [ -79.259837530765012, -1.647340659007083 ], [ -79.259932790764594, -1.647221425169442 ] ], [ [ -79.259745847000076, -1.647469541282809 ], [ -79.259730212426589, -1.647490544479421 ], [ -79.259837530765012, -1.647340659007083 ], [ -79.259745847000076, -1.647469541282809 ] ], [ [ -79.259714190928534, -1.647511105130548 ], [ -79.259680256400685, -1.647550064385314 ], [ -79.259661828970621, -1.647567872025864 ], [ -79.259714190928534, -1.647511105130548 ] ], [ [ -79.259373090338514, -1.647716756032961 ], [ -79.259323016218076, -1.647722879355374 ], [ -79.259297549311015, -1.647723703389308 ], [ -79.259373090338514, -1.647716756032961 ] ], [ [ -79.258213366673345, -1.647527455351885 ], [ -79.258161871406358, -1.647519617659674 ], [ -79.258315981374807, -1.647545447679592 ], [ -79.258213366673345, -1.647527455351885 ] ], [ [ -79.25798264500196, -1.647511197338505 ], [ -79.257931452978923, -1.64751220761479 ], [ -79.25803377523151, -1.647510979176416 ], [ -79.25798264500196, -1.647511197338505 ] ], [ [ -79.257433967704188, -1.647541664247522 ], [ -79.2573856630422, -1.647548806417951 ], [ -79.25748271657217, -1.647536263250466 ], [ -79.257433967704188, -1.647541664247522 ] ], [ [ -79.257338156671338, -1.647558692945768 ], [ -79.25731488107661, -1.647565220516671 ], [ -79.257361779037453, -1.647553312336246 ], [ -79.257338156671338, -1.647558692945768 ] ], [ [ -79.257245707030592, -1.647592687517157 ], [ -79.257200686585605, -1.647614604365505 ], [ -79.257259824635526, -1.647586410811995 ], [ -79.257245707030592, -1.647592687517157 ] ], [ [ -79.256224625721472, -1.648064562352489 ], [ -79.256179975377648, -1.648090759545157 ], [ -79.256292877530797, -1.648027049612376 ], [ -79.256224625721472, -1.648064562352489 ] ], [ [ -79.255949146048081, -1.648399783321446 ], [ -79.255940062261217, -1.648438639137773 ], [ -79.25595580810031, -1.64837438462003 ], [ -79.255949146048081, -1.648399783321446 ] ], [ [ -79.255754329275987, -1.649270960426055 ], [ -79.255738432613597, -1.64934727224983 ], [ -79.255863074094293, -1.648787666822041 ], [ -79.255754329275987, -1.649270960426055 ] ], [ [ -79.255733588356662, -1.649372793723796 ], [ -79.255726103953776, -1.649416663800759 ], [ -79.255738432613597, -1.64934727224983 ], [ -79.255733588356662, -1.649372793723796 ] ], [ [ -79.255686354081959, -1.649691310694875 ], [ -79.255675743662692, -1.649771121400264 ], [ -79.255708659441794, -1.649531813222836 ], [ -79.255686354081959, -1.649691310694875 ] ], [ [ -79.255675743662692, -1.649771121400264 ], [ -79.25566144514822, -1.649904709526723 ], [ -79.255657271840946, -1.649958436783776 ], [ -79.255675743662692, -1.649771121400264 ] ], [ [ -79.255639364172396, -1.650227397607976 ], [ -79.255633336946815, -1.650307980105645 ], [ -79.255657271840946, -1.649958436783776 ], [ -79.255639364172396, -1.650227397607976 ] ], [ [ -79.255511308162227, -1.650834510075518 ], [ -79.255479539369148, -1.650932011939831 ], [ -79.255541750017088, -1.650736617281415 ], [ -79.255511308162227, -1.650834510075518 ] ], [ [ -79.255377630047747, -1.651159362121181 ], [ -79.255403458636025, -1.65111784851798 ], [ -79.255391166698729, -1.651139054403385 ], [ -79.255377630047747, -1.651159362121181 ] ], [ [ -79.255344668199584, -1.651198768728294 ], [ -79.255326557297636, -1.651217290929103 ], [ -79.255361813687117, -1.651179547552912 ], [ -79.255344668199584, -1.651198768728294 ] ], [ [ -79.254967486329193, -1.651495901213629 ], [ -79.255011770967172, -1.651473909733512 ], [ -79.254989919790759, -1.651485434747817 ], [ -79.254967486329193, -1.651495901213629 ] ], [ [ -79.254944618625444, -1.651505573317973 ], [ -79.254898005806552, -1.651523260972746 ], [ -79.254967486329193, -1.651495901213629 ], [ -79.254944618625444, -1.651505573317973 ] ], [ [ -79.254681850835553, -1.651583252160492 ], [ -79.254632956060746, -1.651591038394315 ], [ -79.254706169791319, -1.65157876209016 ], [ -79.254681850835553, -1.651583252160492 ] ], [ [ -79.253982965092931, -1.651625159164818 ], [ -79.253982432554608, -1.651625163486935 ], [ -79.254194943972976, -1.651625011078631 ], [ -79.253982965092931, -1.651625159164818 ] ], [ [ -79.253375615654377, -1.651633869468998 ], [ -79.253268963352269, -1.651635679594672 ], [ -79.253217306850289, -1.651637613418406 ], [ -79.253375615654377, -1.651633869468998 ] ], [ [ -79.253217306850289, -1.651637613418406 ], [ -79.25306242537269, -1.651645523789093 ], [ -79.252985119053577, -1.651650940891113 ], [ -79.253217306850289, -1.651637613418406 ] ], [ [ -79.25262123073783, -1.65170514195577 ], [ -79.252595156810983, -1.65170857602587 ], [ -79.252673311219738, -1.651697217531167 ], [ -79.25262123073783, -1.65170514195577 ] ], [ [ -79.252595156810983, -1.65170857602587 ], [ -79.252542891963543, -1.651713585722684 ], [ -79.252516523440818, -1.651714788620356 ], [ -79.252595156810983, -1.65170857602587 ] ], [ [ -79.252490109761908, -1.651715221013294 ], [ -79.252490109761894, -1.651715221013294 ], [ -79.252516523440818, -1.651714788620356 ], [ -79.252490109761908, -1.651715221013294 ] ], [ [ -79.252226102172813, -1.651700263535453 ], [ -79.25220302292017, -1.651696814202438 ], [ -79.252249890380284, -1.651703071362833 ], [ -79.252226102172813, -1.651700263535453 ] ], [ [ -79.25147867135253, -1.651518546442929 ], [ -79.251373907808741, -1.651525797509869 ], [ -79.251321573002258, -1.65153069588529 ], [ -79.25147867135253, -1.651518546442929 ] ], [ [ -79.250780634049676, -1.651587300781185 ], [ -79.250568739852682, -1.651598953083775 ], [ -79.250489358688213, -1.651604392660688 ], [ -79.250568739852667, -1.651598953083775 ], [ -79.250780634049661, -1.651587300781185 ], [ -79.250859994667366, -1.651581734570748 ], [ -79.250780634049676, -1.651587300781185 ] ], [ [ -79.250206114523579, -1.651633637258793 ], [ -79.250128893950915, -1.651640804137084 ], [ -79.250412040177451, -1.651611535049514 ], [ -79.250206114523579, -1.651633637258793 ] ], [ [ -79.247759773440322, -1.651307882036559 ], [ -79.247734178727484, -1.651307004768253 ], [ -79.247784822398756, -1.651309408666024 ], [ -79.247759773440322, -1.651307882036559 ] ], [ [ -79.247113164701346, -1.651321340299671 ], [ -79.24729767469546, -1.651318990992477 ], [ -79.247246277035671, -1.651320046818329 ], [ -79.247113164701346, -1.651321340299671 ] ], [ [ -79.247060056761072, -1.651322631528834 ], [ -79.246980887479964, -1.651328462715247 ], [ -79.246951558615351, -1.651332843146368 ], [ -79.247060056761072, -1.651322631528834 ] ], [ [ -79.246877557571096, -1.651347920121731 ], [ -79.246673253089796, -1.651402170281499 ], [ -79.246613086018428, -1.651421790304186 ], [ -79.246877557571096, -1.651347920121731 ] ], [ [ -79.246193107736133, -1.651568832907106 ], [ -79.24594865793334, -1.651630589137382 ], [ -79.245821793935292, -1.651660402372949 ], [ -79.246193107736133, -1.651568832907106 ] ], [ [ -79.245275303427448, -1.651772728854803 ], [ -79.245222706968221, -1.65178309238629 ], [ -79.245538518817156, -1.651722575282105 ], [ -79.245275303427448, -1.651772728854803 ] ], [ [ -79.244861124189342, -1.651908734200512 ], [ -79.244818360985136, -1.65193692201514 ], [ -79.244797501676587, -1.651951818045375 ], [ -79.244861124189342, -1.651908734200512 ] ], [ [ -79.244797501676587, -1.651951818045375 ], [ -79.244757130309623, -1.651983410853284 ], [ -79.244719678536555, -1.65201708252087 ], [ -79.244797501676587, -1.651951818045375 ] ], [ [ -79.244719678536555, -1.65201708252087 ], [ -79.244666008066659, -1.652070618930009 ], [ -79.24459766725991, -1.652143908887337 ], [ -79.244719678536555, -1.65201708252087 ] ], [ [ -79.24453139983116, -1.652221129812643 ], [ -79.244500903057684, -1.652260289500703 ], [ -79.244563362649572, -1.652182544750797 ], [ -79.24453139983116, -1.652221129812643 ] ], [ [ -79.244500903057684, -1.652260289500703 ], [ -79.244380489226714, -1.652418189320276 ], [ -79.244347667446348, -1.65245764987095 ], [ -79.244500903057684, -1.652260289500703 ] ], [ [ -79.244297039342143, -1.652515670648231 ], [ -79.244280436789992, -1.652534133836114 ], [ -79.244347667446348, -1.65245764987095 ], [ -79.244297039342143, -1.652515670648231 ] ], [ [ -79.243962328085317, -1.652872421670025 ], [ -79.244174514944888, -1.65264761612735 ], [ -79.244047859174373, -1.652776938157326 ], [ -79.243962328085317, -1.652872421670025 ] ], [ [ -79.243929537772445, -1.652912774897882 ], [ -79.243787213201529, -1.653094685868429 ], [ -79.243961925906149, -1.65287289348732 ], [ -79.243929537772445, -1.652912774897882 ] ], [ [ -79.24373917890837, -1.653154267912475 ], [ -79.243730942292061, -1.653163972846469 ], [ -79.243787213201529, -1.653094685868429 ], [ -79.24373917890837, -1.653154267912475 ] ], [ [ -79.243705956473477, -1.65319252445011 ], [ -79.243688653642053, -1.65321077131761 ], [ -79.243714183426619, -1.653183266091923 ], [ -79.243705956473477, -1.65319252445011 ] ], [ [ -79.243631039105011, -1.653259141493308 ], [ -79.243623501478055, -1.65326385077516 ], [ -79.2436517043691, -1.65324420192061 ], [ -79.243631039105011, -1.653259141493308 ] ], [ [ -79.243570728886397, -1.653293111753533 ], [ -79.243540372826374, -1.653306971309534 ], [ -79.243516458475341, -1.653316424332275 ], [ -79.243570728886397, -1.653293111753533 ] ], [ [ -79.243492167748215, -1.653324688773759 ], [ -79.243445253332851, -1.653335999540019 ], [ -79.243422775923619, -1.653339269356454 ], [ -79.243492167748215, -1.653324688773759 ] ], [ [ -79.242807566597676, -1.653131167398765 ], [ -79.242764784049896, -1.653105710433668 ], [ -79.242851285852154, -1.653155214496216 ], [ -79.242807566597676, -1.653131167398765 ] ], [ [ -79.241542021062799, -1.651711560891538 ], [ -79.241524626512685, -1.651694140424276 ], [ -79.241550592982264, -1.651721019943349 ], [ -79.241542021062799, -1.651711560891538 ] ], [ [ -79.240479465061583, -1.651385557391678 ], [ -79.240715557827329, -1.651270883328438 ], [ -79.240715557827329, -1.651270883328442 ], [ -79.240479465061583, -1.651385557391678 ] ], [ [ -79.238271190084461, -1.649883559535376 ], [ -79.238245868665445, -1.649876599225809 ], [ -79.23829624286617, -1.649891485391398 ], [ -79.238271190084461, -1.649883559535376 ] ], [ [ -79.238050324844608, -1.649859349169256 ], [ -79.238028289355825, -1.649862961173873 ], [ -79.238072553333353, -1.649856988879111 ], [ -79.238050324844608, -1.649859349169256 ] ], [ [ -79.237871911558173, -1.649926649562034 ], [ -79.237858001819248, -1.649934850960454 ], [ -79.237893680213048, -1.649914806439855 ], [ -79.237871911558173, -1.649926649562034 ] ], [ [ -79.23749785247108, -1.650142591481047 ], [ -79.237545281611645, -1.650119001866802 ], [ -79.237521660768891, -1.650130998867402 ], [ -79.23749785247108, -1.650142591481047 ] ], [ [ -79.236709842417781, -1.650475964424254 ], [ -79.236633681214371, -1.650497140121821 ], [ -79.236785553681742, -1.650453466243745 ], [ -79.236709842417781, -1.650475964424254 ] ], [ [ -79.236557167108771, -1.650517008796144 ], [ -79.236508975881108, -1.650528428610673 ], [ -79.236633681214371, -1.650497140121821 ], [ -79.236557167108771, -1.650517008796144 ] ], [ [ -79.236162711314165, -1.650604319818388 ], [ -79.236085474435427, -1.65062044495121 ], [ -79.236436462067147, -1.650544621278895 ], [ -79.236162711314165, -1.650604319818388 ] ], [ [ -79.235831200880753, -1.650657103151012 ], [ -79.235780182758305, -1.650662244623621 ], [ -79.235882001188259, -1.650651340233143 ], [ -79.235831200880753, -1.650657103151012 ] ], [ [ -79.235600953056263, -1.650678153871191 ], [ -79.235547478587549, -1.650683968114818 ], [ -79.235780182758305, -1.650662244623621 ], [ -79.235600953056263, -1.650678153871191 ] ], [ [ -79.235499298431478, -1.650690819048114 ], [ -79.235423349434541, -1.650707798043677 ], [ -79.235373071239849, -1.650722723705666 ], [ -79.235499298431478, -1.650690819048114 ] ], [ [ -79.235348089724511, -1.650730838219436 ], [ -79.235336825150924, -1.650734763331238 ], [ -79.235373071239849, -1.650722723705666 ], [ -79.235348089724511, -1.650730838219436 ] ], [ [ -79.235261177399281, -1.650762441024049 ], [ -79.235200177786169, -1.650787454989263 ], [ -79.235132933324195, -1.650817350200199 ], [ -79.235261177399281, -1.650762441024049 ] ], [ [ -79.234986925003341, -1.650891639735983 ], [ -79.234828517756824, -1.65098329925671 ], [ -79.235032685946848, -1.650866417399598 ], [ -79.234986925003341, -1.650891639735983 ] ], [ [ -79.234737234792377, -1.651033863486382 ], [ -79.234714017645985, -1.651045616625247 ], [ -79.234751450587794, -1.651026180500887 ], [ -79.234737234792377, -1.651033863486382 ] ], [ [ -79.234470759964694, -1.651137164539526 ], [ -79.234599309750521, -1.651092889084033 ], [ -79.234552898010662, -1.65110916827163 ], [ -79.234470759964694, -1.651137164539526 ] ], [ [ -79.234197501399393, -1.651238526996248 ], [ -79.23416723460636, -1.651252229452505 ], [ -79.234222073550413, -1.651227915392731 ], [ -79.234197501399393, -1.651238526996248 ] ], [ [ -79.234051970908013, -1.651308292368213 ], [ -79.234008377900892, -1.651329882207606 ], [ -79.233985200786222, -1.651340059184508 ], [ -79.234051970908013, -1.651308292368213 ] ], [ [ -79.233965290626045, -1.651347652807136 ], [ -79.233945072126957, -1.651354357234771 ], [ -79.233985200786222, -1.651340059184508 ], [ -79.233965290626045, -1.651347652807136 ] ], [ [ -79.23388295722242, -1.651369444060641 ], [ -79.23385747442849, -1.651373322388905 ], [ -79.23390387890278, -1.651365267758606 ], [ -79.23388295722242, -1.651369444060641 ] ], [ [ -79.233636839377979, -1.651394213165698 ], [ -79.233627747776339, -1.651394931213474 ], [ -79.233650681627779, -1.651392940248762 ], [ -79.233636839377979, -1.651394213165698 ] ], [ [ -79.233342963006081, -1.651428929223536 ], [ -79.23331713376507, -1.651435391698334 ], [ -79.233369163517679, -1.651423323444469 ], [ -79.233342963006081, -1.651428929223536 ] ], [ [ -79.233266012586753, -1.651450429552129 ], [ -79.233215538333582, -1.651467591258996 ], [ -79.233291491669419, -1.651442607614905 ], [ -79.233266012586753, -1.651450429552129 ] ], [ [ -79.233071633283245, -1.651534463281614 ], [ -79.232981432814626, -1.651588461917548 ], [ -79.232958432629161, -1.651600787628141 ], [ -79.232952235480141, -1.651603756525727 ], [ -79.233071633283245, -1.651534463281614 ] ], [ [ -79.232752405238571, -1.65164643546272 ], [ -79.232740917565351, -1.651645936796346 ], [ -79.232775855257358, -1.651646734065874 ], [ -79.232752405238571, -1.65164643546272 ] ], [ [ -79.232065909276955, -1.651571454807987 ], [ -79.231986418773076, -1.651574354240102 ], [ -79.232092022805674, -1.651571259548994 ], [ -79.232065909276955, -1.651571454807987 ] ], [ [ -79.23193348583834, -1.651577386865063 ], [ -79.23190708639423, -1.651579325540767 ], [ -79.231986418773076, -1.651574354240102 ], [ -79.23193348583834, -1.651577386865063 ] ], [ [ -79.231802704527936, -1.651593087628127 ], [ -79.231777206309246, -1.651599190463702 ], [ -79.231828517896687, -1.651588299913142 ], [ -79.231802704527936, -1.651593087628127 ] ], [ [ -79.231701945037386, -1.651623050608754 ], [ -79.23162799239887, -1.651651710991937 ], [ -79.231579592983564, -1.651673037848785 ], [ -79.231701945037386, -1.651623050608754 ] ], [ [ -79.23150903226103, -1.65171023143534 ], [ -79.231486048910511, -1.6517238511725 ], [ -79.23153226858814, -1.65169710114545 ], [ -79.23150903226103, -1.65171023143534 ] ], [ [ -79.231463267414668, -1.651737848179033 ], [ -79.231418214051843, -1.651766728851541 ], [ -79.231486048910511, -1.6517238511725 ], [ -79.231463267414668, -1.651737848179033 ] ], [ [ -79.231273486265138, -1.651870795197799 ], [ -79.231214274620129, -1.651916600538416 ], [ -79.231298491509875, -1.651851906876386 ], [ -79.231273486265138, -1.651870795197799 ] ], [ [ -79.230886162750764, -1.652206562991789 ], [ -79.230866347780363, -1.652223377695331 ], [ -79.230911707699292, -1.652183803626283 ], [ -79.230886162750764, -1.652206562991789 ] ], [ [ -79.23062386930124, -1.652419184803464 ], [ -79.230568225423255, -1.65246753653306 ], [ -79.230529562180152, -1.652502411091691 ], [ -79.23062386930124, -1.652419184803464 ] ], [ [ -79.2304734800679, -1.652556694184459 ], [ -79.230455436064815, -1.652575762146648 ], [ -79.230481951781172, -1.652548168285902 ], [ -79.2304734800679, -1.652556694184459 ] ], [ [ -79.230219357909192, -1.652765812192911 ], [ -79.23019587785538, -1.652774083475394 ], [ -79.230242366477796, -1.652756201233498 ], [ -79.230219357909192, -1.652765812192911 ] ], [ [ -79.230171919375024, -1.652780735649165 ], [ -79.230149159736172, -1.652785258390319 ], [ -79.23019587785538, -1.652774083475394 ], [ -79.230171919375024, -1.652780735649165 ] ], [ [ -79.230126059814907, -1.652788436146684 ], [ -79.230102711888236, -1.652790585502526 ], [ -79.230149159736172, -1.652785258390319 ], [ -79.230126059814907, -1.652788436146684 ] ], [ [ -79.229342064016734, -1.652585609647926 ], [ -79.229306336395325, -1.652571936168597 ], [ -79.229389526804482, -1.652603131243668 ], [ -79.229342064016734, -1.652585609647926 ] ], [ [ -79.228534470375635, -1.652136147687062 ], [ -79.228467054363662, -1.652091733614932 ], [ -79.228769431233829, -1.652293121589909 ], [ -79.228534470375635, -1.652136147687062 ] ], [ [ -79.227966551428594, -1.65181202372484 ], [ -79.227918218262559, -1.651790087513125 ], [ -79.228014701806416, -1.651834379362513 ], [ -79.227966551428594, -1.65181202372484 ] ], [ [ -79.225808350649274, -1.651001245382738 ], [ -79.225728509950557, -1.651004167774366 ], [ -79.225941636415413, -1.650998216349795 ], [ -79.225808350649274, -1.651001245382738 ] ], [ [ -79.225533308106534, -1.65102736376578 ], [ -79.225487398688216, -1.651036730737342 ], [ -79.225579430282565, -1.651019251230986 ], [ -79.225533308106534, -1.65102736376578 ] ], [ [ -79.224833678405872, -1.651255254065686 ], [ -79.224157154840256, -1.651376817844902 ], [ -79.224110465185021, -1.65139356214533 ], [ -79.224157154840256, -1.651376817844901 ], [ -79.224833678405858, -1.651255254065686 ], [ -79.225412356707935, -1.651054715623699 ], [ -79.224833678405872, -1.651255254065686 ] ], [ [ -79.224012089836805, -1.651420706291392 ], [ -79.223961646293688, -1.651431816215089 ], [ -79.224062121234525, -1.651408227808905 ], [ -79.224012089836805, -1.651420706291392 ] ], [ [ -79.22383502043607, -1.651457906768742 ], [ -79.223784524881452, -1.6514688981774 ], [ -79.223961646293688, -1.651431816215089 ], [ -79.22383502043607, -1.651457906768742 ] ], [ [ -79.223734376910784, -1.651481103449858 ], [ -79.223709522403851, -1.651487973570135 ], [ -79.223784524881452, -1.6514688981774 ], [ -79.223734376910784, -1.651481103449858 ] ], [ [ -79.223634209296534, -1.651512794517605 ], [ -79.223584512375993, -1.65153113125432 ], [ -79.223684265444604, -1.65149571415622 ], [ -79.223634209296534, -1.651512794517605 ] ], [ [ -79.22343585971835, -1.651587625779631 ], [ -79.223385972073544, -1.651605198213473 ], [ -79.223584512375993, -1.65153113125432 ], [ -79.22343585971835, -1.651587625779631 ] ], [ [ -79.223335519278422, -1.651620662244377 ], [ -79.223310313810984, -1.651627088035736 ], [ -79.22336084061331, -1.65161328524713 ], [ -79.223335519278422, -1.651620662244377 ] ], [ [ -79.223182317022392, -1.651651797349901 ], [ -79.223176190810847, -1.651652777394702 ], [ -79.223233765958298, -1.651642871309468 ], [ -79.223182317022392, -1.651651797349901 ] ], [ [ -79.221698179943658, -1.651431739068106 ], [ -79.221690819252004, -1.651421966219026 ], [ -79.221706234652785, -1.65144152107427 ], [ -79.221698179943658, -1.651431739068106 ] ], [ [ -79.220839549390462, -1.650421653872676 ], [ -79.220804068606839, -1.650385358274114 ], [ -79.220893925326763, -1.650475035776062 ], [ -79.220839549390462, -1.650421653872676 ] ], [ [ -79.220707704458633, -1.650269069937259 ], [ -79.220693467277087, -1.650248418614169 ], [ -79.220714997618146, -1.650279167051641 ], [ -79.220707704458633, -1.650269069937259 ] ], [ [ -79.220577766623578, -1.650018173828838 ], [ -79.220575124369518, -1.650009478557357 ], [ -79.220580098575368, -1.650025019961344 ], [ -79.220577766623578, -1.650018173828838 ] ], [ [ -79.220426487936138, -1.649600228908435 ], [ -79.220412049896382, -1.649580107321907 ], [ -79.220433275356072, -1.649610590892458 ], [ -79.220426487936138, -1.649600228908435 ] ], [ [ -79.220188122066148, -1.649339338783091 ], [ -79.22018179914582, -1.649330384509493 ], [ -79.220204121011577, -1.649359431930354 ], [ -79.220188122066148, -1.649339338783091 ] ], [ [ -79.219763191287186, -1.648467084523831 ], [ -79.219749244721143, -1.648457853922678 ], [ -79.219783310499892, -1.648481947368334 ], [ -79.219763191287186, -1.648467084523831 ] ], [ [ -79.219521443430637, -1.64832426941164 ], [ -79.219501338257672, -1.648309792710507 ], [ -79.219542103696327, -1.648338013237315 ], [ -79.219521443430637, -1.64832426941164 ] ], [ [ -79.217967107770292, -1.647194824636263 ], [ -79.217954496331132, -1.64716695410233 ], [ -79.217979967990615, -1.647214755780062 ], [ -79.217967107770292, -1.647194824636263 ] ], [ [ -79.217928782632143, -1.647013331982287 ], [ -79.217928958621727, -1.646991239576696 ], [ -79.217928782632143, -1.64701333198229 ], [ -79.217928782632143, -1.647013331982287 ] ], [ [ -79.217908090204759, -1.643636725693609 ], [ -79.217917919567242, -1.64364739874328 ], [ -79.217917919567242, -1.643647398743284 ], [ -79.217908090204759, -1.643636725693609 ] ], [ [ -79.216412833123812, -1.642917091033271 ], [ -79.216314307423275, -1.642958680025368 ], [ -79.216096117538157, -1.643094203312032 ], [ -79.216074064123077, -1.643107226873384 ], [ -79.21603034665867, -1.643127906519535 ], [ -79.216000943057622, -1.64313542271888 ], [ -79.216314307423261, -1.642958680025368 ], [ -79.216371665949168, -1.64292961182958 ], [ -79.216412833123812, -1.642917091033271 ] ], [ [ -79.215872568856753, -1.643116795758524 ], [ -79.215819196725747, -1.643082882385884 ], [ -79.215891026880499, -1.643123785485207 ], [ -79.215872568856753, -1.643116795758524 ] ], [ [ -79.215809889074919, -1.640310434389681 ], [ -79.215826242139954, -1.64026771501002 ], [ -79.215773115756107, -1.640415678929774 ], [ -79.215809889074919, -1.640310434389681 ] ], [ [ -79.215864053815309, -1.640207290815645 ], [ -79.215942950291506, -1.640115996360657 ], [ -79.215970289480168, -1.640089506401107 ], [ -79.215864053815309, -1.640207290815645 ] ], [ [ -79.216047008361002, -1.640044100631638 ], [ -79.216266999925878, -1.639992183210915 ], [ -79.216306999529465, -1.639986995945447 ], [ -79.216047008361002, -1.640044100631638 ] ], [ [ -79.216381351654903, -1.639983514221595 ], [ -79.216558662424404, -1.640014165671827 ], [ -79.216619429703769, -1.64001601516796 ], [ -79.21655866242439, -1.640014165671827 ], [ -79.216381351654903, -1.639983514221595 ] ], [ [ -79.21631456645018, -1.6384239625585 ], [ -79.216213746799099, -1.638413922389915 ], [ -79.216358349941359, -1.638431065146445 ], [ -79.21631456645018, -1.6384239625585 ] ], [ [ -79.216093048980156, -1.63842238864606 ], [ -79.216037834288002, -1.638436716364012 ], [ -79.216152078361674, -1.638412999017756 ], [ -79.216093048980156, -1.63842238864606 ] ], [ [ -79.215776323509147, -1.638563256144905 ], [ -79.215776323509132, -1.638563256144904 ], [ -79.21579586605813, -1.638559470247565 ], [ -79.215776323509147, -1.638563256144905 ] ], [ [ -79.215650954950618, -1.638492342925869 ], [ -79.2156295938765, -1.638445095789557 ], [ -79.215659780679431, -1.638505257275071 ], [ -79.215650954950618, -1.638492342925869 ] ], [ [ -79.215619436684321, -1.637657457098358 ], [ -79.215615028064775, -1.637635204169526 ], [ -79.21561943806671, -1.637657481472549 ], [ -79.215619436684321, -1.637657457098358 ] ], [ [ -79.214663934741424, -1.63754435038253 ], [ -79.214591820268552, -1.637576791982461 ], [ -79.214806524386006, -1.63750208994426 ], [ -79.214663934741424, -1.63754435038253 ] ], [ [ -79.214426784837855, -1.637767850931846 ], [ -79.214410553458123, -1.637816513900158 ], [ -79.214436441540428, -1.637746155003632 ], [ -79.214426784837855, -1.637767850931846 ] ], [ [ -79.214343224897391, -1.638083394970833 ], [ -79.214310166782099, -1.638133548472015 ], [ -79.214297882969092, -1.638146720492549 ], [ -79.214343224897391, -1.638083394970833 ] ], [ [ -79.214210872318318, -1.638209600888827 ], [ -79.214201915951577, -1.638212894491854 ], [ -79.214256972245067, -1.638183331239887 ], [ -79.214210872318318, -1.638209600888827 ] ], [ [ -79.213840170507282, -1.637709721202499 ], [ -79.213832417425706, -1.637668072057411 ], [ -79.213846475886868, -1.637730484291359 ], [ -79.213840170507282, -1.637709721202499 ] ], [ [ -79.213170791306311, -1.636984533302207 ], [ -79.213146739044831, -1.636957518920277 ], [ -79.213202275851486, -1.637012603316801 ], [ -79.213170791306311, -1.636984533302207 ] ], [ [ -79.213115268181568, -1.636922118810855 ], [ -79.213073730602318, -1.636936104256082 ], [ -79.213122437268666, -1.636919009085184 ], [ -79.213115268181568, -1.636922118810855 ] ], [ [ -79.213040649346993, -1.636944451853177 ], [ -79.213014711101053, -1.63694463747905 ], [ -79.213073730602318, -1.636936104256082 ], [ -79.213040649346993, -1.636944451853177 ] ], [ [ -79.212959890840807, -1.636937857742775 ], [ -79.212928480961338, -1.636927966570811 ], [ -79.212987571509473, -1.636942701486523 ], [ -79.212959890840807, -1.636937857742775 ] ], [ [ -79.21255599245309, -1.636764762308227 ], [ -79.212520831878209, -1.636761918453219 ], [ -79.212591870278928, -1.636774518229623 ], [ -79.21255599245309, -1.636764762308227 ] ], [ [ -79.212016908300939, -1.636755929595422 ], [ -79.211947464069851, -1.636740024126615 ], [ -79.211895307188712, -1.636724274907326 ], [ -79.212016908300939, -1.636755929595422 ] ], [ [ -79.211712196975228, -1.636645133874989 ], [ -79.211680548431318, -1.636631299678448 ], [ -79.211753232720881, -1.63666403490654 ], [ -79.211712196975228, -1.636645133874989 ] ], [ [ -79.211309307548092, -1.636465595369641 ], [ -79.211295573017608, -1.636455728010706 ], [ -79.211325691081498, -1.636476506207035 ], [ -79.211309307548092, -1.636465595369641 ] ], [ [ -79.210542904673346, -1.636156328913529 ], [ -79.210517825003635, -1.636138864637678 ], [ -79.210569820714582, -1.636173189874318 ], [ -79.210542904673346, -1.636156328913529 ] ], [ [ -79.209880635256539, -1.635985055933568 ], [ -79.209815956696275, -1.635986283742507 ], [ -79.209786188134856, -1.635989116345221 ], [ -79.209880635256539, -1.635985055933568 ] ], [ [ -79.209574547286081, -1.636094978438712 ], [ -79.209557675776495, -1.636109360636192 ], [ -79.209598362041206, -1.636073565677865 ], [ -79.209574547286081, -1.636094978438712 ] ], [ [ -79.209527234805151, -1.636132934694862 ], [ -79.209526563442466, -1.636133387922965 ], [ -79.209528831275662, -1.636131733054626 ], [ -79.209527234805151, -1.636132934694862 ] ], [ [ -79.20912570770227, -1.636344135694592 ], [ -79.209094545629299, -1.636357873546387 ], [ -79.209164422057995, -1.636326830913557 ], [ -79.20912570770227, -1.636344135694592 ] ], [ [ -79.20898243125319, -1.636416562743788 ], [ -79.208921346769117, -1.636455630608409 ], [ -79.209005589117794, -1.63640327617295 ], [ -79.20898243125319, -1.636416562743788 ] ], [ [ -79.208745429941246, -1.636553055131706 ], [ -79.208716897155654, -1.636559714825137 ], [ -79.208773254564633, -1.636543434189688 ], [ -79.208745429941246, -1.636553055131706 ] ], [ [ -79.208660929898755, -1.636564678749951 ], [ -79.208635554974407, -1.636565051111633 ], [ -79.208688395779674, -1.636563384093628 ], [ -79.208660929898755, -1.636564678749951 ] ], [ [ -79.208248991052685, -1.636612551738794 ], [ -79.208237160802099, -1.636622856079833 ], [ -79.208282177381619, -1.636586984139567 ], [ -79.208248991052685, -1.636612551738794 ] ], [ [ -79.208139818293077, -1.636710143777643 ], [ -79.208109204553878, -1.636735814058561 ], [ -79.208160380477509, -1.63669256263067 ], [ -79.208139818293077, -1.636710143777643 ] ], [ [ -79.207964592024325, -1.636817197551458 ], [ -79.207919674779745, -1.636833348273981 ], [ -79.207975048074545, -1.636812793406383 ], [ -79.207964592024325, -1.636817197551458 ] ], [ [ -79.207698124606694, -1.636915466434797 ], [ -79.207665904102242, -1.636938180069794 ], [ -79.207732406242059, -1.636896069739618 ], [ -79.207698124606694, -1.636915466434797 ] ], [ [ -79.207639441681891, -1.636963058301744 ], [ -79.207591530942338, -1.637029076401644 ], [ -79.207566569461761, -1.637068806050622 ], [ -79.207639441681891, -1.636963058301744 ] ], [ [ -79.207489369183506, -1.637170962619283 ], [ -79.207473293987903, -1.637186282569017 ], [ -79.207518802364589, -1.63713901198853 ], [ -79.207489369183506, -1.637170962619283 ] ], [ [ -79.207359067623926, -1.637279717841295 ], [ -79.207329096883157, -1.637297730330139 ], [ -79.207392315670447, -1.637256511409564 ], [ -79.207359067623926, -1.637279717841295 ] ], [ [ -79.207294174408318, -1.637315253668157 ], [ -79.207258330736849, -1.637330906127119 ], [ -79.207329096883157, -1.637297730330139 ], [ -79.207294174408318, -1.637315253668157 ] ], [ [ -79.207222571386183, -1.637344702176278 ], [ -79.207201826826534, -1.637351643474357 ], [ -79.207258330736849, -1.637330906127119 ], [ -79.207222571386183, -1.637344702176278 ] ], [ [ -79.207160339402833, -1.637363962060337 ], [ -79.207116344870528, -1.637373758708884 ], [ -79.207070240097181, -1.637379327356165 ], [ -79.207160339402833, -1.637363962060337 ] ], [ [ -79.207018930356995, -1.637386237788001 ], [ -79.206967315937376, -1.63739523321063 ], [ -79.207070240097181, -1.637379327356165 ], [ -79.207018930356995, -1.637386237788001 ] ], [ [ -79.206879756164938, -1.637412965967992 ], [ -79.206807569775805, -1.637442620100953 ], [ -79.206774769791551, -1.637460139907174 ], [ -79.206879756164938, -1.637412965967992 ] ], [ [ -79.206710613854199, -1.637500248393424 ], [ -79.206672811660098, -1.637521496554135 ], [ -79.206742473150001, -1.637479536543472 ], [ -79.206710613854199, -1.637500248393424 ] ], [ [ -79.206521329793432, -1.63757809730316 ], [ -79.206599690713503, -1.637554200866153 ], [ -79.206564273263496, -1.637566501525265 ], [ -79.206521329793432, -1.63757809730316 ] ], [ [ -79.206388800922838, -1.637623818545023 ], [ -79.206339264726282, -1.637643186982055 ], [ -79.206400064015881, -1.637619705347306 ], [ -79.206388800922838, -1.637623818545023 ] ], [ [ -79.206339264726282, -1.637643186982055 ], [ -79.206271053017431, -1.637667580852862 ], [ -79.20623757913269, -1.637681005461631 ], [ -79.206339264726282, -1.637643186982055 ] ], [ [ -79.206184673618225, -1.637706974801537 ], [ -79.20613753537441, -1.637731847018217 ], [ -79.206111765516823, -1.637740828608762 ], [ -79.206184673618225, -1.637706974801537 ] ], [ [ -79.206083894941187, -1.63774756388774 ], [ -79.206055434134427, -1.63775211389811 ], [ -79.206111765516823, -1.637740828608762 ], [ -79.206083894941187, -1.63774756388774 ] ], [ [ -79.206028970012099, -1.637755651106448 ], [ -79.206000807240613, -1.637761547854545 ], [ -79.206055434134427, -1.63775211389811 ], [ -79.206028970012099, -1.637755651106448 ] ], [ [ -79.205915187227276, -1.637808943518707 ], [ -79.205873823829663, -1.637852484322646 ], [ -79.205864958063927, -1.637865667405168 ], [ -79.205915187227276, -1.637808943518707 ] ], [ [ -79.205810152552928, -1.63795888490867 ], [ -79.205788912382516, -1.637991248874081 ], [ -79.205826504485643, -1.63793041578521 ], [ -79.205810152552928, -1.63795888490867 ] ], [ [ -79.205717857630646, -1.638072058957931 ], [ -79.20569060571259, -1.638094474059906 ], [ -79.205729468332436, -1.638060964676563 ], [ -79.205717857630646, -1.638072058957931 ] ], [ [ -79.205505790230291, -1.638232033556765 ], [ -79.205478214887336, -1.638253356895772 ], [ -79.20553748048286, -1.638207416023765 ], [ -79.205505790230291, -1.638232033556765 ] ], [ [ -79.205412011186169, -1.638350825404048 ], [ -79.205395888933324, -1.638400884356299 ], [ -79.205384415897228, -1.638422815412805 ], [ -79.205412011186169, -1.638350825404048 ] ], [ [ -79.205346735220232, -1.638466021299074 ], [ -79.205319606600952, -1.638489221409778 ], [ -79.205368408160695, -1.638444165451452 ], [ -79.205346735220232, -1.638466021299074 ] ], [ [ -79.205286926915846, -1.638516946042352 ], [ -79.20525401433207, -1.638547879745507 ], [ -79.205319606600952, -1.638489221409778 ], [ -79.205286926915846, -1.638516946042352 ] ], [ [ -79.20525401433207, -1.638547879745507 ], [ -79.205205958942429, -1.638609710721971 ], [ -79.205194833937952, -1.638629296823021 ], [ -79.20525401433207, -1.638547879745507 ] ], [ [ -79.205171167612718, -1.638678741759417 ], [ -79.205160190207081, -1.638703632053851 ], [ -79.205178993579523, -1.638661150417652 ], [ -79.205171167612718, -1.638678741759417 ] ], [ [ -79.204970689097081, -1.638846025058382 ], [ -79.204744618093159, -1.638849369523856 ], [ -79.205068280217787, -1.638816842512418 ], [ -79.204970689097081, -1.638846025058382 ] ], [ [ -79.203734730953443, -1.638322005505685 ], [ -79.203735772158439, -1.638321991797861 ], [ -79.203735772158439, -1.638321991797861 ], [ -79.203734730953443, -1.638322005505685 ] ], [ [ -79.201832730346126, -1.637324600628346 ], [ -79.201822882691999, -1.6373054002859 ], [ -79.201853542202045, -1.637362448000262 ], [ -79.201832730346126, -1.637324600628346 ] ], [ [ -79.20143272936491, -1.636450355350284 ], [ -79.20139745016219, -1.636401404897018 ], [ -79.201440476210479, -1.636461473551974 ], [ -79.20143272936491, -1.636450355350284 ] ], [ [ -79.199503319563405, -1.63479309461187 ], [ -79.199488775623735, -1.634776043618216 ], [ -79.199546317555146, -1.634844212089765 ], [ -79.199503319563405, -1.63479309461187 ] ], [ [ -79.199070659110191, -1.634361673373665 ], [ -79.198993695980604, -1.634279606088655 ], [ -79.199117436899584, -1.634410298657621 ], [ -79.199070659110191, -1.634361673373665 ] ], [ [ -79.198753909549609, -1.63401337558749 ], [ -79.198741322780435, -1.633996457005756 ], [ -79.198766816448511, -1.634030034931409 ], [ -79.198753909549609, -1.63401337558749 ] ], [ [ -79.198533721577419, -1.633721788868822 ], [ -79.198397277274239, -1.633572018261348 ], [ -79.198563555356031, -1.633755456611998 ], [ -79.198533721577419, -1.633721788868822 ] ], [ [ -79.196592565732914, -1.631441115828116 ], [ -79.196546668805411, -1.631365109114495 ], [ -79.19684652089407, -1.631858342589559 ], [ -79.196592565732914, -1.631441115828116 ] ], [ [ -79.19544694852118, -1.629442733728254 ], [ -79.19544515503901, -1.629438214150158 ], [ -79.195463249124302, -1.629479830853242 ], [ -79.19544694852118, -1.629442733728254 ] ], [ [ -79.195344805196044, -1.629074254385146 ], [ -79.195343918490948, -1.629067911604355 ], [ -79.195345440937089, -1.629077985457248 ], [ -79.195344805196044, -1.629074254385146 ] ], [ [ -79.195108998731925, -1.627908028053658 ], [ -79.195052382551282, -1.627821962614683 ], [ -79.19511566824599, -1.62791852780464 ], [ -79.195108998731925, -1.627908028053658 ] ], [ [ -79.194466476789984, -1.627026373856823 ], [ -79.194436873758434, -1.626994054715695 ], [ -79.194474575293242, -1.627034781055689 ], [ -79.194466476789984, -1.627026373856823 ] ], [ [ -79.194241977770361, -1.626791839375684 ], [ -79.194176160377054, -1.626736797617179 ], [ -79.194260793763988, -1.626807939022019 ], [ -79.194241977770361, -1.626791839375684 ] ], [ [ -79.193625021485815, -1.626195684740889 ], [ -79.193609049665952, -1.626179927881696 ], [ -79.193657598231709, -1.626226634764085 ], [ -79.193625021485815, -1.626195684740889 ] ], [ [ -79.193266669701586, -1.62571732580557 ], [ -79.193266443050319, -1.625716964821412 ], [ -79.193291285108245, -1.625754186206036 ], [ -79.193266669701586, -1.62571732580557 ] ], [ [ -79.192992121705032, -1.625267404039148 ], [ -79.192977533834025, -1.625251513698189 ], [ -79.193006269772312, -1.625283739790234 ], [ -79.192992121705032, -1.625267404039148 ] ], [ [ -79.192705055687682, -1.625011407539546 ], [ -79.192696782416562, -1.625003282770957 ], [ -79.192714488998419, -1.625020428776443 ], [ -79.192705055687682, -1.625011407539546 ] ], [ [ -79.192467193099958, -1.624722538090818 ], [ -79.192454013731847, -1.624705171443462 ], [ -79.192479991164092, -1.624740247113924 ], [ -79.192467193099958, -1.624722538090818 ] ], [ [ -79.190943395663027, -1.624269830307926 ], [ -79.190879395779774, -1.624254786167096 ], [ -79.191007701336119, -1.624283562626252 ], [ -79.190943395663027, -1.624269830307926 ] ], [ [ -79.190777127427637, -1.624226179655286 ], [ -79.190658020331568, -1.624188714201833 ], [ -79.190836989769807, -1.624243760166297 ], [ -79.190777127427637, -1.624226179655286 ] ], [ [ -79.18695256667678, -1.622454672024072 ], [ -79.186944443899506, -1.622448181090396 ], [ -79.186969687334013, -1.622466773922881 ], [ -79.18695256667678, -1.622454672024072 ] ], [ [ -79.186862626146336, -1.622319276120078 ], [ -79.186856690777091, -1.622298364072442 ], [ -79.186864388686203, -1.622324865609269 ], [ -79.186862626146336, -1.622319276120078 ] ], [ [ -79.185672225979729, -1.620660786143796 ], [ -79.185652610483515, -1.620653178936118 ], [ -79.18569129956532, -1.620669478888981 ], [ -79.185672225979729, -1.620660786143796 ] ], [ [ -79.185612299241171, -1.620640161822751 ], [ -79.185550399061881, -1.620623759558672 ], [ -79.185531532444742, -1.620619381789735 ], [ -79.185612299241171, -1.620640161822751 ] ], [ [ -79.185186685064636, -1.620561030781962 ], [ -79.185165351146352, -1.620556841060284 ], [ -79.18520810106304, -1.620564873338639 ], [ -79.185186685064636, -1.620561030781962 ] ], [ [ -79.18503891870219, -1.620522235555132 ], [ -79.185008357690052, -1.620512488657072 ], [ -79.185080804391148, -1.620535078665021 ], [ -79.18503891870219, -1.620522235555132 ] ], [ [ -79.18461681933951, -1.62035802145247 ], [ -79.184599539063683, -1.620346604860191 ], [ -79.184625157267959, -1.620363226442642 ], [ -79.18461681933951, -1.62035802145247 ] ], [ [ -79.184332167628483, -1.620032260034066 ], [ -79.184323784144411, -1.620011800654178 ], [ -79.184335155848956, -1.620039179564792 ], [ -79.184332167628483, -1.620032260034066 ] ], [ [ -79.184174213114588, -1.619640510077285 ], [ -79.184170397762259, -1.619633041280914 ], [ -79.184183982617157, -1.619660507719278 ], [ -79.184174213114588, -1.619640510077285 ] ], [ [ -79.184118019199218, -1.619546163299862 ], [ -79.184090977546049, -1.619512699106414 ], [ -79.184083808216428, -1.619504475704721 ], [ -79.184118019199218, -1.619546163299862 ] ], [ [ -79.183909275360747, -1.619326911778408 ], [ -79.18387597915212, -1.619299012236279 ], [ -79.183912681592375, -1.619329924395362 ], [ -79.183909275360747, -1.619326911778408 ] ], [ [ -79.183528133826442, -1.619069653113133 ], [ -79.183470777615383, -1.619036385852078 ], [ -79.183623347383531, -1.61912581257755 ], [ -79.183528133826442, -1.619069653113133 ] ], [ [ -79.182334884905103, -1.618451242124264 ], [ -79.182298779475829, -1.618429058864519 ], [ -79.182366236836046, -1.618470174149244 ], [ -79.182334884905103, -1.618451242124264 ] ], [ [ -79.180846094888594, -1.617821810143144 ], [ -79.180846094888594, -1.617821810143143 ], [ -79.181113277888088, -1.617806005025909 ], [ -79.180846094888594, -1.617821810143144 ] ], [ [ -79.180282242506351, -1.617707966041921 ], [ -79.180263775172008, -1.617699700663294 ], [ -79.180319689520445, -1.617723312673688 ], [ -79.180282242506351, -1.617707966041921 ] ], [ [ -79.17943601032357, -1.617271912352597 ], [ -79.179418891403742, -1.617260018471807 ], [ -79.179436233499558, -1.617272059601491 ], [ -79.17943601032357, -1.617271912352597 ] ], [ [ -79.178817044306399, -1.616712858739787 ], [ -79.178753493708484, -1.616624005280563 ], [ -79.178843360394907, -1.616747627063563 ], [ -79.178817044306399, -1.616712858739787 ] ], [ [ -79.178640557833276, -1.61649748892736 ], [ -79.178624649390144, -1.616483924992147 ], [ -79.178655937064363, -1.616511440242662 ], [ -79.178640557833276, -1.61649748892736 ] ], [ [ -79.178541009022481, -1.616421258166257 ], [ -79.178522334097622, -1.616410025713131 ], [ -79.178559276330731, -1.616433122332446 ], [ -79.178541009022481, -1.616421258166257 ] ], [ [ -79.178484071734658, -1.616389087286297 ], [ -79.178464564318716, -1.616379326224574 ], [ -79.178503337014902, -1.616399319251273 ], [ -79.178484071734658, -1.616389087286297 ] ], [ [ -79.17754141823012, -1.616229732143807 ], [ -79.17752113760065, -1.616233581365446 ], [ -79.177560799595625, -1.616226657968387 ], [ -79.17754141823012, -1.616229732143807 ] ], [ [ -79.177442246918304, -1.616255271230226 ], [ -79.177437562720272, -1.616257115764036 ], [ -79.177461518989091, -1.616248802350013 ], [ -79.177442246918304, -1.616255271230226 ] ], [ [ -79.177405925294636, -1.616270842405598 ], [ -79.177389011355899, -1.61628002349423 ], [ -79.177410862145777, -1.616268540759934 ], [ -79.177405925294636, -1.616270842405598 ] ], [ [ -79.177297814711906, -1.616355115302188 ], [ -79.17728088603414, -1.616368730886005 ], [ -79.17731280500405, -1.616341683341154 ], [ -79.177297814711906, -1.616355115302188 ] ], [ [ -79.177244945879906, -1.616393842384596 ], [ -79.177226261201426, -1.616405655086971 ], [ -79.177263201440866, -1.616381580779209 ], [ -79.177244945879906, -1.616393842384596 ] ], [ [ -79.17680985848898, -1.616605613088765 ], [ -79.176884376100006, -1.616581589032299 ], [ -79.176865948902915, -1.616588823671986 ], [ -79.176847294124556, -1.616595322939192 ], [ -79.176828687844477, -1.616600842932243 ], [ -79.17680985848898, -1.616605613088765 ] ], [ [ -79.176733198937484, -1.616619281384823 ], [ -79.176694010496789, -1.616623184036529 ], [ -79.176674159130997, -1.616624300946355 ], [ -79.176733198937484, -1.616619281384823 ] ], [ [ -79.176130795446298, -1.616537249174983 ], [ -79.17602686452274, -1.61653954247418 ], [ -79.175985338619199, -1.616541759260718 ], [ -79.176130795446298, -1.616537249174983 ] ], [ [ -79.175921957949569, -1.616547657437249 ], [ -79.175878142599487, -1.616553773143287 ], [ -79.175943922186519, -1.616545157113231 ], [ -79.175921957949569, -1.616547657437249 ] ], [ [ -79.175681614767058, -1.616587217761029 ], [ -79.175616301072836, -1.616599382529711 ], [ -79.175812567897452, -1.616564392298975 ], [ -79.175681614767058, -1.616587217761029 ] ], [ [ -79.175531439314, -1.616618176855766 ], [ -79.175469544614401, -1.616634450968272 ], [ -79.175572954914273, -1.616608369686633 ], [ -79.175531439314, -1.616618176855766 ] ], [ [ -79.175428528698873, -1.616646183762124 ], [ -79.175387815632661, -1.616658888911318 ], [ -79.175469544614401, -1.616634450968272 ], [ -79.175428528698873, -1.616646183762124 ] ], [ [ -79.175387815632661, -1.616658888911318 ], [ -79.175324439921582, -1.616681386623848 ], [ -79.17529880361802, -1.616691253966767 ], [ -79.175387815632661, -1.616658888911318 ] ], [ [ -79.174948899803852, -1.616830197842004 ], [ -79.174908098171059, -1.616848502089125 ], [ -79.174990218169469, -1.616812839015419 ], [ -79.174948899803852, -1.616830197842004 ] ], [ [ -79.174874384019873, -1.616865530826655 ], [ -79.174851344419139, -1.616878620562449 ], [ -79.174834645004452, -1.616889075006835 ], [ -79.174874384019873, -1.616865530826655 ] ], [ [ -79.17473990897183, -1.616960029972722 ], [ -79.174724545361755, -1.616973916396354 ], [ -79.174754975060196, -1.616947254618378 ], [ -79.17473990897183, -1.616960029972722 ] ], [ [ -79.174611102749807, -1.617095262540494 ], [ -79.174559090361754, -1.617163020695136 ], [ -79.174434907761849, -1.617334889989704 ], [ -79.174611102749807, -1.617095262540494 ] ], [ [ -79.174195379206139, -1.617638239465131 ], [ -79.174153395463804, -1.617690232705574 ], [ -79.174251784249464, -1.617570000046641 ], [ -79.174195379206139, -1.617638239465131 ] ], [ [ -79.173967231648533, -1.617940834133584 ], [ -79.1739299057528, -1.617994206053705 ], [ -79.173993259734672, -1.617904610354893 ], [ -79.173967231648533, -1.617940834133584 ] ], [ [ -79.173868525967762, -1.618083754702551 ], [ -79.173838096496027, -1.618128709207056 ], [ -79.1739299057528, -1.617994206053705 ], [ -79.173868525967762, -1.618083754702551 ] ], [ [ -79.173792124739165, -1.618197136278627 ], [ -79.173667472631877, -1.618388677835098 ], [ -79.173621441762918, -1.618460663312354 ], [ -79.173792124739165, -1.618197136278627 ] ], [ [ -79.173563340574916, -1.618554509232508 ], [ -79.173436474270218, -1.618763894575369 ], [ -79.173621441762918, -1.618460663312354 ], [ -79.173563340574916, -1.618554509232508 ] ], [ [ -79.1732462836314, -1.619088822404027 ], [ -79.173211840939587, -1.61914548929726 ], [ -79.173379786868125, -1.618859346817276 ], [ -79.1732462836314, -1.619088822404027 ] ], [ [ -79.173187684648184, -1.619182590958948 ], [ -79.173149632422678, -1.619237211846017 ], [ -79.173211840939587, -1.61914548929726 ], [ -79.173187684648184, -1.619182590958948 ] ], [ [ -79.173110586965649, -1.619291171717926 ], [ -79.17307092368236, -1.61934469155499 ], [ -79.173149632422678, -1.619237211846017 ], [ -79.173110586965649, -1.619291171717926 ] ], [ [ -79.172819481429244, -1.619641839879945 ], [ -79.172803226010132, -1.619656159487047 ], [ -79.172834942967214, -1.619627010452752 ], [ -79.172819481429244, -1.619641839879945 ] ], [ [ -79.172786457120125, -1.619669907134409 ], [ -79.1727692995415, -1.619683215861737 ], [ -79.172803226010132, -1.619656159487047 ], [ -79.172786457120125, -1.619669907134409 ] ], [ [ -79.172751848438651, -1.61969617979859 ], [ -79.172741172243931, -1.619703835106853 ], [ -79.1727692995415, -1.619683215861737 ], [ -79.172751848438651, -1.61969617979859 ] ], [ [ -79.172584979374832, -1.619797169125597 ], [ -79.172643038980596, -1.61976790023035 ], [ -79.172624154171402, -1.619778395133185 ], [ -79.172604927680723, -1.619788137379857 ], [ -79.172584979374832, -1.619797169125597 ] ], [ [ -79.172505232271291, -1.619831966882012 ], [ -79.172474264556286, -1.61985026815611 ], [ -79.172459756765946, -1.619860679315037 ], [ -79.172505232271291, -1.619831966882012 ] ], [ [ -79.172446052389503, -1.619871991847451 ], [ -79.172433324752333, -1.619884316230613 ], [ -79.172459756765946, -1.619860679315037 ], [ -79.172446052389503, -1.619871991847451 ] ], [ [ -79.172345725647332, -1.620043723123503 ], [ -79.172336446691205, -1.620062101952862 ], [ -79.172353878846948, -1.620026174288191 ], [ -79.172345725647332, -1.620043723123503 ] ], [ [ -79.17225636554744, -1.620183831458368 ], [ -79.172294145889893, -1.62013284823319 ], [ -79.172282429478528, -1.620149809679098 ], [ -79.172270199419771, -1.6201663962941 ], [ -79.17225636554744, -1.620183831458368 ] ], [ [ -79.172242009063893, -1.620200867368453 ], [ -79.172212258971712, -1.620234128931745 ], [ -79.17225636554744, -1.620183831458368 ], [ -79.172242009063893, -1.620200867368453 ] ], [ [ -79.172166163510255, -1.62028280506346 ], [ -79.172118863225251, -1.62033029641931 ], [ -79.172212258971712, -1.620234128931745 ], [ -79.172166163510255, -1.62028280506346 ] ], [ [ -79.171784483252722, -1.620603552551078 ], [ -79.171767962849643, -1.620617666094936 ], [ -79.171834642858883, -1.620563014872796 ], [ -79.171784483252722, -1.620603552551078 ] ], [ [ -79.171675550475456, -1.620710501834034 ], [ -79.171661180287842, -1.620727779155368 ], [ -79.171682741501172, -1.620702135067082 ], [ -79.171675550475456, -1.620710501834034 ] ], [ [ -79.17145428320039, -1.620995152060677 ], [ -79.171428927088968, -1.621031428766866 ], [ -79.171480959367685, -1.620958814158761 ], [ -79.17145428320039, -1.620995152060677 ] ], [ [ -79.171428927088968, -1.621031428766866 ], [ -79.17131772598924, -1.621196755913333 ], [ -79.171291935323495, -1.62123262982094 ], [ -79.171278507519688, -1.621250140383296 ], [ -79.171428927088968, -1.621031428766866 ] ], [ [ -79.171264716264218, -1.621267127047791 ], [ -79.171236040984269, -1.621300215919379 ], [ -79.171278507519688, -1.621250140383296 ], [ -79.171264716264218, -1.621267127047791 ] ], [ [ -79.171160594722039, -1.621379690639114 ], [ -79.171112627100953, -1.621424785921249 ], [ -79.171079546321494, -1.621453644264284 ], [ -79.171160594722039, -1.621379690639114 ] ], [ [ -79.171028490097697, -1.621494967772848 ], [ -79.171010931139634, -1.621507936087253 ], [ -79.171062740265739, -1.621467726409632 ], [ -79.171028490097697, -1.621494967772848 ] ], [ [ -79.170992957609087, -1.621520271945973 ], [ -79.17097497603865, -1.621531554333153 ], [ -79.171010931139634, -1.621507936087253 ], [ -79.170992957609087, -1.621520271945973 ] ], [ [ -79.170861761915702, -1.621590977958106 ], [ -79.170784425914547, -1.621627452415586 ], [ -79.170745419385483, -1.621644929755126 ], [ -79.170861761915702, -1.621590977958106 ] ], [ [ -79.169575150563716, -1.622519240316318 ], [ -79.16954658155943, -1.622549014191326 ], [ -79.170035624102155, -1.621932931174633 ], [ -79.169575150563716, -1.622519240316318 ] ], [ [ -79.169518923065311, -1.622579500546812 ], [ -79.16949275701127, -1.622611082414757 ], [ -79.16948055401582, -1.622627505323194 ], [ -79.169518923065311, -1.622579500546812 ] ], [ [ -79.16948055401582, -1.622627505323194 ], [ -79.169458540687657, -1.622661609335444 ], [ -79.169448405099857, -1.622679259398231 ], [ -79.16948055401582, -1.622627505323194 ] ], [ [ -79.169420978966144, -1.622733131932261 ], [ -79.169396815513451, -1.622787038180849 ], [ -79.169438733800533, -1.622697212810716 ], [ -79.169420978966144, -1.622733131932261 ] ], [ [ -79.16920781617867, -1.623175647135078 ], [ -79.169183965505866, -1.623207473435906 ], [ -79.169171158900966, -1.623222630725903 ], [ -79.16920781617867, -1.623175647135078 ] ], [ [ -79.16833901038504, -1.623741866690892 ], [ -79.168249620405945, -1.623779868962236 ], [ -79.168411722290472, -1.623710500936637 ], [ -79.16833901038504, -1.623741866690892 ] ], [ [ -79.148122202855973, -1.628179283389648 ], [ -79.148046945896297, -1.628175587628776 ], [ -79.148253529306473, -1.628181672652844 ], [ -79.148122202855973, -1.628179283389648 ] ], [ [ -79.147764721319263, -1.628121033012645 ], [ -79.147755810314706, -1.628117046077967 ], [ -79.147836202151524, -1.628138734378564 ], [ -79.147764721319263, -1.628121033012645 ] ], [ [ -79.147447029777084, -1.627976473583782 ], [ -79.147411645664903, -1.627962263147363 ], [ -79.147462068745611, -1.627982915941615 ], [ -79.147447029777084, -1.627976473583782 ] ], [ [ -79.147316388473129, -1.627927433824011 ], [ -79.14730433572845, -1.627923849991644 ], [ -79.147328385226317, -1.627931325049111 ], [ -79.147316388473129, -1.627927433824011 ] ], [ [ -79.14726735160896, -1.627916167654798 ], [ -79.147254621096607, -1.627914827540648 ], [ -79.147279974651681, -1.627918099952363 ], [ -79.14726735160896, -1.627916167654798 ] ], [ [ -79.146672245306959, -1.62791906241458 ], [ -79.146648975043831, -1.627915613999671 ], [ -79.14668537816469, -1.627920628062034 ], [ -79.146672245306959, -1.62791906241458 ] ], [ [ -79.145455886212886, -1.627765414649774 ], [ -79.145451564496966, -1.627764871982762 ], [ -79.145507895392669, -1.627772817939605 ], [ -79.145455886212886, -1.627765414649774 ] ], [ [ -79.144860600689199, -1.627755711681812 ], [ -79.144820297939518, -1.627756225956649 ], [ -79.145299278933223, -1.62775581131749 ], [ -79.144860600689199, -1.627755711681812 ] ], [ [ -79.144794007129548, -1.627756990117434 ], [ -79.144767721439919, -1.62775805132764 ], [ -79.144820297939518, -1.627756225956649 ], [ -79.144794007129548, -1.627756990117434 ] ], [ [ -79.14458549996364, -1.627767555338802 ], [ -79.144570815082105, -1.627768977221962 ], [ -79.14454416243936, -1.627772378733323 ], [ -79.14458549996364, -1.627767555338802 ] ], [ [ -79.144504297486506, -1.627778580217631 ], [ -79.144331719080995, -1.627807868102298 ], [ -79.14454416243936, -1.627772378733323 ], [ -79.144504297486506, -1.627778580217631 ] ], [ [ -79.144190332461463, -1.627856781700992 ], [ -79.14406963934961, -1.627913945812193 ], [ -79.144304488270819, -1.627812684220676 ], [ -79.144190332461463, -1.627856781700992 ] ], [ [ -79.142096418947204, -1.628146573429875 ], [ -79.142645650660697, -1.628253376005306 ], [ -79.142461358626036, -1.628240581831097 ], [ -79.142096418947204, -1.628146573429875 ] ], [ [ -79.140825903867764, -1.627848346429503 ], [ -79.140800747363414, -1.627841955389699 ], [ -79.140851622383963, -1.627855268782685 ], [ -79.140825903867764, -1.627848346429503 ] ], [ [ -79.138786964294965, -1.628491449902951 ], [ -79.138763673465675, -1.628503404068963 ], [ -79.138800124060182, -1.628485168592451 ], [ -79.138786964294965, -1.628491449902951 ] ], [ [ -79.138406859384233, -1.628878353620885 ], [ -79.138324719310774, -1.629054648242219 ], [ -79.138426884732382, -1.628689371658844 ], [ -79.138406859384233, -1.628878353620885 ] ], [ [ -79.138127929996898, -1.629397590550753 ], [ -79.138085320104722, -1.629448714844689 ], [ -79.138067811329634, -1.629468667879852 ], [ -79.138127929996898, -1.629397590550753 ] ], [ [ -79.138058839259273, -1.629478407282818 ], [ -79.138050843427081, -1.629486665121183 ], [ -79.138067811329634, -1.629468667879852 ], [ -79.138058839259273, -1.629478407282818 ] ], [ [ -79.138040145577349, -1.629497063433358 ], [ -79.138030949405703, -1.629505238285486 ], [ -79.138047860187726, -1.629489623947034 ], [ -79.138040145577349, -1.629497063433358 ] ], [ [ -79.137992098308018, -1.629535682394567 ], [ -79.137931974155549, -1.629579466008181 ], [ -79.137912674516087, -1.629593872956485 ], [ -79.137931974155549, -1.629579466008164 ], [ -79.137992098308004, -1.629535682394567 ], [ -79.138004987027827, -1.629525942263944 ], [ -79.137992098308018, -1.629535682394567 ] ], [ [ -79.136943174862623, -1.630047048735651 ], [ -79.136649010899532, -1.630136190890592 ], [ -79.137346219852745, -1.62991297563474 ], [ -79.136943174862623, -1.630047048735651 ] ], [ [ -79.1364740219081, -1.630251634481698 ], [ -79.136452806275855, -1.630267016691479 ], [ -79.136506205703981, -1.630229021309153 ], [ -79.1364740219081, -1.630251634481698 ] ], [ [ -79.13641253489628, -1.630299028263993 ], [ -79.136384021286844, -1.630324054659301 ], [ -79.136432007086697, -1.630282929175033 ], [ -79.13641253489628, -1.630299028263993 ] ], [ [ -79.136205877091143, -1.630511170067553 ], [ -79.1360392988109, -1.630721059610249 ], [ -79.136213186941305, -1.630502295404528 ], [ -79.136205877091143, -1.630511170067553 ] ], [ [ -79.136012349356236, -1.630769762331707 ], [ -79.136006630829996, -1.630788864584743 ], [ -79.1360392988109, -1.630721059610249 ], [ -79.136012349356236, -1.630769762331707 ] ], [ [ -79.135772533596793, -1.63148565200987 ], [ -79.13600374222672, -1.631002913323962 ], [ -79.135981342279649, -1.631270129653408 ], [ -79.135772533596793, -1.63148565200987 ] ], [ [ -79.135702201940816, -1.631568247764524 ], [ -79.135280056094274, -1.631892527689815 ], [ -79.135772533596793, -1.63148565200987 ], [ -79.135702201940816, -1.631568247764524 ] ], [ [ -79.135280056094274, -1.631892527689815 ], [ -79.13514036569336, -1.631975975568182 ], [ -79.135082801115004, -1.631997108155029 ], [ -79.135280056094274, -1.631892527689815 ] ], [ [ -79.134082097229168, -1.632309934311773 ], [ -79.13402507142483, -1.632331197194339 ], [ -79.134254499784703, -1.632268227096597 ], [ -79.134082097229168, -1.632309934311773 ] ], [ [ -79.133899387643297, -1.63237857556815 ], [ -79.133869782325334, -1.632402532023877 ], [ -79.133900165002217, -1.632377919333916 ], [ -79.133899387643297, -1.63237857556815 ] ], [ [ -79.133828050181293, -1.63243416049285 ], [ -79.133753264946733, -1.632488774651169 ], [ -79.133841530443419, -1.632424121569859 ], [ -79.133828050181293, -1.63243416049285 ] ], [ [ -79.133550418568845, -1.63267051312932 ], [ -79.133535231222211, -1.632689905771067 ], [ -79.133528214961387, -1.632699992359393 ], [ -79.133550418568845, -1.63267051312932 ] ], [ [ -79.133502701786597, -1.632746219570275 ], [ -79.133495417899852, -1.63276160762609 ], [ -79.133508614466237, -1.632734350595388 ], [ -79.133502701786597, -1.632746219570275 ] ], [ [ -79.1334636882154, -1.632830923203637 ], [ -79.133446760944153, -1.632867209064475 ], [ -79.133481622265393, -1.632791553925965 ], [ -79.1334636882154, -1.632830923203637 ] ], [ [ -79.133334442423205, -1.633104425880902 ], [ -79.133322742847412, -1.633127197308125 ], [ -79.133316439877049, -1.633138431137534 ], [ -79.133334442423205, -1.633104425880902 ] ], [ [ -79.133303167543673, -1.633160532859618 ], [ -79.133282327709694, -1.633193174579206 ], [ -79.133316439877049, -1.633138431137534 ], [ -79.133303167543673, -1.633160532859618 ] ], [ [ -79.133246346661124, -1.633246812192345 ], [ -79.13322356629692, -1.633278093020292 ], [ -79.133216095077088, -1.633287512752117 ], [ -79.133246346661124, -1.633246812192345 ] ], [ [ -79.132958045420494, -1.633473385138982 ], [ -79.132945803838211, -1.633476875818167 ], [ -79.132961331499459, -1.633472327506736 ], [ -79.132958045420494, -1.633473385138982 ] ], [ [ -79.132933618449115, -1.633479843898327 ], [ -79.132908970074453, -1.633484744442544 ], [ -79.132884108589039, -1.633488837299628 ], [ -79.132933618449115, -1.633479843898327 ] ], [ [ -79.13280919817511, -1.633499907497295 ], [ -79.132784182207345, -1.633503926060446 ], [ -79.132884108589039, -1.633488837299628 ], [ -79.13280919817511, -1.633499907497295 ] ], [ [ -79.132721616026288, -1.633515166944409 ], [ -79.132671739688377, -1.633524992801604 ], [ -79.132759126399364, -1.633508273729679 ], [ -79.132721616026288, -1.633515166944409 ] ], [ [ -79.132657472219378, -1.633528093663871 ], [ -79.13227786524152, -1.63364826756933 ], [ -79.132671739688377, -1.633524992801604 ], [ -79.132657472219378, -1.633528093663871 ] ], [ [ -79.131883927670543, -1.633917671055171 ], [ -79.13173623816958, -1.634125590452742 ], [ -79.132079930269924, -1.633778370820897 ], [ -79.131883927670543, -1.633917671055171 ] ], [ [ -79.131476250425038, -1.634539599515587 ], [ -79.131473131325393, -1.634566058287555 ], [ -79.131472053382197, -1.634578081770937 ], [ -79.131476250425038, -1.634539599515587 ] ], [ [ -79.13147180665203, -1.634581309743874 ], [ -79.131469114251288, -1.634631724084769 ], [ -79.131468632586447, -1.634668370594978 ], [ -79.13147180665203, -1.634581309743874 ] ], [ [ -79.131468703237331, -1.634718602218786 ], [ -79.131468625169092, -1.634668934930063 ], [ -79.131468625169092, -1.634668934930061 ], [ -79.131468703237331, -1.634718602218786 ] ], [ [ -79.131386207140991, -1.635058086219046 ], [ -79.131352845968308, -1.635081848243769 ], [ -79.131426989463193, -1.635012024437438 ], [ -79.131386207140991, -1.635058086219046 ] ], [ [ -79.131295573009083, -1.635116579810899 ], [ -79.131274419360849, -1.635130932892942 ], [ -79.131306337817747, -1.635109687829372 ], [ -79.131295573009083, -1.635116579810899 ] ], [ [ -79.131212454319439, -1.635176144724981 ], [ -79.131192064356156, -1.635191564619576 ], [ -79.131234771362287, -1.635159589866082 ], [ -79.131212454319439, -1.635176144724981 ] ], [ [ -79.13112129123698, -1.635248875064353 ], [ -79.131082219876305, -1.635284127332885 ], [ -79.131063883635122, -1.635302870422698 ], [ -79.13112129123698, -1.635248875064353 ] ], [ [ -79.131051927572599, -1.635316791300134 ], [ -79.131040469789824, -1.635331165668644 ], [ -79.131033073677955, -1.635340965222827 ], [ -79.131051927572599, -1.635316791300134 ] ], [ [ -79.131033073677955, -1.635340965222827 ], [ -79.131004726498929, -1.635381182772478 ], [ -79.130997938271193, -1.635391456717647 ], [ -79.131033073677955, -1.635340965222827 ] ], [ [ -79.130991304499773, -1.635401833890893 ], [ -79.130930599989625, -1.635507384112503 ], [ -79.130917042460595, -1.635530780374662 ], [ -79.130977317703028, -1.635424970235873 ], [ -79.130991304499773, -1.635401833890893 ] ], [ [ -79.130917042460595, -1.635530780374662 ], [ -79.13089548849949, -1.635565034490845 ], [ -79.130888198791425, -1.635575398388257 ], [ -79.130917042460595, -1.635530780374662 ] ], [ [ -79.130872944092786, -1.635595658057607 ], [ -79.130840965636025, -1.635635116248346 ], [ -79.130824506845073, -1.63565443076084 ], [ -79.130872944092786, -1.635595658057607 ] ], [ [ -79.13079001662409, -1.63569129323335 ], [ -79.130770604749856, -1.635708150868274 ], [ -79.130760081578188, -1.635716090177619 ], [ -79.13079001662409, -1.63569129323335 ] ], [ [ -79.130749272097432, -1.635723672043569 ], [ -79.130738231969559, -1.635730948964226 ], [ -79.130760081578188, -1.635716090177619 ], [ -79.130749272097432, -1.635723672043569 ] ], [ [ -79.130657771275295, -1.635772938776623 ], [ -79.130601891213487, -1.635796827042742 ], [ -79.130681082448476, -1.635762382832281 ], [ -79.130657771275295, -1.635772938776623 ] ], [ [ -79.130352031332194, -1.635981878739411 ], [ -79.130319937725744, -1.636024375944976 ], [ -79.130360471216733, -1.635971192118874 ], [ -79.130352031332194, -1.635981878739411 ] ], [ [ -79.130319937725744, -1.636024375944976 ], [ -79.13028715566719, -1.636066070441978 ], [ -79.130236692737611, -1.636127112648295 ], [ -79.130319937725744, -1.636024375944976 ] ], [ [ -79.130220276722739, -1.63614776998059 ], [ -79.130212188832786, -1.636158410721966 ], [ -79.130236692737611, -1.636127112648295 ], [ -79.130220276722739, -1.63614776998059 ] ], [ [ -79.130196381196271, -1.636179978289393 ], [ -79.130173175265483, -1.636212721649595 ], [ -79.130212188832786, -1.636158410721966 ], [ -79.130196381196271, -1.636179978289393 ] ], [ [ -79.130113759363525, -1.636301606029805 ], [ -79.130094547111824, -1.63633672766615 ], [ -79.130082888479151, -1.636360809291583 ], [ -79.130113759363525, -1.636301606029805 ] ], [ [ -79.130082888479151, -1.636360809291583 ], [ -79.130038976990676, -1.636458624914372 ], [ -79.130028609027931, -1.636483305451332 ], [ -79.130082888479151, -1.636360809291583 ] ], [ [ -79.129911546547063, -1.63677924004912 ], [ -79.129880325270747, -1.636863573590788 ], [ -79.130014630428292, -1.636520842696912 ], [ -79.129911546547063, -1.63677924004912 ] ], [ [ -79.129817477750706, -1.637524282251731 ], [ -79.129813026184479, -1.637536998009877 ], [ -79.129820391260481, -1.63751555910267 ], [ -79.129817477750706, -1.637524282251731 ] ], [ [ -79.129759765209045, -1.637675394305931 ], [ -79.129750167706391, -1.637700590065839 ], [ -79.129803708947563, -1.637562288075719 ], [ -79.129759765209045, -1.637675394305931 ] ], [ [ -79.129740900761647, -1.637725905495512 ], [ -79.129699034345606, -1.637853682240492 ], [ -79.129686454023073, -1.637892012892408 ], [ -79.129727910842718, -1.637764082948403 ], [ -79.129740900761647, -1.637725905495512 ] ], [ [ -79.129677883831164, -1.637916924779173 ], [ -79.129642429366186, -1.63801385488547 ], [ -79.129619744963918, -1.638074234964802 ], [ -79.129677883831164, -1.637916924779173 ] ], [ [ -79.129510782239535, -1.638288234793386 ], [ -79.129542811334815, -1.638234015946723 ], [ -79.129523988550119, -1.638266713644208 ], [ -79.129510782239535, -1.638288234793386 ] ], [ [ -79.129497002858542, -1.638309529343867 ], [ -79.129475834924463, -1.63834116145012 ], [ -79.129510782239535, -1.638288234793386 ], [ -79.129497002858542, -1.638309529343867 ] ], [ [ -79.129387566454298, -1.638464564146649 ], [ -79.129425168487046, -1.63841414383013 ], [ -79.129410275842758, -1.638434412828575 ], [ -79.129387566454298, -1.638464564146649 ] ], [ [ -79.129349184994751, -1.638514419482434 ], [ -79.129333482479808, -1.638534008633687 ], [ -79.129387566454298, -1.638464564146649 ], [ -79.129349184994751, -1.638514419482434 ] ], [ [ -79.12930798762568, -1.63856311835933 ], [ -79.129298859556641, -1.638572385467144 ], [ -79.129316835668604, -1.638553501951878 ], [ -79.12930798762568, -1.63856311835933 ] ], [ [ -79.129258573755024, -1.638603192110126 ], [ -79.1292363620244, -1.638615098149359 ], [ -79.129224926414196, -1.638620539059415 ], [ -79.129258573755024, -1.638603192110126 ] ], [ [ -79.129189672429874, -1.638635004495299 ], [ -79.12917735828421, -1.638639203058554 ], [ -79.129201573509334, -1.638630514378619 ], [ -79.129189672429874, -1.638635004495299 ] ], [ [ -79.129152402807634, -1.638646750796457 ], [ -79.129146513197838, -1.638648364259584 ], [ -79.12917735828421, -1.638639203058554 ], [ -79.129152402807634, -1.638646750796457 ] ], [ [ -79.128634563677977, -1.638865531976439 ], [ -79.12860000635014, -1.638899056691205 ], [ -79.128565606985958, -1.638933744403831 ], [ -79.128634563677977, -1.638865531976439 ] ], [ [ -79.128565606985958, -1.638933744403831 ], [ -79.128367653192342, -1.639100742042983 ], [ -79.128346695215512, -1.639115261585039 ], [ -79.128565606985958, -1.638933744403831 ] ], [ [ -79.128346695215512, -1.639115261585039 ], [ -79.128325258157318, -1.639128974999076 ], [ -79.128321639818367, -1.639131080734252 ], [ -79.128346695215512, -1.639115261585039 ] ], [ [ -79.127557959098169, -1.639526155953559 ], [ -79.127557959098183, -1.639526155953559 ], [ -79.127512112844528, -1.639714689902249 ], [ -79.127557959098169, -1.639526155953559 ] ], [ [ -79.12748087340573, -1.639755473290963 ], [ -79.127288072699955, -1.639987232498207 ], [ -79.127496764258836, -1.639735330065525 ], [ -79.12748087340573, -1.639755473290963 ] ], [ [ -79.125922036384353, -1.640026474496399 ], [ -79.125902336552357, -1.640026217818203 ], [ -79.125947858253326, -1.640027171317649 ], [ -79.125922036384353, -1.640026474496399 ] ], [ [ -79.125324116132361, -1.640011676432442 ], [ -79.125219694977559, -1.639995541732518 ], [ -79.125359144599315, -1.640016811450034 ], [ -79.125324116132361, -1.640011676432442 ] ], [ [ -79.124605297666633, -1.639910394199532 ], [ -79.12457948005148, -1.63990974050497 ], [ -79.124610685419952, -1.63991062867811 ], [ -79.124605297666633, -1.639910394199532 ] ], [ [ -79.124385726915747, -1.63990888955647 ], [ -79.12433463464923, -1.63991023118293 ], [ -79.124527769433101, -1.639909302015408 ], [ -79.124385726915747, -1.63990888955647 ] ], [ [ -79.124321982083174, -1.639911189496036 ], [ -79.124309419842675, -1.639912608150695 ], [ -79.12433463464923, -1.63991023118293 ], [ -79.124321982083174, -1.639911189496036 ] ], [ [ -79.124296978325319, -1.639914651746687 ], [ -79.124272268444159, -1.639920956289982 ], [ -79.124260065076982, -1.639924894486074 ], [ -79.124296978325319, -1.639914651746687 ] ], [ [ -79.123846554829754, -1.64008989651801 ], [ -79.123809903186185, -1.64010483066812 ], [ -79.12398171048406, -1.640036611680565 ], [ -79.123846554829754, -1.64008989651801 ] ], [ [ -79.123785770731672, -1.64011536576371 ], [ -79.123762165687495, -1.640126910484185 ], [ -79.123809903186185, -1.64010483066812 ], [ -79.123785770731672, -1.64011536576371 ] ], [ [ -79.123751127538625, -1.640133002760858 ], [ -79.123740256226156, -1.64013941167757 ], [ -79.123762165687495, -1.640126910484185 ], [ -79.123751127538625, -1.640133002760858 ] ], [ [ -79.123605182085711, -1.640233472193322 ], [ -79.123594967377215, -1.640242067266889 ], [ -79.123618303738567, -1.640223223919497 ], [ -79.123605182085711, -1.640233472193322 ] ], [ [ -79.122814775563242, -1.640895390926646 ], [ -79.122796228130582, -1.640913095529028 ], [ -79.122833702676289, -1.640878124332479 ], [ -79.122814775563242, -1.640895390926646 ] ], [ [ -79.122733361346945, -1.640976906853435 ], [ -79.122701900248941, -1.641016357883104 ], [ -79.122689901713528, -1.641037676569071 ], [ -79.122733361346945, -1.640976906853435 ] ], [ [ -79.122670317511961, -1.641083137515787 ], [ -79.122661679420517, -1.641106548159927 ], [ -79.12267961120412, -1.641060096418898 ], [ -79.122670317511961, -1.641083137515787 ] ], [ [ -79.122508757934014, -1.641389526242251 ], [ -79.122645314361534, -1.641155307181261 ], [ -79.122612521113524, -1.641230913718879 ], [ -79.122554935133948, -1.641339978871101 ], [ -79.122508757934014, -1.641389526242251 ] ], [ [ -79.121951413869482, -1.642261929463118 ], [ -79.122302384713322, -1.64156675854242 ], [ -79.122186127892846, -1.641851543458615 ], [ -79.121951413869482, -1.642261929463118 ] ], [ [ -79.121795504691818, -1.642626331744191 ], [ -79.12164024179134, -1.643199040529081 ], [ -79.121951413869482, -1.642261929463118 ], [ -79.121795504691818, -1.642626331744191 ] ], [ [ -79.121522979516783, -1.643805357619537 ], [ -79.121376303505343, -1.644067828524713 ], [ -79.121576294305598, -1.643679628972372 ], [ -79.121522979516783, -1.643805357619537 ] ], [ [ -79.121376303505343, -1.644067828524713 ], [ -79.121342727155096, -1.644162932209623 ], [ -79.121334736855189, -1.644188269448474 ], [ -79.121376303505343, -1.644067828524713 ] ], [ [ -79.121331130694784, -1.644201029311836 ], [ -79.121325246474797, -1.644226512318382 ], [ -79.121322953142311, -1.644239232734423 ], [ -79.121331130694784, -1.644201029311836 ] ], [ [ -79.121296640711932, -1.644516855009338 ], [ -79.121294659199307, -1.644542037888224 ], [ -79.121302200955725, -1.644431389261874 ], [ -79.121296640711932, -1.644516855009338 ] ], [ [ -79.121280378985901, -1.64467111838728 ], [ -79.121275482665496, -1.644696180049403 ], [ -79.121272227447236, -1.644708394989877 ], [ -79.121280378985901, -1.64467111838728 ] ], [ [ -79.121256906382811, -1.644743685428673 ], [ -79.121250237513635, -1.644754974814795 ], [ -79.121262960864485, -1.644732154933821 ], [ -79.121256906382811, -1.644743685428673 ] ], [ [ -79.120911542382473, -1.64504142113316 ], [ -79.120876386552851, -1.64506039935066 ], [ -79.120973429655024, -1.644861803787145 ], [ -79.120911542382473, -1.64504142113316 ] ], [ [ -79.12069110682971, -1.645138152491597 ], [ -79.120617754066288, -1.645169803509464 ], [ -79.120581831113228, -1.645186600878732 ], [ -79.12069110682971, -1.645138152491597 ] ], [ [ -79.120475927060227, -1.645240510410935 ], [ -79.120464996772057, -1.645247488877274 ], [ -79.120487269512097, -1.645233824402984 ], [ -79.120475927060227, -1.645240510410935 ] ], [ [ -79.120433516097336, -1.645270243029375 ], [ -79.120423464456465, -1.645278331824136 ], [ -79.120443802031815, -1.645262399504176 ], [ -79.120433516097336, -1.645270243029375 ] ], [ [ -79.120413698304873, -1.645286689447169 ], [ -79.120395389746875, -1.645304459286449 ], [ -79.120387131087682, -1.645314081554242 ], [ -79.120413698304873, -1.645286689447169 ] ], [ [ -79.120379784946408, -1.645324147762114 ], [ -79.120373070914241, -1.64533472094066 ], [ -79.120387131087682, -1.645314081554242 ], [ -79.120379784946408, -1.645324147762114 ] ], [ [ -79.1203668345632, -1.645345668925189 ], [ -79.120360964561215, -1.645356896665501 ], [ -79.120373070914241, -1.64533472094066 ], [ -79.1203668345632, -1.645345668925189 ] ], [ [ -79.120339632212293, -1.64542472025432 ], [ -79.120323277179224, -1.645488477697352 ], [ -79.120359268427919, -1.645360370030717 ], [ -79.120339632212293, -1.64542472025432 ] ], [ [ -79.120002386692576, -1.645754847457255 ], [ -79.119922786397737, -1.64609802744802 ], [ -79.120154076781333, -1.645617425639239 ], [ -79.120002386692576, -1.645754847457255 ] ], [ [ -79.120102304577586, -1.646319562519903 ], [ -79.120143935308747, -1.646442638498081 ], [ -79.119922786397737, -1.64609802744802 ], [ -79.120102304577586, -1.646319562519903 ] ], [ [ -79.120128929846459, -1.646497779848376 ], [ -79.12011772761781, -1.646501526311352 ], [ -79.120137136244495, -1.646495036050921 ], [ -79.120128929846459, -1.646497779848376 ] ], [ [ -79.12011297365936, -1.646503115965044 ], [ -79.120085395168502, -1.646503089791812 ], [ -79.12011772761781, -1.646501526311352 ], [ -79.12011297365936, -1.646503115965044 ] ], [ [ -79.119466392279975, -1.646416373928142 ], [ -79.119304668477156, -1.646478423559101 ], [ -79.119666136719843, -1.64637349847871 ], [ -79.119466392279975, -1.646416373928142 ] ], [ [ -79.119037279740056, -1.646654573953775 ], [ -79.118956356806549, -1.646750194884618 ], [ -79.119125756355899, -1.646584373678594 ], [ -79.119037279740056, -1.646654573953775 ] ], [ [ -79.118867243634142, -1.646920414547228 ], [ -79.118820396705615, -1.646986272413555 ], [ -79.118749346918989, -1.647028429920734 ], [ -79.118867243634142, -1.646920414547228 ] ], [ [ -79.118749346918989, -1.647028429920734 ], [ -79.118537024679327, -1.647073975185353 ], [ -79.118276118560161, -1.647091586780716 ], [ -79.118749346918989, -1.647028429920734 ] ], [ [ -79.118120840913335, -1.64716617139334 ], [ -79.118111351419742, -1.647174616956727 ], [ -79.118276118560161, -1.647091586780716 ], [ -79.118120840913335, -1.64716617139334 ] ], [ [ -79.118092997918481, -1.647192368603576 ], [ -79.118084123213023, -1.647201584253484 ], [ -79.118097158197756, -1.647188244586225 ], [ -79.118092997918481, -1.647192368603576 ] ], [ [ -79.118044704019411, -1.647251816737271 ], [ -79.118038231947835, -1.647263059248744 ], [ -79.118051682546891, -1.647240925549662 ], [ -79.118044704019411, -1.647251816737271 ] ], [ [ -79.118032134334513, -1.647274557109813 ], [ -79.118020702410391, -1.647298053598306 ], [ -79.11801363289851, -1.64731377628751 ], [ -79.118032134334513, -1.647274557109813 ] ], [ [ -79.117995007356654, -1.647358290901495 ], [ -79.117986270022996, -1.647382934709682 ], [ -79.11798255916618, -1.647395185352418 ], [ -79.117995007356654, -1.647358290901495 ] ], [ [ -79.117973040816509, -1.647432453323655 ], [ -79.117964684863125, -1.647470077763181 ], [ -79.117979171691658, -1.647407540289356 ], [ -79.117973040816509, -1.647432453323655 ] ], [ [ -79.117899467934606, -1.64781428722066 ], [ -79.117896751263729, -1.647827083155526 ], [ -79.117906711493049, -1.647775696909902 ], [ -79.117899467934606, -1.64781428722066 ] ], [ [ -79.117880608631893, -1.647890304456277 ], [ -79.117869762755447, -1.647927939182412 ], [ -79.117890697217391, -1.647852463748465 ], [ -79.117880608631893, -1.647890304456277 ] ], [ [ -79.117805164140307, -1.648084405045861 ], [ -79.117793066881774, -1.648107355638971 ], [ -79.117816667852082, -1.648061028898164 ], [ -79.117805164140307, -1.648084405045861 ] ], [ [ -79.117764455066947, -1.648150378064964 ], [ -79.117755821377656, -1.648160324556391 ], [ -79.117772563468719, -1.648140039540783 ], [ -79.117764455066947, -1.648150378064964 ] ], [ [ -79.11774680337389, -1.648169985848636 ], [ -79.117737509707027, -1.6481794407134 ], [ -79.117755821377656, -1.648160324556391 ], [ -79.11774680337389, -1.648169985848636 ] ], [ [ -79.117708675113164, -1.648207087342701 ], [ -79.117649775052158, -1.648261262698433 ], [ -79.117728019393937, -1.648188748905147 ], [ -79.117708675113164, -1.648207087342701 ] ], [ [ -79.117593433626396, -1.648318166203813 ], [ -79.117593883120108, -1.648317602027678 ], [ -79.117593883120122, -1.648317602027668 ], [ -79.117593433626396, -1.648318166203813 ] ], [ [ -79.117577581301418, -1.648338861315914 ], [ -79.1175698972731, -1.648349882936926 ], [ -79.117581535224886, -1.648333502106763 ], [ -79.117577581301418, -1.648338861315914 ] ], [ [ -79.117425008704274, -1.648574517529882 ], [ -79.117476567238398, -1.648498705053525 ], [ -79.117462014372776, -1.648521487826067 ], [ -79.117447013424638, -1.648543953690146 ], [ -79.11743980273549, -1.648554229767055 ], [ -79.117425008704274, -1.648574517529882 ] ], [ [ -79.117354807682574, -1.648662894661291 ], [ -79.117350762600054, -1.648667351515454 ], [ -79.117371038258668, -1.648643828078026 ], [ -79.117354807682574, -1.648662894661291 ] ], [ [ -79.117318316456647, -1.648700120662078 ], [ -79.117298886248349, -1.648718093693607 ], [ -79.117327867721656, -1.648690977105743 ], [ -79.117318316456647, -1.648700120662078 ] ], [ [ -79.117219277558533, -1.648788058904914 ], [ -79.117199146760512, -1.648804771670106 ], [ -79.117239413329244, -1.648770835252216 ], [ -79.117219277558533, -1.648788058904914 ] ], [ [ -79.116995238889444, -1.64896845078289 ], [ -79.116876541215959, -1.64906704111046 ], [ -79.117168675020821, -1.648829505988323 ], [ -79.116995238889444, -1.64896845078289 ] ], [ [ -79.11684229458794, -1.649105203293172 ], [ -79.116834583253606, -1.649115631700549 ], [ -79.11685029051948, -1.649095035575738 ], [ -79.11684229458794, -1.649105203293172 ] ], [ [ -79.116718164881704, -1.649289092826871 ], [ -79.116762609734295, -1.649224601874594 ], [ -79.116740912130879, -1.649257255660004 ], [ -79.116725933761956, -1.649278625594252 ], [ -79.116718164881704, -1.649289092826871 ] ], [ [ -79.11671001503494, -1.649299537090698 ], [ -79.116693145173954, -1.649319982905219 ], [ -79.116718164881704, -1.649289092826871 ], [ -79.11671001503494, -1.649299537090698 ] ], [ [ -79.116522614052855, -1.649504733334113 ], [ -79.116541964744599, -1.649487246728597 ], [ -79.116532324639536, -1.649496258169956 ], [ -79.116522614052855, -1.649504733334113 ] ], [ [ -79.1163872801704, -1.649604575453768 ], [ -79.116365861090003, -1.649619100531316 ], [ -79.116429588974697, -1.649574682952126 ], [ -79.1163872801704, -1.649604575453768 ] ], [ [ -79.116192362019959, -1.649721686770506 ], [ -79.116148027548533, -1.649750961546844 ], [ -79.116049688296457, -1.649819103919243 ], [ -79.116192362019959, -1.649721686770506 ] ], [ [ -79.115994573483377, -1.64985639618756 ], [ -79.115972131797008, -1.649870970012566 ], [ -79.116016777240361, -1.649841622299844 ], [ -79.115994573483377, -1.64985639618756 ] ], [ [ -79.115702037670957, -1.650041563620617 ], [ -79.115658148794594, -1.650068061897348 ], [ -79.115718992655957, -1.650031145393107 ], [ -79.115702037670957, -1.650041563620617 ] ], [ [ -79.115613868859256, -1.650093803860899 ], [ -79.11560685004423, -1.65009757600556 ], [ -79.115621157521218, -1.650089634859155 ], [ -79.115613868859256, -1.650093803860899 ] ], [ [ -79.115342589897637, -1.650215321743226 ], [ -79.115307169848876, -1.650231391433151 ], [ -79.115355367615308, -1.65020972781075 ], [ -79.115342589897637, -1.650215321743226 ] ], [ [ -79.115260092856118, -1.65025315751696 ], [ -79.115213097464974, -1.650275100905716 ], [ -79.115307169848876, -1.650231391433151 ], [ -79.115260092856118, -1.65025315751696 ] ], [ [ -79.115177959888939, -1.650291778504107 ], [ -79.115096736678183, -1.650333772232346 ], [ -79.115016291757186, -1.650378478486738 ], [ -79.115177959888939, -1.650291778504107 ] ], [ [ -79.114951347850933, -1.650412318241075 ], [ -79.114970019732311, -1.6504032527986 ], [ -79.114958298878165, -1.650409068487577 ], [ -79.114951347850933, -1.650412318241075 ] ], [ [ -79.114855090500072, -1.650444968977523 ], [ -79.114810008898729, -1.650457136140111 ], [ -79.114784772233918, -1.65046361801094 ], [ -79.114855090500072, -1.650444968977523 ] ], [ [ -79.114463536623035, -1.650493199988376 ], [ -79.114211365169425, -1.650499680502856 ], [ -79.114178141375135, -1.650500200394384 ], [ -79.114463536623035, -1.650493199988376 ] ], [ [ -79.112979677013072, -1.650492396606194 ], [ -79.112966384533649, -1.650493510583964 ], [ -79.113006335974887, -1.650490780885161 ], [ -79.112979677013072, -1.650492396606194 ] ], [ [ -79.11295312950115, -1.650494934748579 ], [ -79.112939933417735, -1.650496736033527 ], [ -79.112966384533649, -1.650493510583964 ], [ -79.11295312950115, -1.650494934748579 ] ], [ [ -79.112913642888202, -1.650501185060064 ], [ -79.112910028214998, -1.650501889771588 ], [ -79.112939933417735, -1.650496736033527 ], [ -79.112913642888202, -1.650501185060064 ] ], [ [ -79.112422173783813, -1.650602065415538 ], [ -79.112396658298209, -1.650607905879041 ], [ -79.112447780559634, -1.650596609336695 ], [ -79.112422173783813, -1.650602065415538 ] ], [ [ -79.112108626803845, -1.650687605343989 ], [ -79.112073076591358, -1.650697856090104 ], [ -79.112320287121264, -1.650628220601571 ], [ -79.112108626803845, -1.650687605343989 ] ], [ [ -79.112025220296658, -1.650713264560206 ], [ -79.111987788634224, -1.650727193722815 ], [ -79.112049508760649, -1.650705088209414 ], [ -79.112025220296658, -1.650713264560206 ] ], [ [ -79.111863852393142, -1.650776152377497 ], [ -79.111826519288144, -1.650790382737186 ], [ -79.111987788634224, -1.650727193722815 ], [ -79.111863852393142, -1.650776152377497 ] ], [ [ -79.111753601847667, -1.650813890847481 ], [ -79.11171744706364, -1.650823979147506 ], [ -79.111789538031701, -1.650803116931075 ], [ -79.111753601847667, -1.650813890847481 ] ], [ [ -79.111656909125799, -1.650839751640671 ], [ -79.111632108977076, -1.650845505061601 ], [ -79.111681171380553, -1.650833637821596 ], [ -79.111656909125799, -1.650839751640671 ] ], [ [ -79.111581366669739, -1.650856004402442 ], [ -79.111441431617735, -1.650883126840426 ], [ -79.111632108977076, -1.650845505061601 ], [ -79.111581366669739, -1.650856004402442 ] ], [ [ -79.111365381812234, -1.650899031880704 ], [ -79.1113401785462, -1.650905386223582 ], [ -79.111371081396811, -1.65089778828138 ], [ -79.111365381812234, -1.650899031880704 ] ], [ [ -79.111315043774951, -1.650912475770361 ], [ -79.111290006576581, -1.650919956941354 ], [ -79.1113401785462, -1.650905386223582 ], [ -79.111315043774951, -1.650912475770361 ] ], [ [ -79.110939240044871, -1.651018524389636 ], [ -79.11091412252776, -1.651024472806682 ], [ -79.111027411539567, -1.650998601718675 ], [ -79.110939240044871, -1.651018524389636 ] ], [ [ -79.110876350204464, -1.651034719583738 ], [ -79.110812897096906, -1.651055539370206 ], [ -79.110775059008148, -1.651068822483974 ], [ -79.110876350204464, -1.651034719583738 ] ], [ [ -79.110654029678145, -1.651116764717248 ], [ -79.110512835410944, -1.651178535016278 ], [ -79.110452364465743, -1.65120711501813 ], [ -79.110654029678145, -1.651116764717248 ] ], [ [ -79.11034517765998, -1.651261403678644 ], [ -79.110336514216471, -1.651266669759718 ], [ -79.110356752750647, -1.651254835580132 ], [ -79.11034517765998, -1.651261403678644 ] ], [ [ -79.109998953939012, -1.651442108124616 ], [ -79.10946372166849, -1.651770556101224 ], [ -79.10933251383959, -1.651847616343778 ], [ -79.109707561064852, -1.651609299681796 ], [ -79.109998953939012, -1.651442108124616 ] ], [ [ -79.107058070871659, -1.652483881440311 ], [ -79.107019190814427, -1.65248447891777 ], [ -79.107096969342919, -1.652483765933014 ], [ -79.107058070871659, -1.652483881440311 ] ], [ [ -79.106894755002912, -1.652492700159419 ], [ -79.106831612375402, -1.652498828125587 ], [ -79.106727574820312, -1.652510637002666 ], [ -79.106894755002912, -1.652492700159419 ] ], [ [ -79.106727574820312, -1.652510637002666 ], [ -79.106662501857855, -1.652517027144786 ], [ -79.106649463932044, -1.652517895354664 ], [ -79.106727574820312, -1.652510637002666 ] ], [ [ -79.106586155723264, -1.65251954993962 ], [ -79.106548120776424, -1.652519660839068 ], [ -79.10661149880616, -1.652519234263121 ], [ -79.106586155723264, -1.65251954993962 ] ], [ [ -79.106223128272646, -1.652502027645415 ], [ -79.10621159099199, -1.652500034607942 ], [ -79.106246854476169, -1.652505416254467 ], [ -79.106223128272646, -1.652502027645415 ] ], [ [ -79.106110001984433, -1.652472963029086 ], [ -79.10610095580418, -1.652469472779265 ], [ -79.106122194041234, -1.652477181192732 ], [ -79.106110001984433, -1.652472963029086 ] ], [ [ -79.105734709435467, -1.652225955994564 ], [ -79.105726016766596, -1.652220639266221 ], [ -79.105756099685294, -1.652239954060697 ], [ -79.105734709435467, -1.652225955994564 ] ], [ [ -79.104971550561004, -1.65176782685309 ], [ -79.104955913124101, -1.651758950614681 ], [ -79.104994166724893, -1.651781502379121 ], [ -79.104971550561004, -1.65176782685309 ] ], [ [ -79.104925110747445, -1.651743144823177 ], [ -79.10491381594737, -1.651738411208014 ], [ -79.104933624067797, -1.651747171366457 ], [ -79.104925110747445, -1.651743144823177 ] ], [ [ -79.104756257894053, -1.651703053929735 ], [ -79.10474323007179, -1.65170276292365 ], [ -79.104769284492193, -1.651703688540568 ], [ -79.104756257894053, -1.651703053929735 ] ], [ [ -79.104717291165798, -1.651703206416024 ], [ -79.104679306135679, -1.651707593431662 ], [ -79.104655611496995, -1.651715005237059 ], [ -79.104717291165798, -1.651703206416024 ] ], [ [ -79.104655611496995, -1.651715005237059 ], [ -79.104633445272825, -1.651726231631529 ], [ -79.104622734605556, -1.651732797788506 ], [ -79.104655611496995, -1.651715005237059 ] ], [ [ -79.104602022737069, -1.651747288931012 ], [ -79.104592081804725, -1.651755144348967 ], [ -79.104612254419195, -1.651739835268522 ], [ -79.104602022737069, -1.651747288931012 ] ], [ [ -79.10458250257679, -1.651763434142591 ], [ -79.104573389214821, -1.651772232558494 ], [ -79.104592081804725, -1.651755144348967 ], [ -79.10458250257679, -1.651763434142591 ] ], [ [ -79.104565198533123, -1.651781170206602 ], [ -79.104542687570245, -1.651810083838042 ], [ -79.104496441671685, -1.651877445873054 ], [ -79.104565198533123, -1.651781170206602 ] ], [ [ -79.104403899601351, -1.652009547684145 ], [ -79.104395996245401, -1.652019652961442 ], [ -79.104419230451427, -1.651988946046555 ], [ -79.104403899601351, -1.652009547684145 ] ], [ [ -79.104387664193268, -1.652029850058034 ], [ -79.104387664193254, -1.652029850058044 ], [ -79.104395996245401, -1.652019652961442 ], [ -79.104387664193268, -1.652029850058034 ] ], [ [ -79.104254167345601, -1.65217573359396 ], [ -79.104226656245046, -1.652203370163213 ], [ -79.104272417902081, -1.652156700884358 ], [ -79.104254167345601, -1.65217573359396 ] ], [ [ -79.104180199352285, -1.652248833437399 ], [ -79.104086948034023, -1.652339413332286 ], [ -79.104226656245046, -1.652203370163213 ], [ -79.104180199352285, -1.652248833437399 ] ], [ [ -79.103907804210863, -1.652494367542995 ], [ -79.103878715879858, -1.652521335262634 ], [ -79.103927727247907, -1.652476944164331 ], [ -79.103907804210863, -1.652494367542995 ] ], [ [ -79.103850049404556, -1.65254879076403 ], [ -79.103812115255238, -1.652585731731577 ], [ -79.103878715879858, -1.652521335262634 ], [ -79.103850049404556, -1.65254879076403 ] ], [ [ -79.103672871338077, -1.652723885716264 ], [ -79.103663106732199, -1.65273245834008 ], [ -79.103691876426751, -1.652706075358526 ], [ -79.103672871338077, -1.652723885716264 ] ], [ [ -79.103622142903049, -1.652762516130331 ], [ -79.103643007289719, -1.652748288294996 ], [ -79.103632676949317, -1.65275554201349 ], [ -79.103622142903049, -1.652762516130331 ] ], [ [ -79.103509593589763, -1.652814974225496 ], [ -79.103533054187622, -1.652808008916607 ], [ -79.10352138558487, -1.652811811726313 ], [ -79.103509593589763, -1.652814974225496 ] ], [ [ -79.103509593589763, -1.652814974225496 ], [ -79.103484735142573, -1.652818786963822 ], [ -79.103471671446258, -1.652819373909805 ], [ -79.103509593589763, -1.652814974225496 ] ], [ [ -79.102923257950565, -1.652515371511859 ], [ -79.102920292622002, -1.652503181511216 ], [ -79.10292406507665, -1.652517921673446 ], [ -79.102923257950565, -1.652515371511859 ] ], [ [ -79.102912955606158, -1.652351129857953 ], [ -79.1029131219492, -1.652349657593262 ], [ -79.102912862335316, -1.652352250791296 ], [ -79.102912955606158, -1.652351129857953 ] ], [ [ -79.102673244205107, -1.65090840057742 ], [ -79.102671392100603, -1.650900959690043 ], [ -79.102686399315942, -1.650957311004115 ], [ -79.102673244205107, -1.65090840057742 ] ], [ [ -79.102658140413482, -1.650845935751001 ], [ -79.102646795255438, -1.650795788275267 ], [ -79.102658231196486, -1.650846318690865 ], [ -79.102658140413482, -1.650845935751001 ] ], [ [ -79.102621475729663, -1.650651958682743 ], [ -79.102621110011611, -1.650649964345917 ], [ -79.102634226537276, -1.650732095234445 ], [ -79.102621475729663, -1.650651958682743 ] ], [ [ -79.102609767403621, -1.650600074747787 ], [ -79.102605950281884, -1.650587842339667 ], [ -79.102610621873339, -1.6506031414285 ], [ -79.102609767403621, -1.650600074747787 ] ], [ [ -79.102476982318592, -1.650355684357586 ], [ -79.102468706535589, -1.650346355657817 ], [ -79.102479651848512, -1.650358898299536 ], [ -79.102476982318592, -1.650355684357586 ] ], [ [ -79.101963371446942, -1.650097905675826 ], [ -79.101941722380531, -1.650084027639072 ], [ -79.101974421404705, -1.650104775297291 ], [ -79.101963371446942, -1.650097905675826 ] ], [ [ -79.101672117096356, -1.649845346342515 ], [ -79.101660524764398, -1.649821816323637 ], [ -79.101678221689042, -1.649856874741287 ], [ -79.101672117096356, -1.649845346342515 ] ], [ [ -79.100528448989706, -1.647340299930337 ], [ -79.100528453935226, -1.647339914632086 ], [ -79.100528448989706, -1.647340299930344 ], [ -79.100528448989706, -1.647340299930337 ] ], [ [ -79.10055805032377, -1.64694898008402 ], [ -79.100565049803635, -1.646924528436418 ], [ -79.100566448286543, -1.646920856756424 ], [ -79.10055805032377, -1.64694898008402 ] ], [ [ -79.100747220380597, -1.646533060600368 ], [ -79.100747226743053, -1.646533495028774 ], [ -79.100747226743053, -1.646533495028782 ], [ -79.100747220380597, -1.646533060600368 ] ], [ [ -79.100715473179662, -1.646233386891417 ], [ -79.10071467541259, -1.646228835682174 ], [ -79.100716485704027, -1.646239730573644 ], [ -79.100715473179662, -1.646233386891417 ] ], [ [ -79.100699008668542, -1.646155066186054 ], [ -79.100694909708082, -1.646142504389398 ], [ -79.10070250629451, -1.646167846228556 ], [ -79.100699008668542, -1.646155066186054 ] ], [ [ -79.100633080461179, -1.6460260036353 ], [ -79.100615505468852, -1.645997221327286 ], [ -79.10064668172997, -1.646048821209875 ], [ -79.100633080461179, -1.6460260036353 ] ], [ [ -79.100309136095689, -1.645094075494972 ], [ -79.100307720121464, -1.645088274127262 ], [ -79.100316142941594, -1.645119733238844 ], [ -79.100309136095689, -1.645094075494972 ] ], [ [ -79.100295283376369, -1.645029324295942 ], [ -79.100294263739571, -1.64502305171567 ], [ -79.100300104630179, -1.645055328975666 ], [ -79.100295283376369, -1.645029324295942 ] ], [ [ -79.100214383898674, -1.644399380567464 ], [ -79.100214683762786, -1.644396518266247 ], [ -79.100214208791826, -1.644401601502302 ], [ -79.100214383898674, -1.644399380567464 ] ], [ [ -79.100226395559474, -1.644130623220877 ], [ -79.100220765152912, -1.644119347579684 ], [ -79.100228205442946, -1.644134595864487 ], [ -79.100226395559474, -1.644130623220877 ] ], [ [ -79.100168421441012, -1.644047908960772 ], [ -79.100159244172559, -1.644038853410224 ], [ -79.100173170950796, -1.644052816395871 ], [ -79.100168421441012, -1.644047908960772 ] ], [ [ -79.100169352971704, -1.643345879340961 ], [ -79.10017006776981, -1.643345112471876 ], [ -79.100167306030471, -1.643347974682178 ], [ -79.100169352971704, -1.643345879340961 ] ], [ [ -79.100239393448561, -1.643237758687874 ], [ -79.10024097232305, -1.643233877371454 ], [ -79.100234289450739, -1.643249441803037 ], [ -79.100239393448561, -1.643237758687874 ] ], [ [ -79.100285013606012, -1.643011365646222 ], [ -79.100286449736245, -1.643000890253328 ], [ -79.100277358303515, -1.643072845559681 ], [ -79.100285013606012, -1.643011365646222 ] ], [ [ -79.100315900231578, -1.642742230285556 ], [ -79.100318658090202, -1.64271726820019 ], [ -79.100315063502876, -1.642748789514069 ], [ -79.100315900231578, -1.642742230285556 ] ], [ [ -79.100292345215877, -1.641849621887318 ], [ -79.100253754696823, -1.641797100196758 ], [ -79.100299267516831, -1.641859289136519 ], [ -79.100292345215877, -1.641849621887318 ] ], [ [ -79.100147277035859, -1.641645939599141 ], [ -79.100139132510222, -1.641635597433813 ], [ -79.10016295186702, -1.641667168589687 ], [ -79.100147277035859, -1.641645939599141 ] ], [ [ -79.099971277573545, -1.641478212252948 ], [ -79.099961381475893, -1.641470101846906 ], [ -79.099990746784655, -1.641494864071091 ], [ -79.099971277573545, -1.641478212252948 ] ], [ [ -79.099951323434723, -1.641462209204049 ], [ -79.099941384432043, -1.64145481218976 ], [ -79.099961381475893, -1.641470101846906 ], [ -79.099951323434723, -1.641462209204049 ] ], [ [ -79.099306795139015, -1.64090928481899 ], [ -79.099301383271822, -1.640903903918793 ], [ -79.099315658781379, -1.640918369891939 ], [ -79.099306795139015, -1.64090928481899 ] ], [ [ -79.09918337775818, -1.64074149842629 ], [ -79.099178692962155, -1.640729856589258 ], [ -79.099188354691634, -1.640753022993635 ], [ -79.09918337775818, -1.64074149842629 ] ], [ [ -79.099936355370573, -1.63216053589013 ], [ -79.099998672381517, -1.632112101609391 ], [ -79.099896772462529, -1.632193904404342 ], [ -79.099936355370573, -1.63216053589013 ] ], [ [ -79.100338701520201, -1.631695771019934 ], [ -79.100387846444846, -1.631610381193488 ], [ -79.100288168659404, -1.631779867384614 ], [ -79.100338701520201, -1.631695771019934 ] ], [ [ -79.102028123797353, -1.628913904235426 ], [ -79.102046980014237, -1.628799288061337 ], [ -79.101992027158673, -1.629024816632221 ], [ -79.102028123797353, -1.628913904235426 ] ], [ [ -79.102041060902437, -1.628540531188118 ], [ -79.10208259609584, -1.628447185791959 ], [ -79.102041060902437, -1.628540531188133 ], [ -79.102041060902437, -1.628540531188118 ] ], [ [ -79.102279961914519, -1.627789491049191 ], [ -79.102312976265964, -1.627686464143913 ], [ -79.102247770213566, -1.62789679119356 ], [ -79.102279961914519, -1.627789491049191 ] ], [ [ -79.10238995047915, -1.627467460422326 ], [ -79.102436584716557, -1.627370356415217 ], [ -79.10234961348327, -1.627581554450925 ], [ -79.10238995047915, -1.627467460422326 ] ], [ [ -79.104305885245495, -1.624989709093989 ], [ -79.10431075307298, -1.625000108322461 ], [ -79.10431075307298, -1.625000108322478 ], [ -79.104305885245495, -1.624989709093989 ] ], [ [ -79.104297335683398, -1.624008922481622 ], [ -79.104313127609402, -1.623983746545687 ], [ -79.104292865251949, -1.624019102653175 ], [ -79.104297335683398, -1.624008922481622 ] ], [ [ -79.104805959587765, -1.622732221277408 ], [ -79.104819811404198, -1.622702365019867 ], [ -79.104800473454176, -1.622742336530399 ], [ -79.104805959587765, -1.622732221277408 ] ], [ [ -79.105104940053025, -1.62196882667233 ], [ -79.10511788786728, -1.621955838018658 ], [ -79.105082584495236, -1.621997710118914 ], [ -79.105104940053025, -1.62196882667233 ] ], [ [ -79.105438361292371, -1.621700689422888 ], [ -79.105465976531178, -1.621643208408375 ], [ -79.105475411129078, -1.621630327439515 ], [ -79.105438361292371, -1.621700689422888 ] ], [ [ -79.105649168012818, -1.621408281016098 ], [ -79.105699795580747, -1.621346100688398 ], [ -79.105722045901729, -1.621320211917209 ], [ -79.105649168012818, -1.621408281016098 ] ], [ [ -79.105877820045606, -1.620800311299032 ], [ -79.10587810569119, -1.620795951003042 ], [ -79.105871048257214, -1.620858745130568 ], [ -79.105877820045606, -1.620800311299032 ] ], [ [ -79.105237880686389, -1.619076931401387 ], [ -79.105164965968171, -1.619012357981195 ], [ -79.10512325751958, -1.618988337747917 ], [ -79.105237880686389, -1.619076931401387 ] ], [ [ -79.104448845198604, -1.617167531464696 ], [ -79.104458427643351, -1.617106045834278 ], [ -79.104447155526728, -1.617177530499435 ], [ -79.104448845198604, -1.617167531464696 ] ], [ [ -79.104701783596411, -1.61468927759485 ], [ -79.104681516514418, -1.614643405243263 ], [ -79.104715672602154, -1.614709663471704 ], [ -79.104701783596411, -1.61468927759485 ] ], [ [ -79.104658254246146, -1.614441080855396 ], [ -79.104665636996188, -1.614448162383965 ], [ -79.104665636996188, -1.61444816238397 ], [ -79.104658254246146, -1.614441080855396 ] ], [ [ -79.104259009553161, -1.613925468896892 ], [ -79.104245078602645, -1.613903494717452 ], [ -79.104279519807321, -1.613972665248944 ], [ -79.104259009553161, -1.613925468896892 ] ], [ [ -79.103330369344164, -1.613145532689033 ], [ -79.103270531080639, -1.613095548812707 ], [ -79.10336485266204, -1.613171715736582 ], [ -79.103330369344164, -1.613145532689033 ] ], [ [ -79.102928338286986, -1.612234913922969 ], [ -79.10292581472811, -1.612219441506162 ], [ -79.102938974758374, -1.612262488128557 ], [ -79.102928338286986, -1.612234913922969 ] ], [ [ -79.102862284704713, -1.610977637325268 ], [ -79.102827155281446, -1.610883880505507 ], [ -79.102909766459177, -1.611067286975755 ], [ -79.102862284704713, -1.610977637325268 ] ], [ [ -79.102475013965389, -1.610003309543921 ], [ -79.102458163698387, -1.609910161243106 ], [ -79.102482717608467, -1.610090161293547 ], [ -79.102475013965389, -1.610003309543921 ] ] ] } },
{ "type": "Feature", "properties": { "DPA_DESPRO": "PICHINCHA", "DPA_CANTON": "1701", "DPA_DESCAN": "DISTRITO METROPOLITANO DE QUITO", "DPA_PROVIN": "17", "DPA_ANIO": "2024", "fcode": "HA003" }, "geometry": { "type": "Polygon", "coordinates": [ [ [ -78.31787517588856, -0.581172017015864 ], [ -78.330195333508215, -0.658816140868993 ], [ -78.362952207407204, -0.676464387443204 ], [ -78.396471647343446, -0.676505979810385 ], [ -78.371507057997221, -0.672866638139106 ], [ -78.363521907002266, -0.661790515712261 ], [ -78.385684808500471, -0.628660208803878 ], [ -78.409070610306159, -0.623498431757183 ], [ -78.406905940712235, -0.612384190997906 ], [ -78.416283270383275, -0.60763024797347 ], [ -78.419894570167585, -0.613452090952576 ], [ -78.429896111458149, -0.600899746532977 ], [ -78.45082096877853, -0.620760611179724 ], [ -78.456628294580668, -0.608906176357908 ], [ -78.473556136098836, -0.613205922110512 ], [ -78.487843293613508, -0.636803856167864 ], [ -78.49294414334112, -0.624635788423235 ], [ -78.499769530866061, -0.625746226791374 ], [ -78.498860219677397, -0.633733407271506 ], [ -78.515916878671277, -0.634620783159062 ], [ -78.537860791582759, -0.626590168189573 ], [ -78.537823796300103, -0.619698408155248 ], [ -78.551364652976986, -0.633831274156682 ], [ -78.559664533397353, -0.612753683150371 ], [ -78.571378727293251, -0.610227699744916 ], [ -78.579408147446202, -0.617866163656612 ], [ -78.611549263898766, -0.597488036414788 ], [ -78.639833439223111, -0.620033785476231 ], [ -78.648119971169578, -0.642808666475078 ], [ -78.657527492031861, -0.636544799727123 ], [ -78.671788631738607, -0.651909396947445 ], [ -78.715858207768463, -0.663064162942975 ], [ -78.739131409790616, -0.621964896768148 ], [ -78.728328546492207, -0.5890247435123 ], [ -78.733421189781879, -0.55965583859954 ], [ -78.778331691613374, -0.538493155325469 ], [ -78.795382530735679, -0.543573774023731 ], [ -78.832304026024858, -0.524698584134935 ], [ -78.838444540875315, -0.477787983451282 ], [ -78.856671531941558, -0.464963069235865 ], [ -78.861557626965535, -0.43375969724776 ], [ -78.875094920064214, -0.414268901748759 ], [ -78.893089162747529, -0.412794900493117 ], [ -78.899602578836209, -0.385578951315534 ], [ -78.915805369974265, -0.372149594349158 ], [ -78.906823602109341, -0.35965833258025 ], [ -78.918332627571417, -0.340316962365322 ], [ -78.948023770214732, -0.327988704608693 ], [ -78.954850607220934, -0.31663632875442 ], [ -78.929256219018598, -0.313730830396833 ], [ -78.899227299662911, -0.335888568066568 ], [ -78.867484193203936, -0.33169023970011 ], [ -78.856547168131129, -0.34938704133891 ], [ -78.819661550807325, -0.345559471295087 ], [ -78.817156178118736, -0.334544351829788 ], [ -78.773813386066237, -0.298300688897574 ], [ -78.773170487455431, -0.279167022059655 ], [ -78.746125216243996, -0.277416663151089 ], [ -78.759009161575477, -0.240521328763504 ], [ -78.78392598401328, -0.211874107159023 ], [ -78.79473555007786, -0.213745973996162 ], [ -78.832218566079959, -0.188681434227392 ], [ -78.829442878131928, -0.178718147647972 ], [ -78.842635412716888, -0.166276325816747 ], [ -78.833166396005765, -0.160005508015914 ], [ -78.835110888796578, -0.137665567816945 ], [ -78.858930917401807, -0.133814199805712 ], [ -78.881131874331459, -0.110375657299394 ], [ -78.907567741257694, -0.107667207293512 ], [ -78.928776055533376, -0.121146019335327 ], [ -78.964967799260947, -0.101200978240961 ], [ -78.983355315642115, -0.111561448945949 ], [ -78.990591444043318, -0.105985516504787 ], [ -79.024411468519943, -0.117772175270342 ], [ -79.045400389171192, -0.101821335932132 ], [ -79.094944031278942, -0.091548788685369 ], [ -79.102007218817349, -0.083005723062581 ], [ -79.116764505139429, -0.092109787620997 ], [ -79.122610956976061, -0.085076207939358 ], [ -79.136344789007779, -0.094132125784699 ], [ -79.149453079171863, -0.091900249772583 ], [ -79.127150347423239, -0.049044978270749 ], [ -79.101901880478195, -0.036259416305412 ], [ -79.097610742925056, -0.026567705035689 ], [ -79.142523138113333, -0.013723943776951 ], [ -79.183593064029111, -0.014465179875131 ], [ -79.197812942219514, 0.000094574211342 ], [ -79.232074189240663, 0.003015119682024 ], [ -79.237799411755844, 0.012159773957485 ], [ -79.248821286970411, 0.006264996544636 ], [ -79.303250816058949, 0.02074699321351 ], [ -79.312858761942721, 0.010471002356208 ], [ -79.322204682579596, 0.022480454669414 ], [ -79.34057092757277, 0.018933395352922 ], [ -79.342793123297298, 0.02458034255225 ], [ -79.348684166581009, 0.017765277943487 ], [ -79.365158610770251, 0.018644444081754 ], [ -79.371528536835555, 0.033086546504334 ], [ -79.368022342749839, 0.053772207159459 ], [ -79.331805087017045, 0.115080699941936 ], [ -79.324832963717895, 0.156376654281502 ], [ -79.313389013638741, 0.158165789171688 ], [ -79.304101836035201, 0.17323130063124 ], [ -79.330229807149905, 0.21053727227348 ], [ -79.348574794690037, 0.212461571234527 ], [ -79.363007278674999, 0.236782492732156 ], [ -79.359844999559002, 0.247522499622275 ], [ -79.314929410948594, 0.254799397455402 ], [ -79.312414245505096, 0.262775462634461 ], [ -79.298033994311581, 0.259454570411644 ], [ -79.292029970429169, 0.281559661274846 ], [ -79.281323335704556, 0.285864018703462 ], [ -79.279022778261648, 0.309238808734109 ], [ -79.272144674914813, 0.308883364071579 ], [ -79.273902218163201, 0.322333844675833 ], [ -79.243094726385976, 0.319838169023485 ], [ -79.232124591086318, 0.326989113039365 ], [ -79.178755419667951, 0.312415537085773 ], [ -79.133423308538426, 0.320865540077298 ], [ -79.111543547617174, 0.298328661372876 ], [ -79.11225151056064, 0.307581465636971 ], [ -79.087995904069928, 0.299494200798002 ], [ -79.059312056668574, 0.307202913158548 ], [ -79.056476422787526, 0.293572481714315 ], [ -79.031122234103591, 0.292528525951957 ], [ -79.031442546382351, 0.283034672490672 ], [ -79.01763773430423, 0.2769857690569 ], [ -79.00999975901496, 0.225967221728377 ], [ -78.981099426639844, 0.210713636525564 ], [ -78.966299525776705, 0.223396629509324 ], [ -78.94745883044358, 0.203872545234668 ], [ -78.924463012658435, 0.221612550383755 ], [ -78.909331524568415, 0.213370432977415 ], [ -78.855950385539501, 0.237627325746546 ], [ -78.833031276248136, 0.241535649590432 ], [ -78.811149645774179, 0.230532582909061 ], [ -78.777034347874078, 0.243348142679583 ], [ -78.754256049512804, 0.240391395506132 ], [ -78.709112132907109, 0.215466292144075 ], [ -78.682598774703209, 0.22349822997237 ], [ -78.67502582985999, 0.210514233347233 ], [ -78.656717890871633, 0.216483771637283 ], [ -78.638171874598527, 0.206452570261271 ], [ -78.625149062586473, 0.218030367208312 ], [ -78.57583047116745, 0.225334815202351 ], [ -78.566125501670001, 0.222452400029389 ], [ -78.561250247808985, 0.207217154157014 ], [ -78.537288565403585, 0.205482967904477 ], [ -78.523905692653813, 0.21356712970428 ], [ -78.519280839964637, 0.228013790142282 ], [ -78.510159167037671, 0.226571388694218 ], [ -78.510159166757632, 0.243834783131981 ], [ -78.49460566616915, 0.259009507743931 ], [ -78.496896612068596, 0.277313822962756 ], [ -78.487957566063542, 0.263484167126006 ], [ -78.46634980539848, 0.259675873126208 ], [ -78.452454142704966, 0.23710536775743 ], [ -78.45007117379248, 0.213043249674692 ], [ -78.43362801589754, 0.195020861339206 ], [ -78.410231289337858, 0.217826653561989 ], [ -78.40236008884736, 0.240673882493468 ], [ -78.392131648427906, 0.238080701123946 ], [ -78.393255230123359, 0.245375109337533 ], [ -78.3733779663186, 0.260437638951634 ], [ -78.354559397425135, 0.244474304229517 ], [ -78.354198197429724, 0.229676822523506 ], [ -78.343455985378199, 0.229623358188557 ], [ -78.350152084150437, 0.210987176376837 ], [ -78.356823418643813, 0.217203287341538 ], [ -78.363864752290382, 0.208506771918606 ], [ -78.358527721085295, 0.20019587386044 ], [ -78.374975295190595, 0.160869468394411 ], [ -78.35780319106884, 0.171094082198458 ], [ -78.339332312163208, 0.203855191761454 ], [ -78.332950535117973, 0.202125161627996 ], [ -78.330680744899823, 0.191424831316551 ], [ -78.306806896094898, 0.182873685310946 ], [ -78.296688857441723, 0.162753303458832 ], [ -78.301235109977569, 0.154584560009271 ], [ -78.284909812290721, 0.151009640602826 ], [ -78.289947597491889, 0.134668213120719 ], [ -78.282909912430256, 0.128679514013822 ], [ -78.266821111475323, 0.137773333677059 ], [ -78.229981418527743, 0.121119163123486 ], [ -78.224244053660811, 0.129213417495515 ], [ -78.201617799327892, 0.127872529595614 ], [ -78.195872693903553, 0.134973276030697 ], [ -78.154040526377088, 0.141182806684493 ], [ -78.148362980828807, 0.158801261552904 ], [ -78.134097750743294, 0.152702015793679 ], [ -78.107989216377547, 0.158342438587272 ], [ -78.092548562648901, 0.187277556252729 ], [ -78.09166108863765, 0.181108615047108 ], [ -78.079791755121462, 0.19057881379572 ], [ -78.050417741163031, 0.192822580430691 ], [ -78.033846304124637, 0.182195688857143 ], [ -78.023982104513593, 0.188359223924699 ], [ -78.001886383889172, 0.172038353044919 ], [ -77.966792263414618, 0.168579065331568 ], [ -77.976744236665169, 0.105588227781978 ], [ -77.962380262707072, 0.112862584502164 ], [ -77.945970599703955, 0.099296151963741 ], [ -77.936768574994019, 0.103870077091106 ], [ -77.918244384645405, 0.081763301091693 ], [ -77.893088193011565, 0.084166039214885 ], [ -77.8594346118647, 0.062297877056841 ], [ -77.854711239565177, 0.02450923361093 ], [ -77.839489868312967, 0.026500722432667 ], [ -77.844874463630916, 0.003857031097397 ], [ -77.934534692556554, -0.041208360562056 ], [ -77.943456588344233, -0.052756310723435 ], [ -77.934936774101814, -0.067404106866292 ], [ -77.939035102369374, -0.083276089636823 ], [ -77.931165783571515, -0.087882352394515 ], [ -77.932815894958125, -0.1004393123683 ], [ -77.954894754180359, -0.095047830807131 ], [ -77.969565474831938, -0.122784313671681 ], [ -77.995464244249661, -0.111160034363631 ], [ -78.000031511432951, -0.128275591917936 ], [ -78.018894309213323, -0.141043386488605 ], [ -78.04024281362247, -0.1382978141679 ], [ -78.057748402970461, -0.146217298316999 ], [ -78.055098731660081, -0.163771594913499 ], [ -78.072632639555195, -0.184844742657475 ], [ -78.084499296725042, -0.189845664436175 ], [ -78.090795820334876, -0.180125366696238 ], [ -78.100857426764435, -0.191386690975447 ], [ -78.10783092473396, -0.179544060974326 ], [ -78.124757084574767, -0.180926068310958 ], [ -78.131966636923508, -0.167438233109104 ], [ -78.140561679109354, -0.166788411967507 ], [ -78.171788717245946, -0.193376988611799 ], [ -78.189875008170574, -0.197631820156353 ], [ -78.185525909182644, -0.264890223121182 ], [ -78.196479132188884, -0.305349926396348 ], [ -78.192901617781104, -0.324885373361213 ], [ -78.25599689479229, -0.408480510036391 ], [ -78.235994529348986, -0.435776600156991 ], [ -78.235334333306668, -0.45086900870746 ], [ -78.239623066641045, -0.461097681202681 ], [ -78.248555328994314, -0.458847652955045 ], [ -78.254769281684403, -0.503140317348818 ], [ -78.270110476298811, -0.509774879705646 ], [ -78.26558217667376, -0.528683999500174 ], [ -78.279242471872038, -0.562288918774212 ], [ -78.288117472397104, -0.579046113104739 ], [ -78.31787517588856, -0.581172017015864 ] ] ] } },
{ "type": "Feature", "properties": { "DPA_DESPRO": "AZUAY", "DPA_CANTON": "0101", "DPA_DESCAN": "CUENCA", "DPA_PROVIN": "01", "DPA_ANIO": "2024", "fcode": "HA003" }, "geometry": { "type": "Polygon", "coordinates": [ [ [ -79.053776402979508, -3.46188232083933 ], [ -79.042862874101658, -3.472375103642306 ], [ -79.044271114125308, -3.482167288033709 ], [ -79.067106734057674, -3.502133682249862 ], [ -79.068072953270914, -3.512757600142357 ], [ -79.057101127348957, -3.541001635927335 ], [ -79.046081935944983, -3.549442615522768 ], [ -79.056644099164686, -3.572597723019365 ], [ -79.044867857368089, -3.576726509297128 ], [ -79.068964187732277, -3.590714694707722 ], [ -79.056276687683578, -3.598543130288034 ], [ -79.058373515868382, -3.610681049772038 ], [ -79.10285438103287, -3.627097219477579 ], [ -79.117977341594454, -3.601504178018287 ], [ -79.133455001044268, -3.598383425479186 ], [ -79.139926190962541, -3.567896598652432 ], [ -79.136177720474763, -3.527636717012551 ], [ -79.158872692585021, -3.504220945228725 ], [ -79.156926287346124, -3.47566418876286 ], [ -79.175999474404151, -3.467470123091488 ], [ -79.181236081032495, -3.44078108838284 ], [ -79.256770165980868, -3.475869690840577 ], [ -79.276788381923069, -3.476631922570043 ], [ -79.289162516000729, -3.466945252494994 ], [ -79.30203828618761, -3.435849706834389 ], [ -79.299610965928238, -3.406787640519676 ], [ -79.308832166620761, -3.394036239060953 ], [ -79.301726450816645, -3.363838444411877 ], [ -79.334015037041539, -3.339931483240642 ], [ -79.377077913986355, -3.349456216470446 ], [ -79.428905626124404, -3.344024148676601 ], [ -79.481896958379821, -3.315490194655488 ], [ -79.514890767191758, -3.30744092892148 ], [ -79.569037957269259, -3.314636940541578 ], [ -79.579800837531536, -3.325018347742332 ], [ -79.610431115605408, -3.329378459082593 ], [ -79.630831426887056, -3.318544065830308 ], [ -79.649099922807977, -3.326473467997986 ], [ -79.668988449933167, -3.32163152672898 ], [ -79.644234591905615, -3.302308889166265 ], [ -79.633309060153763, -3.267822144273137 ], [ -79.636775177617437, -3.248244480841312 ], [ -79.627741081890619, -3.232152865876743 ], [ -79.60147615851217, -3.215200333353992 ], [ -79.599814658447045, -3.17629278904763 ], [ -79.619716342245766, -3.136649961099454 ], [ -79.636766639155255, -3.137191217834345 ], [ -79.672906228874638, -3.121095532682032 ], [ -79.688723555269377, -3.105502698365041 ], [ -79.730876292678502, -3.097585386105039 ], [ -79.763082858997166, -3.067259188642262 ], [ -79.763772805901922, -3.06225953919726 ], [ -79.749516684919257, -3.054118505444682 ], [ -79.734052099075342, -3.009989434619188 ], [ -79.712292404652217, -3.015344896124955 ], [ -79.71530112591941, -2.991832044023882 ], [ -79.727776244155791, -2.985859164797323 ], [ -79.725866837430033, -2.979211981421778 ], [ -79.669945871440788, -2.971505169436015 ], [ -79.645252007751154, -2.98947868593216 ], [ -79.635515985439952, -2.977411970635622 ], [ -79.645854263732758, -2.956101374054099 ], [ -79.60836648432435, -2.921071132204287 ], [ -79.593840230622206, -2.917767688401833 ], [ -79.596703350972192, -2.910042737362454 ], [ -79.585751944051097, -2.908101111109471 ], [ -79.58575200566257, -2.901824206488782 ], [ -79.62014056888907, -2.898926885947348 ], [ -79.620148792730461, -2.892131524441468 ], [ -79.561216111042469, -2.895556110701857 ], [ -79.550770652478349, -2.881038048636782 ], [ -79.591704098179434, -2.876597679047767 ], [ -79.601387691532722, -2.857748125775259 ], [ -79.634817167074374, -2.849127088311924 ], [ -79.6703155732082, -2.82485048573707 ], [ -79.637775759710621, -2.815506553884431 ], [ -79.630136637739724, -2.823622053074173 ], [ -79.621870563727086, -2.814162205319027 ], [ -79.502940759201238, -2.767744292697373 ], [ -79.486969362055063, -2.677846011468438 ], [ -79.460040108353141, -2.657386325909623 ], [ -79.473097777659277, -2.60757194419937 ], [ -79.447573650652203, -2.61120674786156 ], [ -79.437172936569652, -2.601764413328258 ], [ -79.424997779365285, -2.606784632786466 ], [ -79.428287350491999, -2.518038777885926 ], [ -79.397492101320225, -2.516904945254852 ], [ -79.391702499623108, -2.529654167019498 ], [ -79.379187222485911, -2.529654166559605 ], [ -79.375957790936766, -2.544199047204224 ], [ -79.361927567494917, -2.544199058378878 ], [ -79.355790046490881, -2.561442876315763 ], [ -79.356056721551425, -2.567611467086186 ], [ -79.367368960804583, -2.567611149733434 ], [ -79.362295270182415, -2.574966942765829 ], [ -79.304176351127651, -2.572018242840772 ], [ -79.303752234264877, -2.619423020345357 ], [ -79.280220784636398, -2.650541742383246 ], [ -79.24069623507981, -2.677641561131385 ], [ -79.23263573297902, -2.693395516716789 ], [ -79.216541425148648, -2.68588605254359 ], [ -79.206330948676197, -2.692664854859329 ], [ -79.201971058136181, -2.705638072245646 ], [ -79.214747908833942, -2.723002897497454 ], [ -79.176818052276943, -2.745007356556678 ], [ -79.163672952960894, -2.730796100038068 ], [ -79.145328734547633, -2.731198425349278 ], [ -79.143630502163361, -2.714138885844784 ], [ -79.12003849111116, -2.716774657321193 ], [ -79.093935225449172, -2.696915552789311 ], [ -79.080263124677842, -2.648123731064687 ], [ -79.054414429750892, -2.637831994028455 ], [ -79.03450713916844, -2.646167342308293 ], [ -79.019025494066426, -2.663540433512869 ], [ -79.024086198744214, -2.678675118761808 ], [ -79.010203923469092, -2.713713241684498 ], [ -78.985459810385251, -2.719632716263586 ], [ -78.995210906982621, -2.748499917724134 ], [ -78.973932295251913, -2.748505276186699 ], [ -78.948520735765811, -2.775599743569696 ], [ -78.944513679653227, -2.828920832769707 ], [ -78.880489862266131, -2.841277100055408 ], [ -78.872769695819571, -2.837816440797003 ], [ -78.880936261325687, -2.82908276276077 ], [ -78.874962071159175, -2.819208276427172 ], [ -78.815412905489055, -2.82227458386898 ], [ -78.82160666703524, -2.810258611396675 ], [ -78.815404094382387, -2.778549952542005 ], [ -78.79501996625541, -2.774227053593528 ], [ -78.792624933542598, -2.734541765443586 ], [ -78.80085921606576, -2.712701515772789 ], [ -78.774482358923748, -2.675283296099632 ], [ -78.748035864852895, -2.674192995849537 ], [ -78.732506721033303, -2.691314725471257 ], [ -78.702662713972046, -2.68609964238117 ], [ -78.686682403015851, -2.669421422817777 ], [ -78.666842375591955, -2.677331279005857 ], [ -78.658353140774736, -2.654667884855135 ], [ -78.637331390379543, -2.648113098550792 ], [ -78.616775000283539, -2.627458333533766 ], [ -78.625280217604171, -2.607586517637835 ], [ -78.622168770541748, -2.593850256130611 ], [ -78.579856223353147, -2.5739735637844 ], [ -78.565843831311099, -2.554430947375006 ], [ -78.556256903456088, -2.559629391647523 ], [ -78.567588856149513, -2.59124657571407 ], [ -78.563081662760155, -2.606747783103113 ], [ -78.536020556424361, -2.627093150704539 ], [ -78.519084987775514, -2.588139208661266 ], [ -78.497762394089577, -2.571812589038899 ], [ -78.480564557880584, -2.572478760164549 ], [ -78.461190352662385, -2.590598749800705 ], [ -78.436577231379033, -2.599114617075881 ], [ -78.422137215638216, -2.630606019814358 ], [ -78.441033077543452, -2.649030878880799 ], [ -78.474164414239283, -2.662858885816243 ], [ -78.487946427566627, -2.661274193680709 ], [ -78.52365560406318, -2.692251080474861 ], [ -78.552440397233568, -2.694900703520521 ], [ -78.579501744034246, -2.709260423667229 ], [ -78.592100628276853, -2.761582874935093 ], [ -78.600477794840629, -2.761909918671432 ], [ -78.614639647221352, -2.786734465810035 ], [ -78.595706912876821, -2.818572279747031 ], [ -78.585948860949628, -2.818287139773051 ], [ -78.575627072134665, -2.830582264698748 ], [ -78.575552877594916, -2.851045300285683 ], [ -78.592204436414448, -2.862101118066172 ], [ -78.631617675834065, -2.913550142014417 ], [ -78.628719246055184, -2.936354768209862 ], [ -78.637304462083691, -2.951798313494265 ], [ -78.631419432034107, -2.970565797504308 ], [ -78.658819695470982, -2.989888335774951 ], [ -78.665043684052932, -3.022614374038362 ], [ -78.675303673196225, -3.028702552402668 ], [ -78.67083178464091, -3.063033218484254 ], [ -78.684951431454451, -3.070572381993924 ], [ -78.688351555406612, -3.104869195571815 ], [ -78.695703214026679, -3.107303504726591 ], [ -78.705298542467332, -3.13677989649263 ], [ -78.742867910837447, -3.140698744758783 ], [ -78.754854554865929, -3.160077249720322 ], [ -78.772531048445387, -3.166135887894971 ], [ -78.790374355169092, -3.193004590180073 ], [ -78.811111250880188, -3.207347062830845 ], [ -78.835035232483236, -3.245702177486197 ], [ -78.856770339667023, -3.229647158651754 ], [ -78.879962933700199, -3.250634961644594 ], [ -78.898498747124393, -3.253978519631211 ], [ -78.912149941871292, -3.273149833227781 ], [ -78.934404999331989, -3.273106866941891 ], [ -78.93432568378573, -3.296142659304189 ], [ -78.953925831502744, -3.299851701277279 ], [ -78.946472807534704, -3.308509270343544 ], [ -78.942966105944308, -3.343416428767647 ], [ -78.98975702891579, -3.353460016591624 ], [ -79.051012157776128, -3.399657937890604 ], [ -79.057556904325679, -3.42794039015043 ], [ -79.068846374481367, -3.438077752554056 ], [ -79.056763494972429, -3.444737580561353 ], [ -79.053776402979508, -3.46188232083933 ] ], [ [ -78.725751385781109, -2.811072935641531 ], [ -78.72617785603812, -2.810956101259769 ], [ -78.72562382294845, -2.810985129328419 ], [ -78.725751385781109, -2.811072935641531 ] ], [ [ -78.724924803000832, -2.810818724048287 ], [ -78.725003349193813, -2.810793764028254 ], [ -78.725003349193827, -2.810793764028255 ], [ -78.724924803000832, -2.810818724048287 ] ], [ [ -78.724810646283757, -2.810807737448209 ], [ -78.724810646283757, -2.810807737448192 ], [ -78.724916244734928, -2.810817900388959 ], [ -78.724810646283757, -2.810807737448209 ] ], [ [ -78.72385811415333, -2.810734115525538 ], [ -78.723858114153344, -2.810734115525538 ], [ -78.723697468390156, -2.810776854305858 ], [ -78.72385811415333, -2.810734115525538 ] ], [ [ -78.723179404970992, -2.811134611378367 ], [ -78.723179404970978, -2.811134611378367 ], [ -78.723227036865381, -2.811103235543619 ], [ -78.723179404970992, -2.811134611378367 ] ], [ [ -78.722665130071007, -2.811685516337026 ], [ -78.722067051852079, -2.811905586339423 ], [ -78.722814628786821, -2.811564424010802 ], [ -78.722665130071007, -2.811685516337026 ] ], [ [ -78.721507975873322, -2.811946345866184 ], [ -78.721507975873308, -2.811946345866184 ], [ -78.721526851174431, -2.811944817815194 ], [ -78.721507975873322, -2.811946345866184 ] ], [ [ -78.720935322028652, -2.812282419117356 ], [ -78.720935322028637, -2.812282419117373 ], [ -78.72103677662578, -2.812097252826349 ], [ -78.720935322028652, -2.812282419117356 ] ], [ [ -78.719316981671696, -2.812703788336479 ], [ -78.719316981671682, -2.812703788336462 ], [ -78.719432453094683, -2.812719851781571 ], [ -78.719316981671696, -2.812703788336479 ] ], [ [ -78.718246543820172, -2.812713643194709 ], [ -78.718246543820158, -2.812713643194709 ], [ -78.718377441810844, -2.81267802294912 ], [ -78.718246543820172, -2.812713643194709 ] ], [ [ -78.717954316321538, -2.813143595063331 ], [ -78.717674575159492, -2.813268614586236 ], [ -78.718025979486242, -2.812988267678708 ], [ -78.717954316321538, -2.813143595063331 ] ], [ [ -78.716218997395345, -2.812560166928973 ], [ -78.716290218409753, -2.812632061241241 ], [ -78.716218997395359, -2.812560166928988 ], [ -78.716218997395345, -2.812560166928973 ] ], [ [ -78.716159669681332, -2.81248829602184 ], [ -78.716218997395345, -2.812560166928971 ], [ -78.716218997395345, -2.812560166928973 ], [ -78.716159669681332, -2.81248829602184 ] ], [ [ -78.715312417224922, -2.810878136579182 ], [ -78.715312417224922, -2.810878136579165 ], [ -78.71531774026532, -2.810912836774149 ], [ -78.715312417224922, -2.810878136579182 ] ], [ [ -78.71350706021974, -2.809618885595359 ], [ -78.713507060219726, -2.809618885595342 ], [ -78.713614215525922, -2.809650540419201 ], [ -78.71350706021974, -2.809618885595359 ] ], [ [ -78.712283860630166, -2.809285821837473 ], [ -78.712283860630166, -2.809285821837456 ], [ -78.712369288020426, -2.809391229496263 ], [ -78.712283860630166, -2.809285821837473 ] ], [ [ -78.71132417849617, -2.808614227180135 ], [ -78.71132417849617, -2.808614227180118 ], [ -78.711523949727635, -2.808633755229444 ], [ -78.71132417849617, -2.808614227180135 ] ], [ [ -78.708021485039112, -2.808219687263061 ], [ -78.708235585989414, -2.808209346552269 ], [ -78.708021485039126, -2.808219687263061 ], [ -78.708021485039112, -2.808219687263061 ] ], [ [ -78.70432738880082, -2.807006935719232 ], [ -78.70407036771978, -2.807071006073059 ], [ -78.704448721797718, -2.806996412419799 ], [ -78.70432738880082, -2.807006935719232 ] ], [ [ -78.703663952382954, -2.806897995096586 ], [ -78.703378541708275, -2.806883080796319 ], [ -78.703772047707645, -2.806929689599517 ], [ -78.703663952382954, -2.806897995096586 ] ], [ [ -78.702783324832367, -2.8065554261064 ], [ -78.702783324832367, -2.806555426106383 ], [ -78.702861771807392, -2.806580694543158 ], [ -78.702783324832367, -2.8065554261064 ] ], [ [ -78.702465837426374, -2.806522509707915 ], [ -78.702465837426388, -2.806522509707916 ], [ -78.702436804197717, -2.806530788646711 ], [ -78.702465837426374, -2.806522509707915 ] ], [ [ -78.701727046821517, -2.806632268646522 ], [ -78.701727046821503, -2.806632268646506 ], [ -78.701851946884716, -2.806621751750595 ], [ -78.701727046821517, -2.806632268646522 ] ], [ [ -78.7013524080064, -2.806631528286582 ], [ -78.7013524080064, -2.806631528286565 ], [ -78.701491552800391, -2.806635390271949 ], [ -78.7013524080064, -2.806631528286582 ] ], [ [ -78.700408126085691, -2.80660693923315 ], [ -78.700213987090365, -2.806627603632945 ], [ -78.700606805001428, -2.806576238747681 ], [ -78.700408126085691, -2.80660693923315 ] ], [ [ -78.699873113122251, -2.806755129189761 ], [ -78.699873113122237, -2.806755129189761 ], [ -78.699966397653952, -2.806734265421703 ], [ -78.699873113122251, -2.806755129189761 ] ], [ [ -78.699617975336636, -2.806829248046866 ], [ -78.699705547361049, -2.806810286733089 ], [ -78.69961797533665, -2.806829248046866 ], [ -78.699617975336636, -2.806829248046866 ] ], [ [ -78.699197448345515, -2.806818848460897 ], [ -78.699197448345529, -2.806818848460897 ], [ -78.699181088483584, -2.806821651404136 ], [ -78.699197448345515, -2.806818848460897 ] ], [ [ -78.698718069166034, -2.806785826826689 ], [ -78.698718069166034, -2.806785826826673 ], [ -78.698822568155151, -2.806820020481243 ], [ -78.698718069166034, -2.806785826826689 ] ], [ [ -78.728653833897226, -2.808269161435696 ], [ -78.728596273558608, -2.808513016157287 ], [ -78.728697206064993, -2.807982226996105 ], [ -78.728653833897226, -2.808269161435696 ] ], [ [ -78.728812270963246, -2.807523220155812 ], [ -78.728769010741217, -2.807752751016331 ], [ -78.728878914954407, -2.807370856991039 ], [ -78.728812270963246, -2.807523220155812 ] ], [ [ -78.728729049472264, -2.806274521364355 ], [ -78.729013883425111, -2.80659079866465 ], [ -78.728328650315774, -2.805602272948149 ], [ -78.728729049472264, -2.806274521364355 ] ], [ [ -78.728500416000102, -2.80534429105141 ], [ -78.728732941539917, -2.805138309879276 ], [ -78.728656031690107, -2.805275170525683 ], [ -78.728500416000102, -2.80534429105141 ] ], [ [ -78.728775803492425, -2.804992820100095 ], [ -78.728683233328681, -2.804418908395698 ], [ -78.728725499350844, -2.804581690531866 ], [ -78.728775803492425, -2.804992820100095 ] ], [ [ -78.729012707566383, -2.802809858597964 ], [ -78.729075368117151, -2.801757251888298 ], [ -78.729046178288982, -2.802092051124986 ], [ -78.729012707566383, -2.802809858597964 ] ], [ [ -78.729039282542772, -2.800733477329179 ], [ -78.729105645769621, -2.800857982264287 ], [ -78.728982452201237, -2.800599423967591 ], [ -78.729039282542772, -2.800733477329179 ] ], [ [ -78.728954497923453, -2.800293215311166 ], [ -78.728834443272262, -2.799769417624602 ], [ -78.728926322394742, -2.800101813940323 ], [ -78.728954497923453, -2.800293215311166 ] ], [ [ -78.729310781637039, -2.798093422889493 ], [ -78.729277137375107, -2.798368065865003 ], [ -78.729311315718007, -2.797815971587301 ], [ -78.729310781637039, -2.798093422889493 ] ], [ [ -78.729369232672738, -2.797385554351063 ], [ -78.729408009272532, -2.797012503712377 ], [ -78.729311315718007, -2.797815971587301 ], [ -78.729369232672738, -2.797385554351063 ] ], [ [ -78.72926799999145, -2.796550150047393 ], [ -78.729219500243659, -2.796084106240347 ], [ -78.729256915470884, -2.796419035222274 ], [ -78.72926799999145, -2.796550150047393 ] ], [ [ -78.729172772989799, -2.795643917534651 ], [ -78.729172772989799, -2.795643917534648 ], [ -78.729181883424133, -2.795854416701223 ], [ -78.729172772989799, -2.795643917534651 ] ], [ [ -78.729220751638138, -2.795433530291239 ], [ -78.729183621866284, -2.795596345014454 ], [ -78.729230450943788, -2.795337875434304 ], [ -78.729220751638138, -2.795433530291239 ] ], [ [ -78.729230708537699, -2.795203933271879 ], [ -78.729173840226807, -2.795089014959031 ], [ -78.729230450943788, -2.795337875434304 ], [ -78.729230708537699, -2.795203933271879 ] ], [ [ -78.729126414522923, -2.795012383954553 ], [ -78.729088483923434, -2.794945338424515 ], [ -78.729173840226807, -2.795089014959031 ], [ -78.729126414522923, -2.795012383954553 ] ], [ [ -78.728794171726776, -2.794609910025059 ], [ -78.72879417172679, -2.794609910025059 ], [ -78.728841357626862, -2.794748585540079 ], [ -78.728794171726776, -2.794609910025059 ] ], [ [ -78.729366950984684, -2.794161753746809 ], [ -78.729225656440661, -2.794295699310578 ], [ -78.72949204928041, -2.794016219951728 ], [ -78.729366950984684, -2.794161753746809 ] ], [ [ -78.729683881187228, -2.793717924375837 ], [ -78.729760369817228, -2.793612599894988 ], [ -78.72949204928041, -2.794016219951728 ], [ -78.729683881187228, -2.793717924375837 ] ], [ [ -78.729890414296051, -2.793545283189907 ], [ -78.7300570598657, -2.793473852044525 ], [ -78.729760369817228, -2.793612599894988 ], [ -78.729890414296051, -2.793545283189907 ] ], [ [ -78.730142738046581, -2.793450100480557 ], [ -78.730142738046595, -2.793450100480558 ], [ -78.7300570598657, -2.793473852044525 ], [ -78.730142738046581, -2.793450100480557 ] ], [ [ -78.730837220387556, -2.793499285274993 ], [ -78.730661143067451, -2.793527645304585 ], [ -78.730850434489312, -2.793495990858213 ], [ -78.730837220387556, -2.793499285274993 ] ], [ [ -78.730994277209462, -2.793466105220329 ], [ -78.730992202794241, -2.793466469166278 ], [ -78.731106825121699, -2.793418276197286 ], [ -78.730994277209462, -2.793466105220329 ] ], [ [ -78.731185826025978, -2.793249963004421 ], [ -78.73113971512943, -2.793316266798161 ], [ -78.731190896846854, -2.793240446505412 ], [ -78.731185826025978, -2.793249963004421 ] ], [ [ -78.731513904044562, -2.792907423638655 ], [ -78.731418545259999, -2.793017263410028 ], [ -78.731604450067252, -2.792826277391455 ], [ -78.731513904044562, -2.792907423638655 ] ], [ [ -78.731604450067252, -2.792826277391455 ], [ -78.731681054559544, -2.792572891260358 ], [ -78.731681256078062, -2.792467890043997 ], [ -78.731604450067252, -2.792826277391455 ] ], [ [ -78.731681256537328, -2.792467650740779 ], [ -78.731676719220815, -2.79235283399815 ], [ -78.731681256537328, -2.792467650740763 ], [ -78.731681256537328, -2.792467650740779 ] ], [ [ -78.731663349841028, -2.791953159817913 ], [ -78.731643776486081, -2.792165701845261 ], [ -78.731743669035012, -2.791944298246897 ], [ -78.731663349841028, -2.791953159817913 ] ], [ [ -78.732729233368246, -2.791761699800094 ], [ -78.732581590142644, -2.7918475195106 ], [ -78.732781614802803, -2.7917354908931 ], [ -78.732729233368246, -2.791761699800094 ] ], [ [ -78.73299637926749, -2.791379523696147 ], [ -78.733178231077488, -2.79082018511396 ], [ -78.733216492157055, -2.790715018238029 ], [ -78.733178231077503, -2.79082018511396 ], [ -78.733159046414272, -2.790901470911084 ], [ -78.733130309773983, -2.791001872265565 ], [ -78.733058526835975, -2.791221782198865 ], [ -78.73299637926749, -2.791379523696147 ] ], [ [ -78.73329335256733, -2.790327689948703 ], [ -78.733254871507413, -2.790547664484171 ], [ -78.733296454738024, -2.790193240340805 ], [ -78.73329335256733, -2.790327689948703 ] ], [ [ -78.733417584428082, -2.789791154059075 ], [ -78.733306070032128, -2.790155612770831 ], [ -78.733493552689481, -2.789576042379613 ], [ -78.733417584428082, -2.789791154059075 ] ], [ [ -78.733541058657096, -2.789375427248904 ], [ -78.733466770899483, -2.789094823491255 ], [ -78.733493552689481, -2.789576042379613 ], [ -78.733541058657096, -2.789375427248904 ] ], [ [ -78.733466770899483, -2.789094823491255 ], [ -78.733103219891291, -2.788240679679939 ], [ -78.732846590979605, -2.787608221441003 ], [ -78.733466770899483, -2.789094823491255 ] ], [ [ -78.732905735718006, -2.787166123386196 ], [ -78.732763611110911, -2.786854909236783 ], [ -78.732905735718006, -2.787166123386184 ], [ -78.732905735718006, -2.787166123386196 ] ], [ [ -78.732231240680889, -2.785586323374568 ], [ -78.732231240680889, -2.785586323374563 ], [ -78.732233002526698, -2.785572828256818 ], [ -78.732231240680889, -2.785586323374568 ] ], [ [ -78.73233688840233, -2.785440842793312 ], [ -78.732278792846827, -2.785514897246474 ], [ -78.732405560131639, -2.78534561812971 ], [ -78.73233688840233, -2.785440842793312 ] ], [ [ -78.732614601205071, -2.784856082500748 ], [ -78.732535225047783, -2.785038606592816 ], [ -78.732614692391238, -2.784808418926694 ], [ -78.732614601205071, -2.784856082500748 ] ], [ [ -78.732857720634669, -2.784453843201773 ], [ -78.733163329832379, -2.78422428919592 ], [ -78.732857720634684, -2.784453843201773 ], [ -78.732773283875986, -2.784527846804431 ], [ -78.732857720634669, -2.784453843201773 ] ], [ [ -78.733693247634363, -2.78376411500345 ], [ -78.733386852662932, -2.783984843861091 ], [ -78.73386470114545, -2.783663147622901 ], [ -78.733693247634363, -2.78376411500345 ] ], [ [ -78.735205167799421, -2.783341582111415 ], [ -78.734726389828154, -2.783477410272011 ], [ -78.73543512411787, -2.783219586323932 ], [ -78.735205167799421, -2.783341582111415 ] ], [ [ -78.736003460045097, -2.782904463528743 ], [ -78.735787626302482, -2.782985629505101 ], [ -78.73638477004117, -2.782852561182169 ], [ -78.736003460045097, -2.782904463528743 ] ], [ [ -78.736845967459018, -2.78269137332484 ], [ -78.736609048285942, -2.782784617007821 ], [ -78.73718852691448, -2.782541894617405 ], [ -78.736845967459018, -2.78269137332484 ] ], [ [ -78.737398152507396, -2.782361951200157 ], [ -78.73755967539347, -2.782184990356497 ], [ -78.73718852691448, -2.782541894617405 ], [ -78.737398152507396, -2.782361951200157 ] ], [ [ -78.737688481788553, -2.781995303091563 ], [ -78.737855525663292, -2.781687632057462 ], [ -78.73755967539347, -2.782184990356497 ], [ -78.737688481788553, -2.781995303091563 ] ], [ [ -78.738037441443637, -2.781259027576126 ], [ -78.737921025082215, -2.781555102125266 ], [ -78.738108437657218, -2.781008449828895 ], [ -78.738037441443637, -2.781259027576126 ] ], [ [ -78.738178670562831, -2.780772951171367 ], [ -78.738358933459637, -2.780398607878547 ], [ -78.738108437657218, -2.781008449828895 ], [ -78.738178670562831, -2.780772951171367 ] ], [ [ -78.739163631122167, -2.779721455702346 ], [ -78.738924111490064, -2.779857747782951 ], [ -78.739318097915032, -2.779638360474078 ], [ -78.739163631122167, -2.779721455702346 ] ], [ [ -78.740217689694333, -2.779029586558152 ], [ -78.740169901897147, -2.779115999683877 ], [ -78.74027411586485, -2.778808250197386 ], [ -78.740217689694333, -2.779029586558152 ] ], [ [ -78.750861028830954, -2.777738851505943 ], [ -78.750961690034828, -2.777909166508329 ], [ -78.750862379391265, -2.777666067591368 ], [ -78.750861028830954, -2.777738851505943 ] ], [ [ -78.75087891786319, -2.77677444720687 ], [ -78.75107109722137, -2.776120972960952 ], [ -78.750862379391265, -2.777666067591368 ], [ -78.75087891786319, -2.77677444720687 ] ], [ [ -78.751097237705892, -2.774390713548936 ], [ -78.751120900171458, -2.774684582522967 ], [ -78.751049562833643, -2.774188759292963 ], [ -78.751097237705892, -2.774390713548936 ] ], [ [ -78.750606189904104, -2.772977100399417 ], [ -78.750840065428818, -2.773394769474362 ], [ -78.750522415413954, -2.772840836861937 ], [ -78.750606189904104, -2.772977100399417 ] ], [ [ -78.747650311646879, -2.770512051061274 ], [ -78.747650311646893, -2.770512051061274 ], [ -78.749358108007897, -2.77159452990906 ], [ -78.747650311646879, -2.770512051061274 ] ], [ [ -78.749125758114801, -2.769214652915088 ], [ -78.749125758114815, -2.769214652915088 ], [ -78.749897056947091, -2.769569402193383 ], [ -78.750002232625747, -2.76963330865254 ], [ -78.749125758114801, -2.769214652915088 ] ], [ [ -78.748009194856678, -2.768020987176673 ], [ -78.748510203382736, -2.768721693014041 ], [ -78.747768138346061, -2.767732632218983 ], [ -78.748009194856678, -2.768020987176673 ] ], [ [ -78.747701226185455, -2.76764496193378 ], [ -78.74762598308223, -2.767433855807093 ], [ -78.747768138346061, -2.767732632218983 ], [ -78.747701226185455, -2.76764496193378 ] ], [ [ -78.747586336153532, -2.767267306699475 ], [ -78.747392037508007, -2.766742994279728 ], [ -78.747467997937932, -2.766875118396057 ], [ -78.747586336153532, -2.767267306699475 ] ], [ [ -78.746379776801277, -2.76547147718775 ], [ -78.746379776801277, -2.765471477187734 ], [ -78.746617230767512, -2.765776282397654 ], [ -78.746379776801277, -2.76547147718775 ] ], [ [ -78.744402074166103, -2.76359067556765 ], [ -78.743610066090298, -2.762898606091369 ], [ -78.744073868269879, -2.763255857028025 ], [ -78.744402074166103, -2.76359067556765 ] ], [ [ -78.74070302677859, -2.761876570395183 ], [ -78.740954088041704, -2.761938159277604 ], [ -78.740015540146331, -2.761623027711356 ], [ -78.74070302677859, -2.761876570395183 ] ], [ [ -78.736595630519176, -2.760837093136698 ], [ -78.73659563051919, -2.760837093136698 ], [ -78.736829890878937, -2.760855480613185 ], [ -78.736595630519176, -2.760837093136698 ] ], [ [ -78.735538382030825, -2.760808758614194 ], [ -78.735108414522585, -2.760856397785574 ], [ -78.735869028962654, -2.760799824779504 ], [ -78.735538382030825, -2.760808758614194 ] ], [ [ -78.733816328223838, -2.760833204809553 ], [ -78.733816328223853, -2.760833204809553 ], [ -78.734398516023731, -2.760885984251106 ], [ -78.733816328223838, -2.760833204809553 ] ], [ [ -78.73326553565731, -2.760592737882228 ], [ -78.733271405066759, -2.76019497426282 ], [ -78.73323272223351, -2.760311846194041 ], [ -78.73326553565731, -2.760592737882228 ] ], [ [ -78.73316624309652, -2.759142362902285 ], [ -78.733148120012231, -2.759291817375245 ], [ -78.733223126388083, -2.758936175270824 ], [ -78.73316624309652, -2.759142362902285 ] ], [ [ -78.733491756872354, -2.758167073106957 ], [ -78.733300980125009, -2.758646313687639 ], [ -78.733593243563448, -2.7577722035909 ], [ -78.733491756872354, -2.758167073106957 ] ], [ [ -78.733618907725031, -2.757519005842074 ], [ -78.732633543344718, -2.756886434726852 ], [ -78.731963313963405, -2.756662986688951 ], [ -78.733618907725031, -2.757519005842074 ] ], [ [ -78.731186058748804, -2.756309621230179 ], [ -78.731867714906713, -2.756644486724541 ], [ -78.730661923488626, -2.756125641172995 ], [ -78.731186058748804, -2.756309621230179 ] ], [ [ -78.725003517833315, -2.758712989525607 ], [ -78.725141777193983, -2.758580145565929 ], [ -78.724696959638635, -2.758946119077796 ], [ -78.725003517833315, -2.758712989525607 ] ], [ [ -78.724183082191914, -2.758997751371389 ], [ -78.7241830821919, -2.758997751371389 ], [ -78.723983297587239, -2.758987799164061 ], [ -78.724183082191914, -2.758997751371389 ] ], [ [ -78.719984251271356, -2.760035390311324 ], [ -78.719581764939562, -2.75979150092684 ], [ -78.720372012861532, -2.760076656571557 ], [ -78.719984251271356, -2.760035390311324 ] ], [ [ -78.719375716141528, -2.759547989395289 ], [ -78.719009088387608, -2.758990146775596 ], [ -78.719581764939562, -2.75979150092684 ], [ -78.719375716141528, -2.759547989395289 ] ], [ [ -78.71783312838275, -2.757589974912301 ], [ -78.718360916345048, -2.758158257941118 ], [ -78.717661479423498, -2.757413499721689 ], [ -78.71783312838275, -2.757589974912301 ] ], [ [ -78.71723854155556, -2.757238347517344 ], [ -78.717067311226899, -2.757223666475975 ], [ -78.717067311226899, -2.757223666475974 ], [ -78.71723854155556, -2.757238347517344 ] ], [ [ -78.712865060938512, -2.757171399254153 ], [ -78.712136344137932, -2.756906194054616 ], [ -78.712136344137946, -2.756906194054616 ], [ -78.712865060938512, -2.757171399254153 ] ], [ [ -78.70753955953775, -2.759436147422602 ], [ -78.708550395225572, -2.758766028103164 ], [ -78.70736517010954, -2.759622268930389 ], [ -78.70753955953775, -2.759436147422602 ] ], [ [ -78.705906939275692, -2.762281008220902 ], [ -78.706036263277284, -2.761820359544497 ], [ -78.705828836964074, -2.762488155957193 ], [ -78.705906939275692, -2.762281008220902 ] ], [ [ -78.703597170774628, -2.765095092224725 ], [ -78.703838928560174, -2.765100627503775 ], [ -78.703448691458178, -2.765039090059432 ], [ -78.703597170774628, -2.765095092224725 ] ], [ [ -78.702837480659539, -2.764640313440497 ], [ -78.702941313784663, -2.764733431221486 ], [ -78.702516649507416, -2.764525594964227 ], [ -78.702837480659539, -2.764640313440497 ] ], [ [ -78.698575508656091, -2.765057456810219 ], [ -78.698575508656077, -2.76505745681022 ], [ -78.698541015362096, -2.765051221120086 ], [ -78.698575508656091, -2.765057456810219 ] ], [ [ -78.696962064983907, -2.764611140479172 ], [ -78.69641864640856, -2.764321386980995 ], [ -78.697465357718158, -2.764679016479855 ], [ -78.696962064983907, -2.764611140479172 ] ], [ [ -78.696036743006218, -2.76385721426429 ], [ -78.696144579119078, -2.764092936972476 ], [ -78.695946563457625, -2.76360633106987 ], [ -78.696036743006218, -2.76385721426429 ] ], [ [ -78.695946563457625, -2.76360633106987 ], [ -78.695789096884099, -2.762988119282545 ], [ -78.695645973043739, -2.761626586115159 ], [ -78.695946563457625, -2.76360633106987 ] ], [ [ -78.695549458705585, -2.761288269829407 ], [ -78.695318099783407, -2.760799243642738 ], [ -78.695645973043739, -2.761626586115159 ], [ -78.695549458705585, -2.761288269829407 ] ], [ [ -78.69209344121991, -2.759673606488099 ], [ -78.692488652323519, -2.759765543467713 ], [ -78.691788868494712, -2.759594508278801 ], [ -78.69209344121991, -2.759673606488099 ] ], [ [ -78.690302816209311, -2.758393788796186 ], [ -78.689774483994668, -2.758119260282418 ], [ -78.690614322472371, -2.758794513739689 ], [ -78.690302816209311, -2.758393788796186 ] ], [ [ -78.689389353083129, -2.758024810677544 ], [ -78.68905708936731, -2.757940593244063 ], [ -78.689774483994668, -2.758119260282418 ], [ -78.689389353083129, -2.758024810677544 ] ], [ [ -78.687666680712482, -2.756625415766074 ], [ -78.688187236653221, -2.757158920809224 ], [ -78.687343861714936, -2.756389848428996 ], [ -78.687666680712482, -2.756625415766074 ] ], [ [ -78.685423634787128, -2.755038986065101 ], [ -78.685423634787142, -2.755038986065101 ], [ -78.685604712178844, -2.755165959000999 ], [ -78.685423634787128, -2.755038986065101 ] ], [ [ -78.68168160403836, -2.751668673289578 ], [ -78.683311823660148, -2.753026943645077 ], [ -78.681627040387525, -2.751652740226456 ], [ -78.68168160403836, -2.751668673289578 ] ], [ [ -78.680761457266442, -2.750758747663695 ], [ -78.678882202510039, -2.746563025545182 ], [ -78.681102622492872, -2.75119517871213 ], [ -78.680761457266442, -2.750758747663695 ] ], [ [ -78.678814608197357, -2.746355239736907 ], [ -78.678739415920575, -2.74617022991086 ], [ -78.678882202510039, -2.746563025545182 ], [ -78.678814608197357, -2.746355239736907 ] ], [ [ -78.678588892637208, -2.745871117161605 ], [ -78.676922238462808, -2.744315522995951 ], [ -78.676688621560999, -2.744011183382071 ], [ -78.676482358739818, -2.743886695012408 ], [ -78.676688621561013, -2.744011183382071 ], [ -78.676922238462822, -2.744315522995951 ], [ -78.678488393816949, -2.745749367244029 ], [ -78.678588892637208, -2.745871117161605 ] ], [ [ -78.672952650016086, -2.741623755309768 ], [ -78.673619102881133, -2.742010059376669 ], [ -78.67272442661222, -2.741565907565765 ], [ -78.672952650016086, -2.741623755309768 ] ], [ [ -78.672229870123516, -2.74147883830294 ], [ -78.671640192928876, -2.741382015351868 ], [ -78.67272442661222, -2.741565907565765 ], [ -78.672229870123516, -2.74147883830294 ] ], [ [ -78.670358307841056, -2.741013162225608 ], [ -78.670725658154922, -2.741181016082703 ], [ -78.670140895227107, -2.740909185412881 ], [ -78.670358307841056, -2.741013162225608 ] ], [ [ -78.668290134793509, -2.738740132431515 ], [ -78.666966301512574, -2.737242796456915 ], [ -78.66749277045102, -2.737632859800013 ], [ -78.668290134793509, -2.738740132431515 ] ], [ [ -78.662726949341916, -2.735628376480894 ], [ -78.664724056388081, -2.736264971495332 ], [ -78.661650630918487, -2.735493332747806 ], [ -78.662726949341916, -2.735628376480894 ] ], [ [ -78.658635130909431, -2.732170068084591 ], [ -78.658737628712927, -2.732337502237733 ], [ -78.658441847806472, -2.731848084231698 ], [ -78.658635130909431, -2.732170068084591 ] ], [ [ -78.658100651879877, -2.729882328217706 ], [ -78.658139511361966, -2.730621844628069 ], [ -78.658053183890132, -2.729687246152893 ], [ -78.658100651879877, -2.729882328217706 ] ], [ [ -78.656293836179074, -2.727911171988746 ], [ -78.657804488974492, -2.72937021809141 ], [ -78.657374798520536, -2.728888234778421 ], [ -78.656293836179074, -2.727911171988746 ] ], [ [ -78.655974483718111, -2.72766997490522 ], [ -78.655725496237537, -2.727504886523975 ], [ -78.656293836179074, -2.727911171988746 ], [ -78.655974483718111, -2.72766997490522 ] ], [ [ -78.646937483419364, -2.720607016243265 ], [ -78.647517885040742, -2.720569886807083 ], [ -78.646309253201949, -2.720777985588523 ], [ -78.646937483419364, -2.720607016243265 ] ], [ [ -78.645218075206273, -2.734063389746035 ], [ -78.645185718228802, -2.733808467210118 ], [ -78.64524504836649, -2.73486705194679 ], [ -78.645218075206273, -2.734063389746035 ] ], [ [ -78.64472950790406, -2.740361054037845 ], [ -78.649462441709673, -2.738719261723227 ], [ -78.64472950790406, -2.740361054037848 ], [ -78.64472950790406, -2.740361054037845 ] ], [ [ -78.698072751316417, -2.805628442388106 ], [ -78.69814313225055, -2.805821399041464 ], [ -78.698161112675038, -2.805856080908641 ], [ -78.698072751316417, -2.805628442388106 ] ], [ [ -78.697818173921036, -2.804744455451275 ], [ -78.697818173921036, -2.804744455451291 ], [ -78.697803558431531, -2.804615868215502 ], [ -78.697818173921036, -2.804744455451275 ] ], [ [ -78.697185623279779, -2.802832770322943 ], [ -78.697185623279779, -2.80283277032296 ], [ -78.69709956676202, -2.802745898770557 ], [ -78.697185623279779, -2.802832770322943 ] ], [ [ -78.695288086006656, -2.800081464547269 ], [ -78.695288086006656, -2.800081464547286 ], [ -78.695285113033989, -2.800063919563949 ], [ -78.695288086006656, -2.800081464547269 ] ], [ [ -78.693789399007201, -2.798634467664131 ], [ -78.693789399007215, -2.798634467664148 ], [ -78.693706585872363, -2.7986191580801 ], [ -78.693789399007201, -2.798634467664131 ] ], [ [ -78.691364900369152, -2.796545842274651 ], [ -78.691364900369152, -2.796545842274652 ], [ -78.691363713140902, -2.79654417442979 ], [ -78.691364900369152, -2.796545842274651 ] ], [ [ -78.690509159216504, -2.796257136964334 ], [ -78.690509159216518, -2.796257136964334 ], [ -78.690452035075978, -2.796276158355274 ], [ -78.690509159216504, -2.796257136964334 ] ], [ [ -78.689781626079437, -2.796090666288052 ], [ -78.689781626079451, -2.796090666288069 ], [ -78.689777801516414, -2.796086621548853 ], [ -78.689781626079437, -2.796090666288052 ] ], [ [ -78.6895278208641, -2.795729006977196 ], [ -78.6895278208641, -2.795729006977213 ], [ -78.689471826400322, -2.795642301493073 ], [ -78.6895278208641, -2.795729006977196 ] ], [ [ -78.68657282893335, -2.79368059180758 ], [ -78.686572828933365, -2.793680591807596 ], [ -78.686542508807236, -2.793666338180823 ], [ -78.68657282893335, -2.79368059180758 ] ], [ [ -78.686282938258998, -2.793526944818877 ], [ -78.686282938259012, -2.793526944818894 ], [ -78.686040468647207, -2.793451124158348 ], [ -78.686282938258998, -2.793526944818877 ] ], [ [ -78.685157012730599, -2.7927426099 ], [ -78.685484957832941, -2.792897528200346 ], [ -78.685488329963448, -2.792900428176249 ], [ -78.685320960669273, -2.792832625601891 ], [ -78.685157012730599, -2.7927426099 ] ], [ [ -78.684382677348751, -2.791578083951656 ], [ -78.684382677348751, -2.791578083951673 ], [ -78.684343624346681, -2.791526521766722 ], [ -78.684382677348751, -2.791578083951656 ] ], [ [ -78.683756453704447, -2.789481066972504 ], [ -78.683794865974136, -2.789603720330535 ], [ -78.683794865974136, -2.789603720330551 ], [ -78.683756453704447, -2.789481066972504 ] ], [ [ -78.682447604260929, -2.788582763087625 ], [ -78.682447604260929, -2.788582763087642 ], [ -78.682393163943374, -2.788446325120908 ], [ -78.682447604260929, -2.788582763087625 ] ], [ [ -78.680727925627579, -2.784915193355336 ], [ -78.680727925627579, -2.78491519335532 ], [ -78.680730867664323, -2.784895595309786 ], [ -78.680727925627579, -2.784915193355336 ] ], [ [ -78.680511553630041, -2.783659095970473 ], [ -78.680511553630041, -2.78365909597049 ], [ -78.680457080613152, -2.783539400592497 ], [ -78.680511553630041, -2.783659095970473 ] ], [ [ -78.680277773113602, -2.782790428283645 ], [ -78.680277773113602, -2.782790428283636 ], [ -78.680285326376676, -2.782798053106356 ], [ -78.680277773113602, -2.782790428283645 ] ], [ [ -78.68023509922709, -2.782718591505189 ], [ -78.68023509922709, -2.782718591505189 ], [ -78.680233214804062, -2.782715398768307 ], [ -78.68023509922709, -2.782718591505189 ] ], [ [ -78.679563084885785, -2.779710831978123 ], [ -78.679563084885785, -2.77971083197814 ], [ -78.67955139789386, -2.779605572701207 ], [ -78.679563084885785, -2.779710831978123 ] ], [ [ -78.678378329802754, -2.77654002278262 ], [ -78.678378329802754, -2.776540022782637 ], [ -78.678369620323693, -2.776432376685743 ], [ -78.678378329802754, -2.77654002278262 ] ], [ [ -78.677159924328919, -2.771659051453517 ], [ -78.677159924328919, -2.771659051453534 ], [ -78.677102960658232, -2.771596754428706 ], [ -78.677159924328919, -2.771659051453517 ] ], [ [ -78.676402270813909, -2.769873315715996 ], [ -78.676402270813909, -2.769873315715996 ], [ -78.676402184967174, -2.769872804065065 ], [ -78.676402270813909, -2.769873315715996 ] ], [ [ -78.676128030046229, -2.769016530642665 ], [ -78.676128030046229, -2.769016530642681 ], [ -78.676108485068696, -2.768970687585349 ], [ -78.676128030046229, -2.769016530642665 ] ], [ [ -78.676000209431436, -2.768698176249318 ], [ -78.676000209431436, -2.768698176249336 ], [ -78.675952769037153, -2.768631114329368 ], [ -78.676000209431436, -2.768698176249318 ] ], [ [ -78.675280262988053, -2.767091896978887 ], [ -78.675280262988053, -2.767091896978904 ], [ -78.675272690533262, -2.767070554057155 ], [ -78.675280262988053, -2.767091896978887 ] ], [ [ -78.674593205657757, -2.765696157146522 ], [ -78.674593205657757, -2.765696157146539 ], [ -78.674576743157189, -2.765600455524925 ], [ -78.674593205657757, -2.765696157146522 ] ], [ [ -78.672434401015082, -2.761803392445937 ], [ -78.672657043486467, -2.76205211468432 ], [ -78.672735376516187, -2.762133587608508 ], [ -78.672657043486467, -2.76205211468432 ], [ -78.672507536740525, -2.76187722352458 ], [ -78.672434401015082, -2.761803392445937 ] ], [ [ -78.672070509410744, -2.761558261224785 ], [ -78.672070509410744, -2.761558261224802 ], [ -78.67201815915675, -2.761570116632888 ], [ -78.672070509410744, -2.761558261224785 ] ], [ [ -78.67183254582477, -2.761615194110162 ], [ -78.671832545824785, -2.761615194110162 ], [ -78.671817349445575, -2.761617969908353 ], [ -78.67183254582477, -2.761615194110162 ] ], [ [ -78.671385212993073, -2.761702807116508 ], [ -78.671606494198272, -2.761662583767065 ], [ -78.671624401547675, -2.76165831507757 ], [ -78.671385212993073, -2.761702807116508 ] ], [ [ -78.66953113231105, -2.760127783803166 ], [ -78.66953113231105, -2.760127783803149 ], [ -78.669543219254052, -2.760099576736779 ], [ -78.66953113231105, -2.760127783803166 ] ], [ [ -78.669729927520777, -2.75942022251903 ], [ -78.669729927520777, -2.759420222519013 ], [ -78.669742223883617, -2.759391527383768 ], [ -78.669729927520777, -2.75942022251903 ] ], [ [ -78.666652929252308, -2.75248429847842 ], [ -78.666652929252322, -2.752484298478437 ], [ -78.666593286192835, -2.752474989411264 ], [ -78.666652929252308, -2.75248429847842 ] ], [ [ -78.666427546717969, -2.752499198777863 ], [ -78.666427546717983, -2.752499198777863 ], [ -78.66627453320838, -2.752557425357138 ], [ -78.666427546717969, -2.752499198777863 ] ], [ [ -78.665155649803452, -2.752290202324713 ], [ -78.665155649803467, -2.752290202324732 ], [ -78.665069790648332, -2.752271149608475 ], [ -78.665155649803452, -2.752290202324713 ] ], [ [ -78.662618527763797, -2.751519552865015 ], [ -78.662618527763797, -2.751519552865031 ], [ -78.662527381688193, -2.75132171333158 ], [ -78.662618527763797, -2.751519552865015 ] ], [ [ -78.662803141454191, -2.748757918901398 ], [ -78.662803141454191, -2.748757918901414 ], [ -78.662777043820071, -2.74853583282717 ], [ -78.662803141454191, -2.748757918901398 ] ], [ [ -78.662745615434915, -2.748210723215144 ], [ -78.66275816971978, -2.747935197643559 ], [ -78.662745615434915, -2.748210723215152 ], [ -78.662745615434915, -2.748210723215144 ] ], [ [ -78.66243089865938, -2.747349148071969 ], [ -78.66243089865938, -2.747349148071986 ], [ -78.662409748387034, -2.747299117688136 ], [ -78.66243089865938, -2.747349148071969 ] ], [ [ -78.661915462723243, -2.746983101126718 ], [ -78.661915462723229, -2.746983101126701 ], [ -78.661975158070717, -2.746998089564947 ], [ -78.661915462723243, -2.746983101126718 ] ], [ [ -78.660859602855936, -2.745826168911373 ], [ -78.66085960285595, -2.745826168911373 ], [ -78.660801410160005, -2.745852086496777 ], [ -78.660859602855936, -2.745826168911373 ] ], [ [ -78.660365228820368, -2.746151035519974 ], [ -78.660365228820382, -2.746151035519974 ], [ -78.660362632780618, -2.746151215093844 ], [ -78.660365228820368, -2.746151035519974 ] ], [ [ -78.659610751409943, -2.745537047011791 ], [ -78.659610751409943, -2.745537047011807 ], [ -78.659603359776483, -2.745521172296727 ], [ -78.659610751409943, -2.745537047011791 ] ], [ [ -78.658068197222448, -2.742203841769216 ], [ -78.658068197222448, -2.742203841769232 ], [ -78.657921744423376, -2.741955897545874 ], [ -78.658068197222448, -2.742203841769216 ] ], [ [ -78.657407075848923, -2.741846126646045 ], [ -78.657407075848937, -2.741846126646045 ], [ -78.657132254096041, -2.741990744344305 ], [ -78.657407075848923, -2.741846126646045 ] ], [ [ -78.656568530368332, -2.742316903420415 ], [ -78.656568530368347, -2.742316903420415 ], [ -78.656496078958071, -2.742334040722256 ], [ -78.656568530368332, -2.742316903420415 ] ] ] } },
{ "type": "Feature", "properties": { "DPA_DESPRO": "PASTAZA", "DPA_CANTON": "1601", "DPA_DESCAN": "PASTAZA", "DPA_PROVIN": "16", "DPA_ANIO": "2024", "fcode": "HA003" }, "geometry": { "type": "Polygon", "coordinates": [ [ [ -75.585388746817713, -1.549704340655971 ], [ -76.043253053479319, -2.124619583574229 ], [ -76.633571444835709, -2.590188805207126 ], [ -76.692089775706222, -2.609986760570022 ], [ -76.723908295624526, -2.585239868576924 ], [ -76.738165300626804, -2.553689068712994 ], [ -76.756973906052991, -2.563180970270719 ], [ -76.779617739708627, -2.552424334963324 ], [ -76.800268246694102, -2.570695433747907 ], [ -76.812068328150346, -2.564437919200942 ], [ -76.820473888276751, -2.543516661679267 ], [ -76.852023283944973, -2.559567265059231 ], [ -76.873394129497569, -2.557738634713737 ], [ -76.88322906595441, -2.566723689985526 ], [ -76.8992246268283, -2.553416931753601 ], [ -76.917422814751149, -2.564219618770014 ], [ -76.929700789683807, -2.544130924033775 ], [ -76.944767228093014, -2.554565265311399 ], [ -76.965975111511455, -2.514123818425612 ], [ -76.996956238415493, -2.514649662680307 ], [ -77.000680918768765, -2.460504002566018 ], [ -77.031442616954735, -2.450961049827856 ], [ -77.04884432731528, -2.40652400120324 ], [ -77.081494469703017, -2.376421113819754 ], [ -77.07823850944844, -2.365808606262746 ], [ -77.08716168131501, -2.34381601719686 ], [ -77.103172334439407, -2.337250492907041 ], [ -77.113726256270283, -2.316263692657347 ], [ -77.128569256113209, -2.314722390825227 ], [ -77.135336962344567, -2.303336983361013 ], [ -77.167714911330208, -2.301568088738593 ], [ -77.190923935612247, -2.270175102598856 ], [ -77.235585380216136, -2.261311940991802 ], [ -77.236054220126903, -2.249824220873629 ], [ -77.264671505652444, -2.233798904676359 ], [ -77.280090443864722, -2.201925595207892 ], [ -77.343228220164875, -2.173130104186545 ], [ -77.352374832734782, -2.159888966870041 ], [ -77.36236553766507, -2.165049212188466 ], [ -77.405837532737053, -2.150102844155678 ], [ -77.427125612117152, -2.138469424501253 ], [ -77.429467010189938, -2.12493776133691 ], [ -77.492934771363039, -2.102626205247522 ], [ -77.513629571761896, -2.082222924285968 ], [ -77.522967129174745, -2.08534798594896 ], [ -77.547218370480721, -2.073036708616099 ], [ -77.568567488905373, -2.079835408519121 ], [ -77.586217507834974, -2.072705521874403 ], [ -77.616635033763743, -2.042447830747616 ], [ -77.671840676924674, -2.050521569359453 ], [ -77.692373342443403, -2.027981393172251 ], [ -77.715365739188528, -2.025763015161044 ], [ -77.728221012661223, -2.011488489684627 ], [ -77.731869204833387, -1.985231571571981 ], [ -77.743137922844483, -1.980211353481343 ], [ -77.753074850259296, -1.985373391493466 ], [ -77.77853336094239, -1.971239777890989 ], [ -77.793999159156485, -1.955237832018496 ], [ -77.795032480463902, -1.933271383734477 ], [ -77.823593432805197, -1.922139984894158 ], [ -77.827361646514746, -1.868239204103578 ], [ -77.842573909395156, -1.8494130125475 ], [ -77.855875738139588, -1.846841111317061 ], [ -77.846329275579279, -1.837316237348664 ], [ -77.861632048386866, -1.815029008664294 ], [ -77.857109825801999, -1.800981466442018 ], [ -77.869031894578796, -1.788267359308892 ], [ -77.868957586788753, -1.756172167720698 ], [ -77.885209141372371, -1.762079396494788 ], [ -77.881156780739005, -1.721702291568234 ], [ -77.889058415731739, -1.691270032809109 ], [ -77.90515412930263, -1.687724924158328 ], [ -77.922750610437049, -1.654556780909153 ], [ -77.963310381468503, -1.66169522982898 ], [ -77.986709828755323, -1.676202956373791 ], [ -78.021197477950324, -1.676030187553672 ], [ -78.031794238267693, -1.633275107170334 ], [ -78.05830373421793, -1.577809783607538 ], [ -78.059434920596388, -1.539848873295618 ], [ -78.079444330957031, -1.505167010706161 ], [ -78.125489945102629, -1.45259911361056 ], [ -78.17400086446645, -1.452734850227459 ], [ -78.177907767625484, -1.447149238711669 ], [ -78.151168514038744, -1.429419702352063 ], [ -78.143178797391357, -1.412719761862331 ], [ -78.148295387040164, -1.397255366796109 ], [ -78.128353705154439, -1.384181068498784 ], [ -78.129126332171012, -1.367455808364068 ], [ -78.118559171894361, -1.359560814081845 ], [ -78.121702368087099, -1.336935310790006 ], [ -78.110073734024041, -1.278710493360598 ], [ -78.118339716378827, -1.268753969060413 ], [ -78.123757076358231, -1.22306938976015 ], [ -78.11070411988679, -1.233493600057626 ], [ -78.097392370080726, -1.225812382900958 ], [ -78.091993255915114, -1.232685726091153 ], [ -78.082747721913577, -1.229782289760659 ], [ -78.051435167770919, -1.248816249669192 ], [ -78.011429945103188, -1.222842140260831 ], [ -77.967092711500428, -1.224231219669535 ], [ -77.963569386041584, -1.21161076676452 ], [ -77.946257306935465, -1.205464716233131 ], [ -77.938761651632987, -1.227868896329201 ], [ -77.923427063096355, -1.224718357977574 ], [ -77.90375223788223, -1.24194105307053 ], [ -77.882124441230687, -1.244686638170439 ], [ -77.889084159486018, -1.222341038047131 ], [ -77.879043333535279, -1.199970833760915 ], [ -77.832080555217232, -1.218178333628431 ], [ -77.825167977196728, -1.203174000583365 ], [ -77.809930291898539, -1.204315389046913 ], [ -77.780811509794006, -1.183302647599962 ], [ -77.754341624796794, -1.178247217853009 ], [ -77.740533024331015, -1.161436162190983 ], [ -77.728330725607336, -1.160244765683697 ], [ -77.73083742166483, -1.176243424344581 ], [ -77.721324655764974, -1.179968079469133 ], [ -77.700934204252306, -1.147467489383316 ], [ -77.68786826988763, -1.13984646753798 ], [ -77.669911793440818, -1.150341858039021 ], [ -77.655914047207986, -1.132376658971497 ], [ -77.644569890944695, -1.1330615832489 ], [ -77.638613097160217, -1.147055744471599 ], [ -77.628323190811301, -1.142736918980503 ], [ -77.615761016811305, -1.149006075219066 ], [ -77.595906257774189, -1.124164036769816 ], [ -77.560638126769121, -1.159027052049549 ], [ -77.522168930506425, -1.12087642841883 ], [ -77.50561642087402, -1.120983702983732 ], [ -77.485123887866393, -1.105021145885638 ], [ -77.4456146111892, -1.094404809028328 ], [ -77.454034685001787, -1.089936114471272 ], [ -77.446617796269948, -1.082675716844197 ], [ -77.451141313696766, -1.077687449459574 ], [ -77.435580994505713, -1.085193032476965 ], [ -77.404387834757955, -1.078806399232412 ], [ -77.402714009219991, -1.09044665613302 ], [ -77.391334366577638, -1.083554773771631 ], [ -77.383669195602252, -1.094762419467629 ], [ -77.373117891648903, -1.091094086937628 ], [ -77.352669087288476, -1.104778715040007 ], [ -77.349361738491098, -1.068915888869757 ], [ -77.32071530595374, -1.07244572460071 ], [ -77.260194255386068, -1.05225121563624 ], [ -77.244074360207364, -1.05731449668958 ], [ -77.232111713494902, -1.047430807937729 ], [ -77.229396898462596, -1.025874899792472 ], [ -77.172836714432876, -1.016856811440996 ], [ -77.141375843373837, -1.020234226269058 ], [ -77.108188437532476, -1.007654552918972 ], [ -77.086786817433833, -1.01461384535016 ], [ -77.06639220842932, -1.003833241819273 ], [ -77.059964540465614, -1.008314181032895 ], [ -77.06987693062716, -1.019489966151398 ], [ -77.090933613725753, -1.023855426904191 ], [ -77.092591014185501, -1.036950265641139 ], [ -77.074414631179422, -1.054954986889008 ], [ -77.066986376613258, -1.086221453557803 ], [ -77.035859508692724, -1.101549965139197 ], [ -76.991636412733584, -1.095934609750123 ], [ -76.95126347717418, -1.122939376504979 ], [ -76.920828891879111, -1.119422034170379 ], [ -76.913471820132287, -1.127396848624321 ], [ -76.89677855506379, -1.1271284525504 ], [ -76.87645238019158, -1.146632832265173 ], [ -76.87912749164002, -1.151965700970282 ], [ -76.858316282620976, -1.162838880987556 ], [ -76.832107114610508, -1.159231877500345 ], [ -76.829881972344893, -1.111889644107877 ], [ -76.802438377901169, -1.110793039648485 ], [ -76.773800281601225, -1.090661562502414 ], [ -76.763077623755251, -1.098962114341115 ], [ -76.744953107732613, -1.093869579856877 ], [ -76.727490056761454, -1.105933052941353 ], [ -76.720539434156834, -1.082253959024067 ], [ -76.688085815161273, -1.077898888491282 ], [ -76.652858314615642, -1.056810945306345 ], [ -76.60325219708551, -1.073009932876916 ], [ -76.563459714569817, -1.059544618527594 ], [ -76.546365872584175, -1.068532996736445 ], [ -76.531363992589391, -1.051822992452751 ], [ -76.513952586089019, -1.069873378870643 ], [ -76.520141490820166, -1.080220415065234 ], [ -76.513535732156583, -1.095347906385301 ], [ -76.524518346957947, -1.10673958514378 ], [ -76.516266841212612, -1.128564137500497 ], [ -76.525939177224558, -1.136528996604327 ], [ -76.519972145731415, -1.146260501742814 ], [ -76.529399431049853, -1.160811626079187 ], [ -76.520635313042874, -1.186205966520182 ], [ -76.527627336721451, -1.181735653709107 ], [ -76.530545035039111, -1.192651196191248 ], [ -76.515583770579923, -1.198427375390827 ], [ -76.519316783631723, -1.210046374204259 ], [ -76.508368944049181, -1.207883964955561 ], [ -76.50134245205787, -1.220223962820846 ], [ -76.492935240567149, -1.2155946354227 ], [ -76.484541063567022, -1.236492377797719 ], [ -76.475126709275074, -1.241183105887089 ], [ -76.483164462916406, -1.249207718368468 ], [ -76.472730313666659, -1.247120731625475 ], [ -76.475953095283771, -1.254943709470418 ], [ -76.466502582655039, -1.257873007331191 ], [ -76.47086645632524, -1.263836713362785 ], [ -76.458109558408324, -1.24775630780165 ], [ -76.44868494957872, -1.251629338106984 ], [ -76.451112442211524, -1.259943449573429 ], [ -76.458063879432828, -1.257056446422088 ], [ -76.450997182103933, -1.271641480170717 ], [ -76.436996396110558, -1.265675094517462 ], [ -76.436993599822088, -1.257090985089812 ], [ -76.419358816955778, -1.272098062705616 ], [ -76.396004031608086, -1.254131372413867 ], [ -76.387120163306136, -1.270972425333846 ], [ -76.365122679920788, -1.270318339399048 ], [ -76.371176099139078, -1.28205602553856 ], [ -76.356867064177209, -1.280425404395363 ], [ -76.365447550977152, -1.294583422762251 ], [ -76.350552555359613, -1.29129209360209 ], [ -76.342973583382374, -1.300682975796834 ], [ -76.31123074386916, -1.30746589642096 ], [ -76.309019460515259, -1.298376998099695 ], [ -76.295517607931941, -1.310431433129853 ], [ -76.293048570084025, -1.30364198941855 ], [ -76.288544159859853, -1.320538038717487 ], [ -76.286357947382513, -1.309620846654466 ], [ -76.266721814787573, -1.30576067897707 ], [ -76.271652623585098, -1.29582222129084 ], [ -76.253304314790029, -1.306969659186814 ], [ -76.247422265983786, -1.286968087814624 ], [ -76.237797250782748, -1.300928716244697 ], [ -76.223870712281737, -1.295874931834457 ], [ -76.220315649989132, -1.286380283535641 ], [ -76.20267836340652, -1.298237753341203 ], [ -76.18718348361476, -1.286389025368216 ], [ -76.177391447683817, -1.288713872382805 ], [ -76.17623764986017, -1.300423167174199 ], [ -76.167877353822831, -1.294497693569715 ], [ -76.160498309101769, -1.30162949156301 ], [ -76.150776443272335, -1.282147880526354 ], [ -76.144955569406619, -1.290036279781307 ], [ -76.134614024309414, -1.274999850437441 ], [ -76.128674462315331, -1.285592519006802 ], [ -76.113768720875711, -1.272512207635891 ], [ -76.109856071364717, -1.2802261587693 ], [ -76.090180206321833, -1.281428387874885 ], [ -76.082402711133128, -1.296545522219855 ], [ -76.063913392643016, -1.278104875908302 ], [ -76.067854085182162, -1.28784268865314 ], [ -76.057291335990044, -1.28766464832058 ], [ -76.063253532208691, -1.306850337556025 ], [ -76.049290265377962, -1.297164254632762 ], [ -76.035863464437554, -1.314915884763702 ], [ -76.012274508208691, -1.306376729595145 ], [ -76.007344022715117, -1.315910126115947 ], [ -76.002431677604065, -1.309175605341358 ], [ -75.997348095574267, -1.33437454711542 ], [ -75.972409266489038, -1.32927050030734 ], [ -75.968552088223063, -1.345593906048127 ], [ -75.959811104950205, -1.344989125982953 ], [ -75.949123376581525, -1.357849812805942 ], [ -75.940376409941621, -1.349977210049902 ], [ -75.933781134337082, -1.360106403119454 ], [ -75.920122510590176, -1.345857441771249 ], [ -75.915061700647016, -1.361427825360946 ], [ -75.906071745936089, -1.349958306654564 ], [ -75.89376139331884, -1.34891300612418 ], [ -75.900395954492424, -1.333888505482898 ], [ -75.887797838717262, -1.340323270488682 ], [ -75.87655763816484, -1.331752420311961 ], [ -75.879709815374582, -1.356494625892463 ], [ -75.85501088588228, -1.361162206498548 ], [ -75.844996821356702, -1.35565141479042 ], [ -75.845538198962615, -1.373902290884178 ], [ -75.831343231374262, -1.382286766326399 ], [ -75.835799658956645, -1.39169542369436 ], [ -75.822553695817419, -1.383060105073222 ], [ -75.803607672501172, -1.389758706269679 ], [ -75.81563054300949, -1.396931142185704 ], [ -75.793603229440038, -1.404551966191132 ], [ -75.777150475847023, -1.395277831796756 ], [ -75.760059301214412, -1.414964596610109 ], [ -75.758975934896924, -1.401655146539446 ], [ -75.749393615269227, -1.405191097133052 ], [ -75.744234475179496, -1.411317260119763 ], [ -75.75038241365975, -1.423069617316797 ], [ -75.739709882389093, -1.416981148274435 ], [ -75.737645607606282, -1.438575769890736 ], [ -75.716231912502252, -1.449441212321888 ], [ -75.719853873433181, -1.462313728074964 ], [ -75.699943533167158, -1.447546081405265 ], [ -75.699654706279972, -1.464688483697457 ], [ -75.675265868258606, -1.467948986196273 ], [ -75.663578266180323, -1.487994432610452 ], [ -75.659565247492097, -1.477712564363497 ], [ -75.649511087094396, -1.47584111282577 ], [ -75.650457236120118, -1.493485600749561 ], [ -75.636613329960539, -1.482220625742254 ], [ -75.641109971543955, -1.49555987051536 ], [ -75.631658210947293, -1.491973675066944 ], [ -75.63391707280482, -1.500344302921013 ], [ -75.614295131771911, -1.496625620742308 ], [ -75.614192032768742, -1.502458081058719 ], [ -75.609551026711301, -1.492687678853512 ], [ -75.594002668027827, -1.515726852948149 ], [ -75.588203772091333, -1.509389843598868 ], [ -75.595590121214229, -1.525241423308948 ], [ -75.588308495378072, -1.531924036135072 ], [ -75.596008220061321, -1.539779150621653 ], [ -75.585388746817713, -1.549704340655971 ] ] ] } },
{ "type": "Feature", "properties": { "DPA_DESPRO": "LOJA", "DPA_CANTON": "1101", "DPA_DESCAN": "LOJA", "DPA_PROVIN": "11", "DPA_ANIO": "2024", "fcode": "HA003" }, "geometry": { "type": "Polygon", "coordinates": [ [ [ -79.725472427335944, -4.46914183560989 ], [ -79.792337728770534, -4.493834082939482 ], [ -79.814170841191313, -4.490624844041625 ], [ -79.853049947868342, -4.451927588047123 ], [ -79.853680944009895, -4.435080239687849 ], [ -79.870303677064499, -4.414127563870244 ], [ -79.919388541157545, -4.385860734016316 ], [ -79.935290843918722, -4.395856030939161 ], [ -79.962180739010023, -4.39551272401101 ], [ -79.977460564472906, -4.379329941889133 ], [ -79.991936865851542, -4.380682172739562 ], [ -80.014207950038639, -4.357257204669321 ], [ -80.03480596670822, -4.348961990027862 ], [ -80.061553462970195, -4.310475540751352 ], [ -80.104204835538084, -4.29135613822346 ], [ -80.108428027070403, -4.298624523717384 ], [ -80.135867759073122, -4.296472147482372 ], [ -80.135418188958909, -4.285592187565366 ], [ -80.143777173242114, -4.286350235500618 ], [ -80.156184848587287, -4.304321372415442 ], [ -80.171498309553101, -4.290122910551072 ], [ -80.185904857281187, -4.317102146679132 ], [ -80.186040900603317, -4.334852948707431 ], [ -80.20636189390865, -4.34052385444862 ], [ -80.195098775082982, -4.350325817902196 ], [ -80.21059212386966, -4.352026856964935 ], [ -80.211836422120967, -4.359077299488594 ], [ -80.218712592467014, -4.353328907331847 ], [ -80.220125953171362, -4.376246217396797 ], [ -80.23227050587063, -4.372943339694904 ], [ -80.236640891391374, -4.386889390712258 ], [ -80.262600840702405, -4.411614424441731 ], [ -80.274979793626514, -4.403849546604152 ], [ -80.285026157455889, -4.408116360923199 ], [ -80.295614004861307, -4.425599824948061 ], [ -80.29097208443855, -4.435144435060639 ], [ -80.307841625176223, -4.449519339721794 ], [ -80.362732837596198, -4.479723372379889 ], [ -80.381906851507551, -4.477360407453941 ], [ -80.392400588483312, -4.485038977192692 ], [ -80.417140392560611, -4.459560355005365 ], [ -80.420128871509959, -4.466454647286422 ], [ -80.449521502923304, -4.447732186741474 ], [ -80.445455084551128, -4.438657548239455 ], [ -80.454185468587525, -4.407958616950874 ], [ -80.445798715947873, -4.393408305284504 ], [ -80.45320494508826, -4.382008201513513 ], [ -80.429351379752745, -4.351620803091896 ], [ -80.424243645739722, -4.330368872629511 ], [ -80.391273813564808, -4.295365640774115 ], [ -80.367735908825722, -4.282208016452771 ], [ -80.36775364074802, -4.270079654801547 ], [ -80.306374042104679, -4.20010492099709 ], [ -80.312878756638852, -4.197548879139385 ], [ -80.329689077775157, -4.21453132409892 ], [ -80.341396807613634, -4.208800424964418 ], [ -80.353481087594616, -4.220882515140498 ], [ -80.367883878641166, -4.196849298948647 ], [ -80.40944734613123, -4.218192588795075 ], [ -80.431648306989331, -4.195576344723892 ], [ -80.449143223972811, -4.208850304873114 ], [ -80.447281238516737, -4.121004720787414 ], [ -80.468040936988174, -4.126431452657784 ], [ -80.464982266125858, -4.113850374284186 ], [ -80.486295884629385, -4.08285511862989 ], [ -80.471746958760065, -4.074263267931488 ], [ -80.482323684483219, -4.054938116658186 ], [ -80.470934685040874, -4.048312733685213 ], [ -80.467984588063985, -4.034094754740388 ], [ -80.450906982852814, -4.030951337129541 ], [ -80.456510956058978, -4.017370292534961 ], [ -80.445606930728985, -4.015571289189698 ], [ -80.441177350721674, -4.005791503482149 ], [ -80.446798040358175, -3.997150903490471 ], [ -80.430691099511577, -3.989622547843967 ], [ -80.424956700212249, -3.99662119832913 ], [ -80.398575175835148, -3.981214340435318 ], [ -80.377829181077104, -3.989802430143828 ], [ -80.365195045020045, -3.981846819293213 ], [ -80.352781456417802, -3.994919890964667 ], [ -80.338862544817388, -3.992315205322975 ], [ -80.324193146596997, -4.011026520518143 ], [ -80.298390892485315, -4.017099876569079 ], [ -80.262817222306282, -3.999991361788276 ], [ -80.236538011407106, -3.962563179520319 ], [ -80.234692886814827, -3.948198200929366 ], [ -80.216563835803029, -3.95661587329636 ], [ -80.184076173794281, -3.927002048031447 ], [ -80.158692756673688, -3.912992804533778 ], [ -80.139882813246388, -3.912538916487379 ], [ -80.122148415715188, -3.885268349686247 ], [ -80.107100451076349, -3.889720950364129 ], [ -80.104135522230578, -3.883502212372199 ], [ -80.056043823357953, -3.880936593489312 ], [ -80.011557587192286, -3.867853812434149 ], [ -79.98519317658257, -3.841703798701257 ], [ -79.954212738446131, -3.828291406755804 ], [ -79.936279569326572, -3.832219809352309 ], [ -79.914116813952845, -3.823416648761652 ], [ -79.893458788431715, -3.829771540355005 ], [ -79.864241222135576, -3.820360341796716 ], [ -79.830200681344579, -3.837670723717316 ], [ -79.807481486939835, -3.835422300329998 ], [ -79.791595000261069, -3.845948544306716 ], [ -79.776232394490421, -3.837335649889454 ], [ -79.724544818307365, -3.832326674909231 ], [ -79.706142904786887, -3.82234716911251 ], [ -79.680301246422943, -3.778887456296563 ], [ -79.662309381222101, -3.769326691780086 ], [ -79.647437601197154, -3.771279155115836 ], [ -79.619074231648554, -3.750124334666595 ], [ -79.605545163047452, -3.751298429640453 ], [ -79.59194218626061, -3.780465441685009 ], [ -79.566061054014654, -3.802386664464741 ], [ -79.500458187785739, -3.789534914349439 ], [ -79.489020072661063, -3.803050237045626 ], [ -79.444062383661873, -3.812821874522514 ], [ -79.426227629740922, -3.792052112558146 ], [ -79.406402500097016, -3.786003333646525 ], [ -79.40316219567049, -3.753101038666216 ], [ -79.415978906385476, -3.725693504476156 ], [ -79.378785985990916, -3.69622496327163 ], [ -79.366116393180647, -3.655510880627535 ], [ -79.391873402658632, -3.612422753466043 ], [ -79.415611506026039, -3.606996895444169 ], [ -79.428073238580353, -3.578944070706358 ], [ -79.482508324671727, -3.636237534041717 ], [ -79.490553610287449, -3.635932972406593 ], [ -79.498653992499854, -3.609605985644354 ], [ -79.479079689576082, -3.580791872047263 ], [ -79.482604688116865, -3.540591544313283 ], [ -79.474138095326765, -3.526954686431459 ], [ -79.481259915003477, -3.514006753951228 ], [ -79.459245990125353, -3.498686830020411 ], [ -79.443727823386567, -3.469655436268963 ], [ -79.429697318040809, -3.464097475023884 ], [ -79.42202924503718, -3.443717572309189 ], [ -79.433856774511554, -3.429656231976305 ], [ -79.461284390327918, -3.431485150098342 ], [ -79.474703574633779, -3.398226699908294 ], [ -79.462622396328399, -3.333159984258081 ], [ -79.377264417788481, -3.349454026236644 ], [ -79.334184216164331, -3.339845635024586 ], [ -79.301726450816645, -3.363838444411877 ], [ -79.308832166620761, -3.394036239060953 ], [ -79.299610965928238, -3.406787640519676 ], [ -79.30203828618761, -3.435849706834389 ], [ -79.289162516000729, -3.466945252494994 ], [ -79.276788381923069, -3.476631922570043 ], [ -79.256770165980868, -3.475869690840577 ], [ -79.181236081032495, -3.44078108838284 ], [ -79.175999474404151, -3.467470123091488 ], [ -79.156926287346124, -3.47566418876286 ], [ -79.158872692585021, -3.504220945228725 ], [ -79.136177720474763, -3.527636717012551 ], [ -79.139926190962541, -3.567896598652432 ], [ -79.133448013849701, -3.598399732221202 ], [ -79.117977341594454, -3.601504178018287 ], [ -79.105027567577693, -3.625957307972312 ], [ -79.095134502198391, -3.624992964663598 ], [ -79.110476903054987, -3.633620422919796 ], [ -79.106400480354068, -3.647904900003168 ], [ -79.141198221231662, -3.666385845139723 ], [ -79.146864601166214, -3.659448267081073 ], [ -79.157673466341492, -3.663081857759561 ], [ -79.154149350403372, -3.692551117855816 ], [ -79.161472426587579, -3.714966798239218 ], [ -79.176319650435332, -3.711042955071853 ], [ -79.196140078007701, -3.726026840555705 ], [ -79.190527731324565, -3.752279160474752 ], [ -79.178989549815483, -3.765594215736497 ], [ -79.176639017139749, -3.794244364429744 ], [ -79.160369245200755, -3.804834556605696 ], [ -79.156991439975101, -3.818472062086314 ], [ -79.143017546393367, -3.822099373645488 ], [ -79.14542240046795, -3.856279376493704 ], [ -79.129573125709555, -3.878156533326476 ], [ -79.148321926839245, -3.925209846230004 ], [ -79.139485967297333, -3.949942120261057 ], [ -79.1514628344475, -3.963740072611732 ], [ -79.142948022600706, -3.973536456718279 ], [ -79.146078928359245, -4.017826197957961 ], [ -79.136387819649158, -4.035818266762814 ], [ -79.13991010702243, -4.056611139951207 ], [ -79.1535663658142, -4.066719378272445 ], [ -79.162738838158802, -4.114850129999223 ], [ -79.15997375961777, -4.153311841552281 ], [ -79.134793369397102, -4.161308965295987 ], [ -79.107936765213751, -4.185014960992478 ], [ -79.10056690172658, -4.209260318027743 ], [ -79.108981624410021, -4.224644477596772 ], [ -79.105806532159065, -4.260119550365727 ], [ -79.114729799287403, -4.267402289936659 ], [ -79.106159218807392, -4.289237566072529 ], [ -79.12101179485326, -4.308236116982295 ], [ -79.108954985332673, -4.333979984278264 ], [ -79.115706283833461, -4.341009735056523 ], [ -79.107418564167688, -4.358709851995025 ], [ -79.115341465772744, -4.390435677981156 ], [ -79.111362200651698, -4.406732244922615 ], [ -79.119944059402613, -4.426125826060555 ], [ -79.141736717385129, -4.432395874024621 ], [ -79.146655047300612, -4.447816938700147 ], [ -79.159117688192168, -4.451748247918164 ], [ -79.166371268390051, -4.475539978244221 ], [ -79.189325987198274, -4.474255640943709 ], [ -79.198241353961578, -4.482196908113552 ], [ -79.208836209455072, -4.510541666212555 ], [ -79.224033103670166, -4.492973339080546 ], [ -79.248288202338301, -4.482602098371113 ], [ -79.263275131875119, -4.488087706251204 ], [ -79.271425547333124, -4.47377312065703 ], [ -79.279851340269218, -4.473132229878357 ], [ -79.315348046908568, -4.510335027578511 ], [ -79.32749392609378, -4.509317265918328 ], [ -79.327828950239976, -4.531790442027949 ], [ -79.33726267720705, -4.547293500188924 ], [ -79.327416404348995, -4.577729182558361 ], [ -79.33327792994811, -4.606092934654856 ], [ -79.353114135677956, -4.625094820136302 ], [ -79.359257491118811, -4.649496078433373 ], [ -79.380718063004025, -4.656979674446235 ], [ -79.394755371745205, -4.678896603636321 ], [ -79.398319929030521, -4.718365298350021 ], [ -79.418833270956185, -4.725245898879244 ], [ -79.427421879974517, -4.747279054624862 ], [ -79.457494296852047, -4.701439151724864 ], [ -79.463343289787289, -4.651931169891903 ], [ -79.488407221035487, -4.62476938294045 ], [ -79.494417208548825, -4.581044686493421 ], [ -79.476879656524702, -4.568265334150913 ], [ -79.496098605643411, -4.520928161266962 ], [ -79.51392833141378, -4.516198408950754 ], [ -79.52671565872474, -4.529476874127549 ], [ -79.544202880727497, -4.525871623715192 ], [ -79.550011282226734, -4.513914536533234 ], [ -79.5612233892695, -4.515351786225005 ], [ -79.581057262335548, -4.497928457766775 ], [ -79.579614670196548, -4.487648141754005 ], [ -79.600286409469945, -4.456352272456669 ], [ -79.644227002032309, -4.433489698871321 ], [ -79.682090047420601, -4.447789600284919 ], [ -79.706803401126876, -4.471702073660722 ], [ -79.725472427335944, -4.46914183560989 ] ] ] } },
{ "type": "Feature", "properties": { "DPA_DESPRO": "IMBABURA", "DPA_CANTON": "1001", "DPA_DESCAN": "IBARRA", "DPA_PROVIN": "10", "DPA_ANIO": "2024", "fcode": "HA003" }, "geometry": { "type": "Polygon", "coordinates": [ [ [ -78.148366802164006, 0.158778479530451 ], [ -78.153981628519503, 0.141203839027008 ], [ -78.195872693903553, 0.134973276030697 ], [ -78.201617799327892, 0.127872529595614 ], [ -78.224244053660811, 0.129213417495515 ], [ -78.229981418527743, 0.121119163123486 ], [ -78.266821111475323, 0.137773333677059 ], [ -78.282909912430256, 0.128679514013822 ], [ -78.289947597491889, 0.134668213120719 ], [ -78.284826703198945, 0.150857199776095 ], [ -78.302161198166246, 0.155703047841465 ], [ -78.296688857441723, 0.162753303458832 ], [ -78.306806896094898, 0.182873685310946 ], [ -78.330680744899823, 0.191424831316551 ], [ -78.339332312163208, 0.203855191761454 ], [ -78.35780319106884, 0.171094082198458 ], [ -78.373718535618409, 0.159139959849808 ], [ -78.376269468418357, 0.167993809636356 ], [ -78.358527721085295, 0.20019587386044 ], [ -78.363864752290382, 0.208506771918606 ], [ -78.356823418643813, 0.217203287341538 ], [ -78.350152084150437, 0.210987176376837 ], [ -78.343608127024581, 0.227422938188578 ], [ -78.354198197429724, 0.229676822523506 ], [ -78.354584214320056, 0.24450914370233 ], [ -78.376588284041844, 0.260880824116676 ], [ -78.393255230123359, 0.245375109337533 ], [ -78.392131648427906, 0.238080701123946 ], [ -78.40236008884736, 0.240673882493468 ], [ -78.410231289337858, 0.217826653561989 ], [ -78.433747896132616, 0.195046088134306 ], [ -78.45007117379248, 0.213043249674692 ], [ -78.452454142704966, 0.23710536775743 ], [ -78.46634980539848, 0.259675873126208 ], [ -78.487957566063542, 0.263484167126006 ], [ -78.496896612068596, 0.277313822962756 ], [ -78.49460566616915, 0.259009507743931 ], [ -78.510159166757632, 0.243834783131981 ], [ -78.510159167037671, 0.226571388694218 ], [ -78.519280839964637, 0.228013790142282 ], [ -78.523905692653813, 0.21356712970428 ], [ -78.537288565403585, 0.205482967904477 ], [ -78.561250247808985, 0.207217154157014 ], [ -78.566125501670001, 0.222452400029389 ], [ -78.57583047116745, 0.225334815202351 ], [ -78.625149062586473, 0.218030367208312 ], [ -78.638171874598527, 0.206452570261271 ], [ -78.656717890871633, 0.216483771637283 ], [ -78.67502582985999, 0.210514233347233 ], [ -78.682598774703209, 0.22349822997237 ], [ -78.709112132907109, 0.215466292144075 ], [ -78.754256049512804, 0.240391395506132 ], [ -78.777034347874078, 0.243348142679583 ], [ -78.811149645774179, 0.230532582909061 ], [ -78.833031276248136, 0.241535649590432 ], [ -78.855950385539501, 0.237627325746546 ], [ -78.909331524568415, 0.213370432977415 ], [ -78.924463012658435, 0.221612550383755 ], [ -78.94745883044358, 0.203872545234668 ], [ -78.966299525776719, 0.223396629509324 ], [ -78.981099426639858, 0.210713636525564 ], [ -79.00999975901496, 0.225967221728377 ], [ -79.01763773430423, 0.2769857690569 ], [ -79.031442546382365, 0.283034672490672 ], [ -79.031122234103606, 0.292528525951941 ], [ -79.056476422787526, 0.293572481714315 ], [ -79.059312056668588, 0.307202913158548 ], [ -79.087995904069928, 0.299494200798002 ], [ -79.112251510560654, 0.307581465636988 ], [ -79.111543547617188, 0.298328661372876 ], [ -79.13342330853844, 0.320865540077298 ], [ -79.178755419667951, 0.312415537085773 ], [ -79.232280265174182, 0.326991596716602 ], [ -79.267468948652208, 0.317872753006795 ], [ -79.275032381216562, 0.3337151479356 ], [ -79.258391353356132, 0.341380837230098 ], [ -79.205275811212388, 0.346203678078604 ], [ -79.190380358898111, 0.339824319143932 ], [ -79.162092814988256, 0.348102076084591 ], [ -79.116237909115355, 0.334707878220473 ], [ -79.079976567840831, 0.333779125706332 ], [ -79.070367778137737, 0.323896387877595 ], [ -79.057824042446882, 0.324833980403961 ], [ -79.043988060906358, 0.303510234626868 ], [ -79.02291898487492, 0.306675107681163 ], [ -78.961243075443903, 0.349282375745156 ], [ -78.943471640527747, 0.382021593408356 ], [ -78.927748367655141, 0.393700495352204 ], [ -78.910998983610156, 0.401543711639897 ], [ -78.911008380570493, 0.362646296326091 ], [ -78.902759523126036, 0.37153072592993 ], [ -78.895334763920573, 0.368000531551067 ], [ -78.899371896046617, 0.378048531685636 ], [ -78.891173885249245, 0.378764172818709 ], [ -78.892359618398345, 0.388392835197098 ], [ -78.872516009736046, 0.398673905660801 ], [ -78.85168361057417, 0.42933316842815 ], [ -78.833630750009334, 0.435600101055795 ], [ -78.793322866990579, 0.410252117927318 ], [ -78.79793128749823, 0.401115984745127 ], [ -78.774242040303335, 0.400310782305025 ], [ -78.7654957877443, 0.407789177872655 ], [ -78.718567283808341, 0.402986090735201 ], [ -78.686083165166863, 0.375374218907896 ], [ -78.657870375828267, 0.377287212830596 ], [ -78.616896574186015, 0.410773788064351 ], [ -78.600551330259194, 0.459792142946521 ], [ -78.560296199078522, 0.482586155833026 ], [ -78.551873924380956, 0.51859318457743 ], [ -78.519837531880739, 0.528917657412777 ], [ -78.498140267639727, 0.545590039028099 ], [ -78.465242112566443, 0.532011785434626 ], [ -78.428847905724979, 0.574564796796457 ], [ -78.432788554951031, 0.607786118854993 ], [ -78.460783130166405, 0.628814969819182 ], [ -78.479397613779412, 0.678469830094905 ], [ -78.491507074607242, 0.689616336979034 ], [ -78.492316884578699, 0.706410743721388 ], [ -78.509318600314273, 0.708972817330479 ], [ -78.52444782198485, 0.728547573902475 ], [ -78.51639875326417, 0.752358439172175 ], [ -78.536299161935375, 0.772435648773097 ], [ -78.507937132496963, 0.775247570966648 ], [ -78.494410650435967, 0.767273445148251 ], [ -78.461500769246186, 0.778457636520514 ], [ -78.441602116862171, 0.813887581195275 ], [ -78.45255238963415, 0.823464895862565 ], [ -78.446386656195173, 0.832883494413138 ], [ -78.454486808117238, 0.84251904686656 ], [ -78.454399909891706, 0.874715946039607 ], [ -78.437714037209275, 0.874010772541028 ], [ -78.417969485068085, 0.847299435304563 ], [ -78.386735032306007, 0.825041270001311 ], [ -78.364386095285468, 0.825633791245108 ], [ -78.353218785017617, 0.815272429848564 ], [ -78.330797248868649, 0.821934700827881 ], [ -78.302792166189079, 0.792347409009781 ], [ -78.271569263863356, 0.784572679655787 ], [ -78.267034007862904, 0.767013568322109 ], [ -78.204125366068155, 0.717890177769877 ], [ -78.200389836073128, 0.691863112328885 ], [ -78.187211816531459, 0.669212433223955 ], [ -78.168457755651104, 0.65951571910181 ], [ -78.152996091428335, 0.626701117987826 ], [ -78.143714120945745, 0.627316407404536 ], [ -78.133632417819726, 0.615067892936617 ], [ -78.142219410044092, 0.590608143900322 ], [ -78.125209400551768, 0.570748048451885 ], [ -78.129587365339503, 0.530321876145487 ], [ -78.111517232688982, 0.520450030420853 ], [ -78.09384883125459, 0.482004549139997 ], [ -78.067489448860726, 0.473756633141716 ], [ -78.011102884016609, 0.473558326516917 ], [ -77.991735399720923, 0.44766769869044 ], [ -77.944880025168914, 0.431488935980822 ], [ -77.923996717858628, 0.401650133198369 ], [ -77.864732980703877, 0.381143773290141 ], [ -77.838004029278736, 0.356601425203792 ], [ -77.834756594258621, 0.344389619784577 ], [ -77.810622870730668, 0.353933436479986 ], [ -77.823462768152112, 0.326004068073094 ], [ -77.850774194010953, 0.305794903150391 ], [ -77.845303711041183, 0.27909159451543 ], [ -77.828997229125861, 0.27312955234022 ], [ -77.847661020605102, 0.258984693792506 ], [ -77.850211186348048, 0.239639607721713 ], [ -77.865850781200734, 0.231690809377196 ], [ -77.870387603576631, 0.207860925557114 ], [ -77.886055523913399, 0.199736582452692 ], [ -77.904822475024631, 0.205863413019782 ], [ -77.924400859519196, 0.198161576625847 ], [ -77.923488744192724, 0.182021929037458 ], [ -77.941227492442081, 0.179904795951607 ], [ -77.95649447667391, 0.157158516428178 ], [ -77.965232194536355, 0.157931838661836 ], [ -77.966969442980712, 0.168682812532987 ], [ -78.001886383889172, 0.172038353044919 ], [ -78.023982104513593, 0.188359223924699 ], [ -78.033910005895663, 0.182203934024043 ], [ -78.052595358572532, 0.193114384755111 ], [ -78.088129807995529, 0.189349054366773 ], [ -78.09166108863765, 0.181108615047108 ], [ -78.090735412805998, 0.184304033406031 ], [ -78.091730472321871, 0.186805842551835 ], [ -78.092548562648901, 0.187277556252729 ], [ -78.113337798586329, 0.156313455326321 ], [ -78.134097750743294, 0.152702015793679 ], [ -78.148366802164006, 0.158778479530451 ] ] ] } },
{ "type": "Feature", "properties": { "DPA_DESPRO": "MANABÍ", "DPA_CANTON": "1301", "DPA_DESCAN": "PORTOVIEJO", "DPA_PROVIN": "13", "DPA_ANIO": "2024", "fcode": "HA003" }, "geometry": { "type": "Polygon", "coordinates": [ [ [ -80.195437686394044, -1.421990715713153 ], [ -80.192947478814816, -1.47190466063561 ], [ -80.204234549264257, -1.482478071080194 ], [ -80.205242426084752, -1.499694493432599 ], [ -80.19406448567581, -1.519418128767019 ], [ -80.171621130825216, -1.526528742563501 ], [ -80.220213099409833, -1.574318619961989 ], [ -80.251963613818049, -1.565661302074041 ], [ -80.284273793086967, -1.569487575347042 ], [ -80.252593034613284, -1.616151414483099 ], [ -80.223630648024852, -1.616151389540818 ], [ -80.23078386063986, -1.625223291356438 ], [ -80.21920448595607, -1.637508082466652 ], [ -80.225184951251748, -1.648756549283817 ], [ -80.219910926961219, -1.66209338666862 ], [ -80.208263749636984, -1.673566122528294 ], [ -80.210280090346174, -1.694290781826298 ], [ -80.231039502364297, -1.688274458065994 ], [ -80.239885193062449, -1.693466358328668 ], [ -80.263861955477395, -1.675019361958415 ], [ -80.288027456596282, -1.678632958367073 ], [ -80.300119206634406, -1.686532719298262 ], [ -80.280240211734849, -1.703257285422715 ], [ -80.290319430084452, -1.710118772585676 ], [ -80.325001013324922, -1.683472828353825 ], [ -80.336470071439933, -1.710134929341899 ], [ -80.333296944324488, -1.723958333395458 ], [ -80.350804360134887, -1.722840891372783 ], [ -80.382581155551506, -1.751784512267336 ], [ -80.392328905158919, -1.776193677970314 ], [ -80.40545042674394, -1.774528045377279 ], [ -80.419277458111694, -1.78656567443437 ], [ -80.426224747998091, -1.808943782834869 ], [ -80.407470916201518, -1.831459797858051 ], [ -80.409732334430615, -1.837669656993606 ], [ -80.428203918233649, -1.836465141719038 ], [ -80.431978600524772, -1.851011928680492 ], [ -80.425405912727925, -1.854424886867094 ], [ -80.440753497689386, -1.858785774725909 ], [ -80.433024779275215, -1.865679765307 ], [ -80.434098668389424, -1.883601589814702 ], [ -80.443288544205672, -1.881234580733843 ], [ -80.447014041687538, -1.882103230475448 ], [ -80.446597646740216, -1.883060386594439 ], [ -80.440918314426497, -1.886668326672094 ], [ -80.417102569022418, -1.881720202273615 ], [ -80.432569615354396, -1.899865561862532 ], [ -80.428313441788859, -1.924997418921055 ], [ -80.43879838332613, -1.941508958006452 ], [ -80.465205147746644, -1.947404033185992 ], [ -80.473563652647798, -1.925853365191271 ], [ -80.517041280634842, -1.921675973009753 ], [ -80.516501056690572, -1.902477011782649 ], [ -80.566016347621982, -1.839089166231904 ], [ -80.559777777615935, -1.824677778069408 ], [ -80.571191666512405, -1.824402777894073 ], [ -80.557626389902211, -1.809996360160522 ], [ -80.548960067960635, -1.780789981848566 ], [ -80.575674562931852, -1.787491693011313 ], [ -80.594140750083113, -1.778598703723592 ], [ -80.610496011131033, -1.756848606775183 ], [ -80.61089180604921, -1.73455014374228 ], [ -80.620909796718124, -1.726784235920731 ], [ -80.616751974962696, -1.709763324455001 ], [ -80.634260748757796, -1.698627274882412 ], [ -80.646564151852218, -1.670497848661868 ], [ -80.671420507231602, -1.679310084601401 ], [ -80.708335601156833, -1.673727715996853 ], [ -80.723700911118684, -1.686645039010108 ], [ -80.748138863499122, -1.668654706109148 ], [ -80.803390489547454, -1.711619883040717 ], [ -80.826489069001397, -1.647722247943815 ], [ -80.845511695657024, -1.627479522018807 ], [ -80.844083498915992, -1.611060521216481 ], [ -80.854367512263707, -1.599771197395558 ], [ -80.842550010492687, -1.58800314821229 ], [ -80.841960122285727, -1.566769580002636 ], [ -80.814700247212301, -1.5605001491401 ], [ -80.815819799623696, -1.509767531895778 ], [ -80.793807482603725, -1.495235236951534 ], [ -80.792106928696882, -1.478641954291731 ], [ -80.778898948053325, -1.484761168800217 ], [ -80.767274933034457, -1.475246254447175 ], [ -80.767157843166018, -1.437608058492939 ], [ -80.751578046109941, -1.420066882567181 ], [ -80.762168950445997, -1.389013961813297 ], [ -80.738913677569542, -1.359342805699112 ], [ -80.761602726564604, -1.311807834110783 ], [ -80.850122847837511, -1.205404416670991 ], [ -80.878206994379028, -1.154922055356415 ], [ -80.912546997209319, -1.058679458726284 ], [ -80.903235758304959, -1.038046166588968 ], [ -80.873674708681236, -1.018446277062315 ], [ -80.829379685206476, -0.955720899346574 ], [ -80.787817751871756, -0.958321482275587 ], [ -80.764036938841244, -0.943537080594814 ], [ -80.724592613492945, -0.9369129450242 ], [ -80.722246512456934, -0.930280779305551 ], [ -80.721894031890784, -0.930004178992425 ], [ -80.719566305508465, -0.929659115093134 ], [ -80.726150721962739, -0.939693868741149 ], [ -80.72030752917702, -0.950126846584154 ], [ -80.697249703002427, -0.94857724850779 ], [ -80.672649373154229, -0.936594569982449 ], [ -80.667209206104658, -0.924824443075517 ], [ -80.654470215178392, -0.929183703857639 ], [ -80.647988877945352, -0.942240719511654 ], [ -80.618770182461589, -0.944624110667706 ], [ -80.581882540088969, -0.925447609691384 ], [ -80.546088380914142, -0.881840369494664 ], [ -80.506067784697819, -0.736312319531162 ], [ -80.470299928430009, -0.639948139169194 ], [ -80.452305563087307, -0.610935195868211 ], [ -80.421897171995028, -0.59465090658981 ], [ -80.422552277562019, -0.572290131967314 ], [ -80.436223728816287, -0.563571884810208 ], [ -80.458987187680108, -0.457962998116868 ], [ -80.478031513048165, -0.441368278575206 ], [ -80.493168120421203, -0.398954505126603 ], [ -80.488316700631003, -0.365870854051672 ], [ -80.469811887939741, -0.366533567590039 ], [ -80.407244236382653, -0.311639376579581 ], [ -80.379710925828306, -0.233683595316274 ], [ -80.345979139120914, -0.210351019188948 ], [ -80.32614873001873, -0.171998895934524 ], [ -80.30632603665866, -0.18894665205039 ], [ -80.265480142864959, -0.16721276211253 ], [ -80.177672827837483, -0.076189876704166 ], [ -80.14160542222065, -0.048787409012678 ], [ -80.095876701398495, 0.012196114663865 ], [ -80.088694462611514, 0.04883964842916 ], [ -80.074186551932257, 0.045809992150757 ], [ -80.066595812979642, 0.052818905628657 ], [ -80.041263194832482, 0.123676407220021 ], [ -80.031606290686767, 0.177124597960417 ], [ -80.039825947017206, 0.367131065055201 ], [ -80.030022129917683, 0.373884705807776 ], [ -79.997520394390335, 0.348493898375964 ], [ -79.976757539416099, 0.267889275118186 ], [ -79.931744526941728, 0.2540353094958 ], [ -79.921302937160533, 0.257179292420934 ], [ -79.927426252674408, 0.265882034046363 ], [ -79.920576738801543, 0.275182703714689 ], [ -79.90367603391482, 0.276525486678225 ], [ -79.910331450576976, 0.281752916496867 ], [ -79.907958614224, 0.29427882936109 ], [ -79.90345931115435, 0.288466938996884 ], [ -79.894482313584803, 0.304941115269362 ], [ -79.90425993945945, 0.315143663328181 ], [ -79.881197106697684, 0.322602177638007 ], [ -79.864362730877417, 0.314639229500528 ], [ -79.832361734767957, 0.324427337169863 ], [ -79.820714877371259, 0.318171356273685 ], [ -79.80318693165087, 0.328937159955156 ], [ -79.817464114869495, 0.337054195786052 ], [ -79.796357782875944, 0.369562651769333 ], [ -79.776410472464562, 0.381223455448301 ], [ -79.727462754071937, 0.375015432164104 ], [ -79.705639533998266, 0.343680891138453 ], [ -79.722429934563678, 0.319420241205201 ], [ -79.718727262457705, 0.29366526145257 ], [ -79.696618276062921, 0.289239730307159 ], [ -79.686429756247676, 0.274148059733089 ], [ -79.673283525319178, 0.275833327566442 ], [ -79.665478174166438, 0.262273842004494 ], [ -79.68757521048633, 0.22595612655693 ], [ -79.684841465630541, 0.216323407055642 ], [ -79.69622878888508, 0.219642809323803 ], [ -79.704869751236259, 0.211687234632733 ], [ -79.711543955756852, 0.182066596864818 ], [ -79.698949804625542, 0.180768105581533 ], [ -79.701953007599641, 0.175985210487305 ], [ -79.682801895260965, 0.164023849030731 ], [ -79.665332385636177, 0.178078082988608 ], [ -79.655481962597904, 0.172442831193371 ], [ -79.651312433760864, 0.143166281813207 ], [ -79.64778014426183, 0.152953096789042 ], [ -79.625970766849818, 0.157899120783617 ], [ -79.613527316790808, 0.139726459065853 ], [ -79.616668418057117, 0.132422994104132 ], [ -79.61057582545142, 0.136031391734689 ], [ -79.608909889917854, 0.129282857855771 ], [ -79.599313676890262, 0.13084116204164 ], [ -79.597395937347827, 0.120929036409853 ], [ -79.569344999006219, 0.115090343894164 ], [ -79.591910347258192, 0.085607958358639 ], [ -79.602828219979187, 0.08233891465013 ], [ -79.597338328673302, 0.063584120196423 ], [ -79.620314751491406, 0.057632928187463 ], [ -79.625701015097803, 0.036301379124214 ], [ -79.614659546196506, 0.032548372884157 ], [ -79.624888235540524, 0.018622857812267 ], [ -79.612539489864105, 0.011433700757622 ], [ -79.612467005291975, -0.007889425905967 ], [ -79.606525350717476, -0.006884320699613 ], [ -79.602827795791626, -0.019621832595592 ], [ -79.616153683431747, -0.037207684437907 ], [ -79.608982824065677, -0.053460500571874 ], [ -79.548408408422347, -0.099434337970942 ], [ -79.541103031161057, -0.133349963558531 ], [ -79.529516392361558, -0.136442857888977 ], [ -79.519369961397388, -0.163889750005684 ], [ -79.472979615186077, -0.175409890087412 ], [ -79.462284653267915, -0.171657575129064 ], [ -79.449586196530817, -0.180148431454068 ], [ -79.429824221461899, -0.175544052631435 ], [ -79.409727936552542, -0.191357940260348 ], [ -79.410756111355184, -0.410686108524944 ], [ -79.429131166377005, -0.438664264503816 ], [ -79.457660095761909, -0.456384972104371 ], [ -79.456288587224961, -0.46759650764563 ], [ -79.463979536267729, -0.468914410925404 ], [ -79.44949535350186, -0.47961773154021 ], [ -79.461130504935838, -0.496557920622573 ], [ -79.459521281795276, -0.511854248809378 ], [ -79.467561144991834, -0.531780465278064 ], [ -79.488417067963795, -0.546046793029169 ], [ -79.49720764345183, -0.568206460536869 ], [ -79.485994092325527, -0.587998465792028 ], [ -79.485107473747519, -0.609582438051638 ], [ -79.501071947318323, -0.608945627167892 ], [ -79.508035062812738, -0.636094433529917 ], [ -79.525162991529655, -0.646366915928147 ], [ -79.525252494718572, -0.657379399167655 ], [ -79.542410572243625, -0.657298323929687 ], [ -79.535784662838807, -0.717850171365466 ], [ -79.563482208482768, -0.721699800593286 ], [ -79.576140076146444, -0.699695869002619 ], [ -79.583647925802737, -0.713132647025633 ], [ -79.577207669735245, -0.722215772853935 ], [ -79.588123563192042, -0.730604404305217 ], [ -79.588631038783149, -0.742129437744329 ], [ -79.601355368249003, -0.745202595309956 ], [ -79.595795958423921, -0.77215193055257 ], [ -79.606197618747643, -0.804308475929974 ], [ -79.598183128114457, -0.828115935685614 ], [ -79.609782050426418, -0.834485585502853 ], [ -79.607681322295662, -0.855536614599531 ], [ -79.626464473093677, -0.858222698769818 ], [ -79.623771884391374, -0.875744854482307 ], [ -79.644262571332149, -0.881349816532335 ], [ -79.662393931844647, -0.903353892904556 ], [ -79.670715825405679, -0.891326282445671 ], [ -79.685173405323724, -0.903306546698825 ], [ -79.688984509797592, -0.895356986362221 ], [ -79.704098511444371, -0.904301761372537 ], [ -79.700341423411444, -0.886180691673414 ], [ -79.713453413535902, -0.878645894672676 ], [ -79.716661971592842, -0.886513870125612 ], [ -79.731198319191193, -0.884472746953259 ], [ -79.744116699322774, -0.921092956156397 ], [ -79.771226940630285, -0.947571304058309 ], [ -79.773775927569815, -0.979404112727867 ], [ -79.797116098025299, -0.98311024994501 ], [ -79.803758006715867, -1.030874092951809 ], [ -79.812107436603966, -1.032602694401763 ], [ -79.816128679450941, -1.050223990808848 ], [ -79.833417979608043, -1.050156434540329 ], [ -79.84534176742946, -1.083961165892485 ], [ -79.899160576101821, -1.122775045885311 ], [ -79.916679624174876, -1.145242482492311 ], [ -79.942788764575639, -1.155809654623589 ], [ -79.94708835229703, -1.143020042522964 ], [ -79.963262893587512, -1.139333927131164 ], [ -79.970212665980924, -1.168617497523613 ], [ -79.953085554266522, -1.164568633444375 ], [ -79.950369325528129, -1.178845675128862 ], [ -79.96089071612208, -1.189686520959436 ], [ -79.974280428026063, -1.175902778153213 ], [ -79.986302823653759, -1.176356540079326 ], [ -79.993824370456025, -1.194095485167288 ], [ -80.010801125640469, -1.204952661744142 ], [ -80.018258850689989, -1.238825774202103 ], [ -80.039173554347713, -1.258040122970127 ], [ -80.025352196378535, -1.276947875504702 ], [ -80.041128667169119, -1.275395800034831 ], [ -80.095513678193242, -1.326465397898058 ], [ -80.137540118695071, -1.324121568839443 ], [ -80.153758909119787, -1.366758717960496 ], [ -80.14215658534026, -1.380712968416454 ], [ -80.144863927829135, -1.407211311163586 ], [ -80.195437686394044, -1.421990715713153 ] ] ] } },
{ "type": "Feature", "properties": { "DPA_DESPRO": "LOS RÍOS", "DPA_CANTON": "1201", "DPA_DESCAN": "BABAHOYO", "DPA_PROVIN": "12", "DPA_ANIO": "2024", "fcode": "HA003" }, "geometry": { "type": "Polygon", "coordinates": [ [ [ -79.671015475235947, -1.910112505492307 ], [ -79.685736205008041, -1.867972716017451 ], [ -79.704350621940875, -1.866359293612577 ], [ -79.709643850394698, -1.854517982465929 ], [ -79.731443246958349, -1.845987186305031 ], [ -79.71927499934074, -1.827811267350415 ], [ -79.728941882556754, -1.825148334841362 ], [ -79.730374832751195, -1.809097700160914 ], [ -79.748419899467194, -1.787495209285021 ], [ -79.747393511914183, -1.736085144705999 ], [ -79.769977702191525, -1.722375715757108 ], [ -79.826106204667653, -1.707665334063995 ], [ -79.839883709111277, -1.685709615711964 ], [ -79.826708529486311, -1.674691092954862 ], [ -79.855515546716603, -1.666342588157791 ], [ -79.837650407974266, -1.654823717289819 ], [ -79.84916794720634, -1.644541412445678 ], [ -79.862283101948989, -1.64606870971349 ], [ -79.856781509637841, -1.627701421394095 ], [ -79.871315527218854, -1.601856882351692 ], [ -79.864642088631626, -1.583813592249097 ], [ -79.853423805717753, -1.578637217988976 ], [ -79.853841943143593, -1.567352772229776 ], [ -79.870550690301229, -1.557647217805337 ], [ -79.868076206348576, -1.543621148206588 ], [ -79.874562256572645, -1.53702659248845 ], [ -79.867877152699009, -1.526080340610187 ], [ -79.87810323803582, -1.523349351153883 ], [ -79.871786696700596, -1.520777157701558 ], [ -79.8735060305969, -1.497796603084435 ], [ -79.866792720930206, -1.49451900187274 ], [ -79.872995370127981, -1.491206308756832 ], [ -79.861977445010595, -1.487120677556515 ], [ -79.869536118058562, -1.483158267103953 ], [ -79.871525577943785, -1.458268562674008 ], [ -79.864263156578815, -1.45139416737683 ], [ -79.870441677310723, -1.449389273456134 ], [ -79.868205993720423, -1.434965694503047 ], [ -79.861612506888477, -1.435407326476156 ], [ -79.865059806645903, -1.421589016006579 ], [ -79.847658792579765, -1.409855003738369 ], [ -79.854599231627532, -1.405788001813377 ], [ -79.844575189951911, -1.380785012920718 ], [ -79.803120110343954, -1.344922617973015 ], [ -79.792482224255721, -1.301739274566406 ], [ -79.78502162573794, -1.297390827411535 ], [ -79.790366575570445, -1.294630754591666 ], [ -79.774461798660838, -1.288318091569608 ], [ -79.780573856324239, -1.276903108564321 ], [ -79.764028026383656, -1.269051653069279 ], [ -79.771155501408259, -1.25767211854073 ], [ -79.752208081819106, -1.244358814430462 ], [ -79.75913744211276, -1.234817906134517 ], [ -79.75293904560867, -1.237345763176396 ], [ -79.745640033622905, -1.219302988483567 ], [ -79.748729243808711, -1.192047545281508 ], [ -79.732517510105041, -1.177617163544276 ], [ -79.730178776367183, -1.182044073529861 ], [ -79.718259217734897, -1.180821061629185 ], [ -79.715672393878933, -1.153153653180714 ], [ -79.700212971906083, -1.156029076224556 ], [ -79.694483022320995, -1.147223511502633 ], [ -79.692750562892527, -1.15358014263978 ], [ -79.688460390030627, -1.152930861400014 ], [ -79.683771743600701, -1.123059222590063 ], [ -79.668632522915857, -1.113147592036835 ], [ -79.659993777945644, -1.121572904856892 ], [ -79.642179578922054, -1.109486822875897 ], [ -79.640311909031226, -1.092706572316357 ], [ -79.622770486615835, -1.079856945775166 ], [ -79.617057493502031, -1.064211563798431 ], [ -79.600176068161559, -1.072934590499503 ], [ -79.587876709082778, -1.069159123208427 ], [ -79.57346490941147, -1.044288745308292 ], [ -79.576846574142479, -1.018204932796102 ], [ -79.561703055988815, -0.983534530912054 ], [ -79.524292734342154, -0.971330996870363 ], [ -79.530581030369376, -0.964108121170935 ], [ -79.563908473883259, -0.962938791409285 ], [ -79.543595193972436, -0.9543708165838 ], [ -79.545841336707753, -0.935226044760358 ], [ -79.532197529594853, -0.925223750209358 ], [ -79.506969527846664, -0.858210817976051 ], [ -79.518586868066606, -0.850860219285774 ], [ -79.52501205833623, -0.861581251070511 ], [ -79.535047409207138, -0.847883640753083 ], [ -79.560517146697947, -0.8518604512091 ], [ -79.576490175496716, -0.844393326868713 ], [ -79.601094407542362, -0.859258372582024 ], [ -79.611218972574505, -0.850695851236898 ], [ -79.605838304268516, -0.827185362258339 ], [ -79.598183128114457, -0.828115935685614 ], [ -79.606197618747643, -0.804308475929974 ], [ -79.595795958423921, -0.77215193055257 ], [ -79.601355368249003, -0.745202595309956 ], [ -79.588631038783149, -0.742129437744329 ], [ -79.588123563192042, -0.730604404305217 ], [ -79.577207669735245, -0.722215772853935 ], [ -79.583647925802737, -0.713132647025633 ], [ -79.576140076146444, -0.699695869002619 ], [ -79.563482208482768, -0.721699800593286 ], [ -79.535784662838807, -0.717850171365466 ], [ -79.542667073514622, -0.658088086468594 ], [ -79.525060013977864, -0.657156795545918 ], [ -79.525162991529655, -0.646366915928147 ], [ -79.508035062812738, -0.636094433529917 ], [ -79.500701244405334, -0.60851479311534 ], [ -79.485107473747519, -0.609582438051638 ], [ -79.485994092325527, -0.587998465792028 ], [ -79.497307248761061, -0.569096661156467 ], [ -79.485458256095896, -0.543727295314928 ], [ -79.461660565712862, -0.548488703540772 ], [ -79.457485012772111, -0.564363319725566 ], [ -79.45053457406128, -0.548883150794264 ], [ -79.416683574785921, -0.538571399310274 ], [ -79.416461772081561, -0.546815625868832 ], [ -79.347330384702019, -0.544226479237791 ], [ -79.345324624857554, -0.556047386672848 ], [ -79.355817464190125, -0.55867633851213 ], [ -79.350494208350241, -0.572194001144785 ], [ -79.366827056493548, -0.580227719418966 ], [ -79.356843396562397, -0.588633926461404 ], [ -79.345585103644154, -0.630527909579374 ], [ -79.360679922228314, -0.640888687645274 ], [ -79.363097256149587, -0.655664925047441 ], [ -79.370135397749834, -0.655509312843675 ], [ -79.34927881283491, -0.690316127320061 ], [ -79.298297849460425, -0.700143446338134 ], [ -79.285614994513807, -0.696282567905368 ], [ -79.263546616042049, -0.661758698109031 ], [ -79.202123213474792, -0.628909562625929 ], [ -79.196433777613507, -0.608000233423419 ], [ -79.160208822165188, -0.586135182250949 ], [ -79.136875659894912, -0.549521937148641 ], [ -79.110009114089976, -0.542606024095236 ], [ -79.083487061276685, -0.566795642228453 ], [ -79.09696747043337, -0.603615927514039 ], [ -79.128916002716878, -0.649380993555526 ], [ -79.139238239082545, -0.712771898504146 ], [ -79.17420529838644, -0.759016467259248 ], [ -79.186624583565475, -0.763952351874474 ], [ -79.186833893220623, -0.799198341052728 ], [ -79.220421276462829, -0.81150042066283 ], [ -79.224307987743458, -0.835479527383028 ], [ -79.236014830357533, -0.837388245871756 ], [ -79.243609444306202, -0.878758056181957 ], [ -79.287064266518342, -0.890769644858245 ], [ -79.287064171388081, -0.908585630916877 ], [ -79.298927777665483, -0.928853889128294 ], [ -79.306292236150696, -0.928761275594473 ], [ -79.306292246771065, -0.948833231565596 ], [ -79.315554594851221, -0.958827198008857 ], [ -79.320513844969696, -0.998248027247212 ], [ -79.293291242231291, -0.987612334493122 ], [ -79.29370890235343, -1.008894901317125 ], [ -79.312077999128022, -1.034977285803149 ], [ -79.308432333843442, -1.05961282229719 ], [ -79.326521709063201, -1.115288231309783 ], [ -79.332489490784113, -1.113198625404371 ], [ -79.332568699233718, -1.123236603929585 ], [ -79.339942771085632, -1.125854973957804 ], [ -79.315031683961635, -1.166657322547725 ], [ -79.297039834651031, -1.168534210606754 ], [ -79.299493151949193, -1.177202051026325 ], [ -79.286736052350349, -1.178956529170815 ], [ -79.288804695813269, -1.205569765338678 ], [ -79.307266281964218, -1.207133543791902 ], [ -79.332449886516088, -1.223938306514044 ], [ -79.349151771377961, -1.272184179286161 ], [ -79.392600632810314, -1.322224233043377 ], [ -79.369417692085378, -1.328289773475359 ], [ -79.359271539138973, -1.304606719790876 ], [ -79.337181838723112, -1.292932010944883 ], [ -79.316461415269629, -1.325750581345471 ], [ -79.293673920711612, -1.333459968508922 ], [ -79.266492227757141, -1.331388249078066 ], [ -79.278448730831784, -1.354866839928618 ], [ -79.29701443404025, -1.355603327067611 ], [ -79.288868661925662, -1.393634572590161 ], [ -79.321987703285842, -1.390734886443899 ], [ -79.327811817914025, -1.396885474443831 ], [ -79.326117899696797, -1.412612140251237 ], [ -79.336468834682051, -1.43649263230933 ], [ -79.316825117784049, -1.437676701712232 ], [ -79.345274988524025, -1.454713053428012 ], [ -79.356063005219653, -1.454813052956282 ], [ -79.358801431058069, -1.446502523605041 ], [ -79.361305555311873, -1.451818611280734 ], [ -79.347152980871186, -1.471720784094832 ], [ -79.331283285036875, -1.461150573262748 ], [ -79.338213846709152, -1.470156528253641 ], [ -79.33225431671103, -1.469239768522998 ], [ -79.318579526755798, -1.491873424276445 ], [ -79.321828822675982, -1.512715235939033 ], [ -79.305194146368464, -1.525608328004545 ], [ -79.284514613070741, -1.526714226025046 ], [ -79.267760006878845, -1.542386959909742 ], [ -79.24521109735575, -1.543600005327429 ], [ -79.248106497480251, -1.561057214158319 ], [ -79.278616803016902, -1.610477517451901 ], [ -79.298704680998114, -1.599418391844628 ], [ -79.316749722199191, -1.627581944436373 ], [ -79.355654445847478, -1.63773631552699 ], [ -79.319944444338901, -1.647644444276908 ], [ -79.319543509037388, -1.659705053046836 ], [ -79.288549931884162, -1.65132866995512 ], [ -79.291326256027162, -1.669455474437549 ], [ -79.273247114992643, -1.668807954653425 ], [ -79.261144696294778, -1.70329422342183 ], [ -79.263764580442768, -1.705273576983583 ], [ -79.26730501310702, -1.697666147903446 ], [ -79.269571702026639, -1.698418649440574 ], [ -79.24950647191271, -1.723614772733412 ], [ -79.234832120779998, -1.732740817987225 ], [ -79.231784509004697, -1.743607604409127 ], [ -79.242835357000033, -1.753250390922834 ], [ -79.230681079229072, -1.758482128027466 ], [ -79.234992607609399, -1.769801691421005 ], [ -79.247151838481116, -1.772250805419509 ], [ -79.248978633693412, -1.787461714523023 ], [ -79.238849927558505, -1.804823483243736 ], [ -79.252010206260977, -1.814774281645106 ], [ -79.230107824322232, -1.84473346491695 ], [ -79.246213119204043, -1.857974937110187 ], [ -79.246213055697368, -1.91616555531216 ], [ -79.256027937609019, -1.941037613918811 ], [ -79.25602805554702, -1.978243055955706 ], [ -79.240158884382083, -1.981712095170004 ], [ -79.240158945080992, -1.991171321090568 ], [ -79.247777583338816, -2.002497377410533 ], [ -79.271559321155294, -2.004241425600283 ], [ -79.261111670064409, -2.01721513703778 ], [ -79.264789305559191, -2.034790503936881 ], [ -79.22774529519269, -2.075589254462692 ], [ -79.188052778119172, -2.076943055121297 ], [ -79.199645219021846, -2.08581642441523 ], [ -79.221940434330747, -2.08431306895975 ], [ -79.221940553600717, -2.095215874016986 ], [ -79.207182201643448, -2.093129303316479 ], [ -79.207714342855922, -2.110824128916377 ], [ -79.244432508034222, -2.103072344864196 ], [ -79.238593059657433, -2.132480087468771 ], [ -79.272459672166292, -2.113197639496972 ], [ -79.27120644181602, -2.104102289976803 ], [ -79.31805471599229, -2.081219500647462 ], [ -79.321367752691017, -2.050939278963998 ], [ -79.334493344909376, -2.041868243119646 ], [ -79.338169778045668, -2.021460554838586 ], [ -79.352851633145917, -2.009325449854507 ], [ -79.368650409914949, -1.971268190943374 ], [ -79.400929915905948, -1.96766214961923 ], [ -79.411472853767336, -1.955241154806573 ], [ -79.405289235410578, -1.943692072717992 ], [ -79.419540711000181, -1.935193210508549 ], [ -79.442968763278088, -1.938345270768562 ], [ -79.45565388409625, -1.926973206962781 ], [ -79.455731026791057, -1.916845815495414 ], [ -79.464042015330563, -1.918394786239083 ], [ -79.485494026086954, -1.901231890873613 ], [ -79.4889647118776, -1.884264596708102 ], [ -79.55559818912937, -1.885547244850358 ], [ -79.562547294588882, -1.898992065524289 ], [ -79.597062223521974, -1.908118978564413 ], [ -79.609449459640217, -1.903328725808889 ], [ -79.620689001897503, -1.913415657210785 ], [ -79.637113207607555, -1.899138557132448 ], [ -79.648194444165625, -1.899200000410778 ], [ -79.648194444120662, -1.921926111553635 ], [ -79.656466023609298, -1.923150867042339 ], [ -79.671015475235947, -1.910112505492307 ] ] ] } },
{ "type": "Feature", "properties": { "DPA_DESPRO": "ORELLANA", "DPA_CANTON": "2201", "DPA_DESCAN": "FRANCISCO DE ORELLANA", "DPA_PROVIN": "22", "DPA_ANIO": "2024", "fcode": "HA003" }, "geometry": { "type": "Polygon", "coordinates": [ [ [ -75.852061551449637, -0.41033768160193 ], [ -75.855908795710704, -0.423557882600079 ], [ -75.835859375500789, -0.425851342049332 ], [ -75.827618474079046, -0.437643442529497 ], [ -75.778046963016052, -0.419506180977094 ], [ -75.74383779660883, -0.42137185037601 ], [ -75.722388437318315, -0.444234511840264 ], [ -75.717971585366598, -0.466095403858558 ], [ -75.700891633167018, -0.472841667056374 ], [ -75.652810704015337, -0.452331960833831 ], [ -75.647182045599934, -0.468274429932224 ], [ -75.597686429422154, -0.484940289474728 ], [ -75.590562251441611, -0.506339734066473 ], [ -75.584694956369574, -0.506723553562147 ], [ -75.58123892558956, -0.493040571138736 ], [ -75.573665426264753, -0.494094982061617 ], [ -75.56878418338168, -0.502322645336414 ], [ -75.574368256156575, -0.518994809715458 ], [ -75.559973458156165, -0.522777546437638 ], [ -75.557880954841934, -0.5485045533989 ], [ -75.535005343640236, -0.541921226563001 ], [ -75.508031067929224, -0.557123251942761 ], [ -75.494508499175382, -0.544282971677917 ], [ -75.484088494176433, -0.557330082097441 ], [ -75.466939891530572, -0.546235007586033 ], [ -75.450725240476288, -0.549436255874577 ], [ -75.424824886553765, -0.566177856764221 ], [ -75.403432955628702, -0.564916029546069 ], [ -75.384693943816671, -0.609206850336634 ], [ -75.368047963062665, -0.602161992704277 ], [ -75.34246983574576, -0.623424674715453 ], [ -75.319143498487549, -0.613931109194019 ], [ -75.305264849568431, -0.631774338793041 ], [ -75.285805400134237, -0.619748499693051 ], [ -75.288247972825886, -0.653263202353004 ], [ -75.261801308887087, -0.646921272492569 ], [ -75.274049884103889, -0.670721688916157 ], [ -75.248779392053493, -0.695431659389671 ], [ -75.276984664914593, -0.718345549051678 ], [ -75.270506588726505, -0.749921464005445 ], [ -75.254126148065026, -0.764836771197892 ], [ -75.26894846398099, -0.786262855361484 ], [ -75.241780192712625, -0.798597730449935 ], [ -75.251534250843719, -0.836892239106813 ], [ -75.222266790153554, -0.866269704839231 ], [ -75.221230643287313, -0.905593231330174 ], [ -75.233758637845455, -0.932444686938032 ], [ -75.187146746994543, -0.972697514099795 ], [ -75.201272027884698, -0.979417413688269 ], [ -75.231175749465052, -0.973971700714241 ], [ -75.24591331908978, -0.978774288908597 ], [ -75.267796983258293, -0.970973887216647 ], [ -75.293347669065696, -0.987540309982922 ], [ -75.306399004328014, -0.987629889822155 ], [ -75.319276123012955, -0.973136919309277 ], [ -75.337511718378238, -0.968596766451662 ], [ -75.345427783770234, -0.948298824369678 ], [ -75.372151532582237, -0.923409303221993 ], [ -75.388201749243393, -0.92536621068349 ], [ -75.561427766154992, -1.564241415950174 ], [ -75.595836257434357, -1.540360176646649 ], [ -75.588308495378072, -1.531924036135072 ], [ -75.595590121214229, -1.525241423308948 ], [ -75.587870043781152, -1.510285024577563 ], [ -75.594002668027827, -1.515726852948149 ], [ -75.602283335660502, -1.496726889612892 ], [ -75.63391707280482, -1.500344302921013 ], [ -75.631658210947293, -1.491973675066944 ], [ -75.641109971543955, -1.49555987051536 ], [ -75.636613329960539, -1.482220625742254 ], [ -75.650083795216347, -1.493675345207482 ], [ -75.649511087094396, -1.47584111282577 ], [ -75.659565247492097, -1.477712564363497 ], [ -75.663578266180323, -1.487994432610452 ], [ -75.675265868258606, -1.467948986196273 ], [ -75.699654706279972, -1.464688483697457 ], [ -75.699943533167158, -1.447546081405265 ], [ -75.719853873433181, -1.462313728074964 ], [ -75.716231912502252, -1.449441212321888 ], [ -75.737645607606282, -1.438575769890736 ], [ -75.739301700483452, -1.417342523605358 ], [ -75.750829559700733, -1.422241128891356 ], [ -75.74702801726292, -1.406574206194388 ], [ -75.758786791604606, -1.401505738371302 ], [ -75.760059301214412, -1.414964596610109 ], [ -75.777695430557657, -1.395189661246225 ], [ -75.785664829689338, -1.403538871327249 ], [ -75.801144828437529, -1.402965764086332 ], [ -75.816801582609642, -1.394895500533003 ], [ -75.803821368718758, -1.389520793846704 ], [ -75.82270773644963, -1.383024685588482 ], [ -75.835799658956645, -1.39169542369436 ], [ -75.831343231374262, -1.382286766326399 ], [ -75.845538198962615, -1.373902290884178 ], [ -75.844996821356702, -1.35565141479042 ], [ -75.85501088588228, -1.361162206498548 ], [ -75.879709815374582, -1.356494625892463 ], [ -75.877191840829099, -1.331491494746966 ], [ -75.887797838717262, -1.340323270488682 ], [ -75.900395954492424, -1.333888505482898 ], [ -75.89376139331884, -1.34891300612418 ], [ -75.906071745936089, -1.349958306654564 ], [ -75.915061700647016, -1.361427825360946 ], [ -75.920122510590176, -1.345857441771249 ], [ -75.933781134337082, -1.360106403119454 ], [ -75.940376409941621, -1.349977210049902 ], [ -75.949123376581525, -1.357849812805942 ], [ -75.959811104950205, -1.344989125982953 ], [ -75.968552088223063, -1.345593906048127 ], [ -75.972409266489038, -1.32927050030734 ], [ -75.997348095574267, -1.33437454711542 ], [ -76.001919391678669, -1.309439266380902 ], [ -76.007344022715117, -1.315910126115947 ], [ -76.012274508208691, -1.306376729595145 ], [ -76.035863464437554, -1.314915884763702 ], [ -76.049290265377962, -1.297164254632762 ], [ -76.062975981036701, -1.307014340523146 ], [ -76.057291335990044, -1.28766464832058 ], [ -76.067854085182162, -1.28784268865314 ], [ -76.063315783477776, -1.278368433170207 ], [ -76.082402711133128, -1.296545522219855 ], [ -76.089877689439845, -1.281636484043585 ], [ -76.109856071364717, -1.2802261587693 ], [ -76.113484377230066, -1.272505702276387 ], [ -76.128404325923412, -1.285587229565281 ], [ -76.136456472628439, -1.275633026429738 ], [ -76.14533927980348, -1.290137193334084 ], [ -76.150620308741921, -1.282004473887744 ], [ -76.159901169280943, -1.301599713482789 ], [ -76.167877353822831, -1.294497693569715 ], [ -76.17623764986017, -1.300423167174199 ], [ -76.177391447683817, -1.288713872382805 ], [ -76.18718348361476, -1.286389025368216 ], [ -76.20267836340652, -1.298237753341203 ], [ -76.220315649989132, -1.286380283535641 ], [ -76.223870712281737, -1.295874931834457 ], [ -76.237797250782748, -1.300928716244697 ], [ -76.247422265983786, -1.286968087814624 ], [ -76.253304314790029, -1.306969659186814 ], [ -76.271652623585098, -1.29582222129084 ], [ -76.266721814787573, -1.30576067897707 ], [ -76.286357947382513, -1.309620846654466 ], [ -76.288857104459353, -1.320502852173677 ], [ -76.293048570084025, -1.30364198941855 ], [ -76.295517607931941, -1.310431433129853 ], [ -76.309019460515259, -1.298376998099695 ], [ -76.31123074386916, -1.30746589642096 ], [ -76.342973583382374, -1.300682975796834 ], [ -76.350552555359613, -1.29129209360209 ], [ -76.365447550977152, -1.294583422762251 ], [ -76.356867064177209, -1.280425404395363 ], [ -76.371176099139078, -1.28205602553856 ], [ -76.365122679920788, -1.270318339399048 ], [ -76.387120163306136, -1.270972425333846 ], [ -76.396004031608086, -1.254131372413867 ], [ -76.419358816955778, -1.272098062705616 ], [ -76.436993599822088, -1.257090985089812 ], [ -76.436996396110558, -1.265675094517462 ], [ -76.450997182103933, -1.271641480170717 ], [ -76.458063879432828, -1.257056446422088 ], [ -76.451112442211524, -1.259943449573429 ], [ -76.44868494957872, -1.251629338106984 ], [ -76.458109558408324, -1.24775630780165 ], [ -76.465122948401785, -1.261868709158138 ], [ -76.47086645632524, -1.263836713362785 ], [ -76.466502582655039, -1.257873007331191 ], [ -76.475953095283771, -1.254943709470418 ], [ -76.472730313666659, -1.247120731625475 ], [ -76.483164462916406, -1.249207718368468 ], [ -76.475126709275074, -1.241183105887089 ], [ -76.484541063567022, -1.236492377797719 ], [ -76.492935240567149, -1.2155946354227 ], [ -76.50134245205787, -1.220223962820846 ], [ -76.508368944049181, -1.207883964955561 ], [ -76.519316783631723, -1.210046374204259 ], [ -76.515583770579923, -1.198427375390827 ], [ -76.530545035039111, -1.192651196191248 ], [ -76.527627336721451, -1.181735653709107 ], [ -76.520635313042874, -1.186205966520182 ], [ -76.529399431049853, -1.160811626079187 ], [ -76.519972145731415, -1.146260501742814 ], [ -76.525939177224558, -1.136528996604327 ], [ -76.516266841212612, -1.128564137500497 ], [ -76.524518346957947, -1.10673958514378 ], [ -76.513535732156583, -1.095347906385301 ], [ -76.520141490820166, -1.080220415065234 ], [ -76.513952586089019, -1.069873378870643 ], [ -76.530776283262853, -1.051968193674185 ], [ -76.546365872584175, -1.068532996736445 ], [ -76.563459714569817, -1.059544618527594 ], [ -76.60325219708551, -1.073009932876916 ], [ -76.652858314615642, -1.056810945306345 ], [ -76.688085815161273, -1.077898888491282 ], [ -76.720539434156834, -1.082253959024067 ], [ -76.727490056761454, -1.105933052941353 ], [ -76.744953107732613, -1.093869579856877 ], [ -76.763077623755251, -1.098962114341115 ], [ -76.773800281601225, -1.090661562502414 ], [ -76.802438377901169, -1.110793039648485 ], [ -76.830027231121733, -1.112020400224978 ], [ -76.832107114610508, -1.159231877500345 ], [ -76.853187742244714, -1.1630580992153 ], [ -76.87912749164002, -1.151965700970282 ], [ -76.87645238019158, -1.146632832265173 ], [ -76.89677855506379, -1.1271284525504 ], [ -76.913471820132287, -1.127396848624321 ], [ -76.920828891879111, -1.119422034170379 ], [ -76.95126347717418, -1.122939376504979 ], [ -76.991636412733584, -1.095934609750123 ], [ -77.035859508692724, -1.101549965139197 ], [ -77.066986376613258, -1.086221453557803 ], [ -77.074414631179422, -1.054954986889008 ], [ -77.092591045238294, -1.037062979419333 ], [ -77.091048893959254, -1.023973992042686 ], [ -77.069687247363319, -1.019394208281896 ], [ -77.052450570278666, -0.995686795802665 ], [ -77.032163754551732, -0.989820496103518 ], [ -77.068669531971238, -0.97543679378669 ], [ -77.07171478913267, -0.951391103333665 ], [ -77.055455152888698, -0.946751048880441 ], [ -77.037462584128562, -0.923934267394012 ], [ -77.022804995474274, -0.920956200390632 ], [ -77.052262670913436, -0.908577595937712 ], [ -77.092711771705339, -0.912982004794147 ], [ -77.119904041415168, -0.900247178953155 ], [ -77.136951748141456, -0.901295583957869 ], [ -77.150342319213195, -0.868430282700113 ], [ -77.164587635388685, -0.873897743709906 ], [ -77.177274550612324, -0.856485923430971 ], [ -77.196255740742856, -0.854613299322468 ], [ -77.191070188638349, -0.838777492461528 ], [ -77.207141807412199, -0.80243002725812 ], [ -77.194336778205269, -0.794106210901787 ], [ -77.18578042750778, -0.770990174362662 ], [ -77.151977049144108, -0.763866149202667 ], [ -77.121634933519005, -0.727957154807406 ], [ -77.11300681143598, -0.701338838763366 ], [ -77.120976004601218, -0.695319948131872 ], [ -77.14380436804376, -0.695508969892773 ], [ -77.163546029619411, -0.707359567225298 ], [ -77.199214674464812, -0.767157345668021 ], [ -77.222302457294333, -0.771257573711504 ], [ -77.238404584827151, -0.78946694912058 ], [ -77.252528848470192, -0.792159834398536 ], [ -77.255771370063556, -0.811711309323254 ], [ -77.263828123169247, -0.81342431477569 ], [ -77.260738745347382, -0.823514629936666 ], [ -77.277593280193301, -0.837787403606543 ], [ -77.324219442914696, -0.846671575039915 ], [ -77.331483831544219, -0.858818554306575 ], [ -77.351993521811551, -0.86168065130619 ], [ -77.355340481904136, -0.873735381288653 ], [ -77.369609173183946, -0.870714404368379 ], [ -77.365062866023393, -0.879763046805816 ], [ -77.379434673666196, -0.882229159068237 ], [ -77.3843732514474, -0.891688598649316 ], [ -77.422791766162575, -0.890572026458041 ], [ -77.425763213364434, -0.902325391936766 ], [ -77.450814682491483, -0.898865778471732 ], [ -77.456607671879368, -0.904897871835965 ], [ -77.452643441904286, -0.916126803728267 ], [ -77.46370815564336, -0.912223871225305 ], [ -77.489902681666209, -0.940229847039912 ], [ -77.515532265394882, -0.950801291849078 ], [ -77.545492224659114, -0.940580121731443 ], [ -77.566938937520547, -0.943084917081678 ], [ -77.568688373772773, -0.932164485526876 ], [ -77.590482886237041, -0.929472626164543 ], [ -77.587587719463329, -0.912038309693899 ], [ -77.552041174941664, -0.902361493817923 ], [ -77.550600271237528, -0.882320190518033 ], [ -77.534863577619575, -0.873513975881566 ], [ -77.536696887315856, -0.845547435931724 ], [ -77.524737626053934, -0.820712698754106 ], [ -77.542410105535197, -0.791092285138935 ], [ -77.523855665491894, -0.746078287779847 ], [ -77.527880894910126, -0.740627809849214 ], [ -77.496950844562662, -0.701813513632567 ], [ -77.525179105517282, -0.66949416487779 ], [ -77.522772400007526, -0.649952478860666 ], [ -77.532670639266797, -0.639131354542745 ], [ -77.532515232996687, -0.624897153226479 ], [ -77.580389344272334, -0.609679822290397 ], [ -77.590484932456121, -0.573869970028742 ], [ -77.605067160717695, -0.56010538929443 ], [ -77.619653419449847, -0.561290793260078 ], [ -77.628690683478411, -0.543476795433571 ], [ -77.609802442781131, -0.520464680719279 ], [ -77.559413514362191, -0.494863939993117 ], [ -77.571366428844783, -0.461179829790452 ], [ -77.561944675003303, -0.455475270586553 ], [ -77.547236851589204, -0.452716398000405 ], [ -77.512211143216376, -0.486269803135254 ], [ -77.428652076564788, -0.522053051957847 ], [ -77.417651599268993, -0.504478530949143 ], [ -77.390660196965769, -0.494780911745999 ], [ -77.382294603663908, -0.462477445293765 ], [ -77.374809733257493, -0.462132635036433 ], [ -77.37015175183015, -0.443926709040207 ], [ -77.362133009770631, -0.4422170503287 ], [ -77.364951471079408, -0.428755661827013 ], [ -77.352653148939254, -0.419429781136519 ], [ -77.326839267870511, -0.423978854754179 ], [ -77.322307563757391, -0.405529214621143 ], [ -77.334140555501904, -0.370263888709215 ], [ -77.324066173205068, -0.370263463972282 ], [ -77.297703424975751, -0.336299645463186 ], [ -77.276291768128658, -0.340865283512622 ], [ -77.26747086527476, -0.309758015890285 ], [ -77.25608523467919, -0.30627164979207 ], [ -77.262360323305899, -0.284795819528228 ], [ -77.253573495866604, -0.269631199390719 ], [ -77.274709151281087, -0.261637534378669 ], [ -77.260536387317586, -0.238524814909765 ], [ -77.26890080195075, -0.239227511754833 ], [ -77.280086107089645, -0.20971776184211 ], [ -77.298474072668114, -0.203897169850853 ], [ -77.299230034430408, -0.16497738802752 ], [ -77.291909202239054, -0.155226038563882 ], [ -77.29695566059074, -0.145437974822612 ], [ -77.278443977860732, -0.136665686382294 ], [ -77.301637921670732, -0.071811587600443 ], [ -77.294393923453185, -0.07032613815616 ], [ -77.305673947557437, -0.055671117981927 ], [ -77.290057072520298, -0.045213495249536 ], [ -77.210399642403345, -0.08401401272942 ], [ -77.203778774254872, -0.09894617541811 ], [ -77.194953613538289, -0.094531280383309 ], [ -77.162435278678132, -0.102183405817402 ], [ -77.162435336948889, -0.084251606344281 ], [ -77.11930755919397, -0.093415864514374 ], [ -77.095249236520431, -0.111472008458357 ], [ -77.060222049637332, -0.113638111416003 ], [ -77.016454513085321, -0.099715326436678 ], [ -76.979336261196551, -0.071481813914176 ], [ -76.933740538861514, -0.059112685611191 ], [ -76.933725134293084, -0.085938299940299 ], [ -76.905001220480258, -0.084281336295837 ], [ -76.901817474769246, -0.108672733161229 ], [ -76.875288765076149, -0.127673247874249 ], [ -76.847039519354354, -0.179306499304895 ], [ -76.831223007821322, -0.188976212294134 ], [ -76.801288996641503, -0.234242073638499 ], [ -76.765593456802577, -0.25553185242088 ], [ -76.765690942701227, -0.280182072626323 ], [ -76.752657957731685, -0.287567784700877 ], [ -76.750233748607272, -0.303778119301867 ], [ -76.719907739775479, -0.335542270773277 ], [ -76.727141971410177, -0.346470747215968 ], [ -76.701792894764395, -0.351928121757231 ], [ -76.687589517120585, -0.37117841423619 ], [ -76.636154752775155, -0.397996448131421 ], [ -76.640446668700392, -0.418201557523394 ], [ -76.632954577243467, -0.426492771556847 ], [ -76.595154403378558, -0.425314120501249 ], [ -76.556850858337981, -0.409944318824384 ], [ -76.53322473708424, -0.436420687668453 ], [ -76.506978889138765, -0.443707201164922 ], [ -76.468977147219078, -0.487352029959196 ], [ -76.420897417293403, -0.487056427955472 ], [ -76.387202576005336, -0.519920139402435 ], [ -76.369769647310918, -0.518293394096791 ], [ -76.33346037809261, -0.485618469377378 ], [ -76.29905503931225, -0.478723700773419 ], [ -76.262563071737759, -0.449578080950248 ], [ -76.173343087676017, -0.441161288838271 ], [ -76.129268175711999, -0.451493052119661 ], [ -76.093568605485416, -0.43984939166763 ], [ -76.077409282459016, -0.448916746311711 ], [ -76.070075297970732, -0.487815993569243 ], [ -76.051008701032558, -0.513103609794539 ], [ -76.013300263618476, -0.53225219784776 ], [ -75.988514498805827, -0.557323692896509 ], [ -75.930005522959149, -0.568056073839135 ], [ -75.947013386449711, -0.54865598711986 ], [ -75.940389035282479, -0.532207467558783 ], [ -75.955083989460121, -0.419339819637892 ], [ -75.92614502996841, -0.407381603119593 ], [ -75.864235889989558, -0.408410008142882 ], [ -75.861633543627107, -0.403216232571522 ], [ -75.852061551449637, -0.41033768160193 ] ] ] } },
{ "type": "Feature", "properties": { "DPA_DESPRO": "SUCUMBÍOS", "DPA_CANTON": "2101", "DPA_DESCAN": "LAGO AGRIO", "DPA_PROVIN": "21", "DPA_ANIO": "2024", "fcode": "HA003" }, "geometry": { "type": "Polygon", "coordinates": [ [ [ -75.610199455771749, -0.113540713881373 ], [ -75.610200983267859, -0.192917551172975 ], [ -75.588221269490759, -0.189509577375583 ], [ -75.579803314650377, -0.179140022401657 ], [ -75.569287000262477, -0.185789788108112 ], [ -75.533983393457191, -0.177933279991953 ], [ -75.478408901609782, -0.244633698704355 ], [ -75.474055875529857, -0.297125210074538 ], [ -75.465156378130828, -0.29873861218969 ], [ -75.462589178058607, -0.319382269512726 ], [ -75.415383426209175, -0.396095786025906 ], [ -75.401350258452439, -0.3994104673707 ], [ -75.38848675530275, -0.416997725176657 ], [ -75.388216769718753, -0.434064724828067 ], [ -75.356188431241037, -0.446827752187728 ], [ -75.349012260437291, -0.463757574988401 ], [ -75.324881345587528, -0.452793320216388 ], [ -75.327209244726788, -0.460269477128375 ], [ -75.311062723970537, -0.47405450861626 ], [ -75.313052627850226, -0.49459648418217 ], [ -75.300481801344716, -0.492526818829474 ], [ -75.295244424919176, -0.506324289894757 ], [ -75.286279877439583, -0.497042663407985 ], [ -75.266805088825635, -0.505795123400091 ], [ -75.272809437712766, -0.517800686972502 ], [ -75.265235687007433, -0.533772641842342 ], [ -75.25064319622895, -0.517112436574317 ], [ -75.242622945078963, -0.522094239804279 ], [ -75.237930593559469, -0.538635263537377 ], [ -75.244866968101178, -0.546355096291524 ], [ -75.22789669608558, -0.550296134614461 ], [ -75.224926251054384, -0.570291648819431 ], [ -75.24037249649173, -0.580756715164117 ], [ -75.240410909939996, -0.601633634162791 ], [ -75.22652882425615, -0.605368317136438 ], [ -75.233126513171626, -0.614576901592942 ], [ -75.223400096526632, -0.623703959255858 ], [ -75.234510738776464, -0.633973558397302 ], [ -75.23264428682684, -0.6472041349099 ], [ -75.24606843646302, -0.638835207452378 ], [ -75.248556280513398, -0.647238408226742 ], [ -75.257566915766716, -0.643485420060426 ], [ -75.258580423318548, -0.656011338368824 ], [ -75.266076749112244, -0.644611127010144 ], [ -75.286968834040053, -0.654576488939028 ], [ -75.285402950901258, -0.619962422397249 ], [ -75.305264849568431, -0.631774338793041 ], [ -75.319143498487549, -0.613931109194019 ], [ -75.34246983574576, -0.623424674715453 ], [ -75.368047963062665, -0.602161992704277 ], [ -75.384693943816671, -0.609206850336634 ], [ -75.403432955628702, -0.564916029546069 ], [ -75.424824886553765, -0.566177856764221 ], [ -75.449659978190624, -0.549733066042648 ], [ -75.466939891530572, -0.546235007586033 ], [ -75.484088494176433, -0.557330082097441 ], [ -75.494508499175382, -0.544282971677917 ], [ -75.508031067929224, -0.557123251942761 ], [ -75.535005343640236, -0.541921226563001 ], [ -75.557880954841934, -0.5485045533989 ], [ -75.559973458156165, -0.522777546437638 ], [ -75.574368256156575, -0.518994809715458 ], [ -75.56878418338168, -0.502322645336414 ], [ -75.573665426264753, -0.494094982061617 ], [ -75.58123892558956, -0.493040571138736 ], [ -75.584694956369574, -0.506723553562147 ], [ -75.590562251441611, -0.506339734066473 ], [ -75.597686429422154, -0.484940289474728 ], [ -75.647182045599934, -0.468274429932224 ], [ -75.652810704015337, -0.452331960833831 ], [ -75.700891633167018, -0.472841667056374 ], [ -75.717971585366598, -0.466095403858558 ], [ -75.722388437318315, -0.444234511840264 ], [ -75.74383779660883, -0.42137185037601 ], [ -75.778046963016052, -0.419506180977094 ], [ -75.827618474079046, -0.437643442529497 ], [ -75.835859375500789, -0.425851342049332 ], [ -75.855908795710704, -0.423557882600079 ], [ -75.852228415940843, -0.409440633170924 ], [ -75.861633543627107, -0.403216232571522 ], [ -75.864235889989558, -0.408410008142882 ], [ -75.931931587253118, -0.407932264774758 ], [ -75.955083989460121, -0.419339819637892 ], [ -75.940389035282479, -0.532207467558783 ], [ -75.947013386449711, -0.54865598711986 ], [ -75.930005522959149, -0.568056073839135 ], [ -75.988514498805827, -0.557323692896509 ], [ -76.013300263618476, -0.53225219784776 ], [ -76.051008701032558, -0.513103609794539 ], [ -76.070075297970732, -0.487815993569243 ], [ -76.077409282459016, -0.448916746311711 ], [ -76.093568605485416, -0.43984939166763 ], [ -76.129268175711999, -0.451493052119661 ], [ -76.173343087676017, -0.441161288838271 ], [ -76.262563071737759, -0.449578080950248 ], [ -76.29905503931225, -0.478723700773419 ], [ -76.33346037809261, -0.485618469377378 ], [ -76.369769647310918, -0.518293394096791 ], [ -76.387202576005336, -0.519920139402435 ], [ -76.420897417293403, -0.487056427955472 ], [ -76.468977147219078, -0.487352029959196 ], [ -76.506978889138765, -0.443707201164922 ], [ -76.53322473708424, -0.436420687668453 ], [ -76.556850858337981, -0.409944318824384 ], [ -76.595154403378558, -0.425314120501249 ], [ -76.632954577243467, -0.426492771556847 ], [ -76.640446668700392, -0.418201557523394 ], [ -76.636154752775155, -0.397996448131421 ], [ -76.687589517120585, -0.37117841423619 ], [ -76.701792894764395, -0.351928121757231 ], [ -76.727141971410177, -0.346470747215968 ], [ -76.719907739775479, -0.335542270773277 ], [ -76.750233748607272, -0.303778119301867 ], [ -76.752657957731685, -0.287567784700877 ], [ -76.765690942701227, -0.280182072626323 ], [ -76.765593456802577, -0.25553185242088 ], [ -76.801288996641503, -0.234242073638499 ], [ -76.831223007821322, -0.188976212294134 ], [ -76.847039519354354, -0.179306499304895 ], [ -76.875288765076149, -0.127673247874249 ], [ -76.901817474769246, -0.108672733161229 ], [ -76.905001220480258, -0.084281336295837 ], [ -76.933725134293084, -0.085938299940299 ], [ -76.933740538861514, -0.059112685611191 ], [ -76.979336261196551, -0.071481813914176 ], [ -77.016454513085321, -0.099715326436678 ], [ -77.060222049637332, -0.113638111416003 ], [ -77.095249236520431, -0.111472008458357 ], [ -77.11930755919397, -0.093415864514374 ], [ -77.162435336948889, -0.084251606344281 ], [ -77.162435278678132, -0.102183405817402 ], [ -77.194953613538289, -0.094531280383309 ], [ -77.203778774254872, -0.09894617541811 ], [ -77.210399642403345, -0.08401401272942 ], [ -77.290057072520298, -0.045213495249536 ], [ -77.305318139296958, -0.053908187283593 ], [ -77.306188659821672, -0.072310107280978 ], [ -77.336348007504625, -0.096425632218276 ], [ -77.341396850530742, -0.123520080311229 ], [ -77.3819480908911, -0.15233477315514 ], [ -77.393356925965989, -0.139815374706341 ], [ -77.428735821820041, -0.130895173924764 ], [ -77.452831649343196, -0.137879735121696 ], [ -77.455411084606439, -0.116176249508823 ], [ -77.444573779677569, -0.097941001245119 ], [ -77.457829267545492, -0.083788977442127 ], [ -77.438258421543438, -0.063221436735312 ], [ -77.450456419447264, -0.06102209398819 ], [ -77.456069595635313, -0.050299895684475 ], [ -77.460762729609442, -0.018932987000335 ], [ -77.486213849766472, -0.026909757078161 ], [ -77.487032146146376, -0.040195177107844 ], [ -77.507670190724696, -0.039603523426676 ], [ -77.50424235689178, -0.055315343019529 ], [ -77.510573767926189, -0.064213491541446 ], [ -77.536102002571184, -0.05557527758854 ], [ -77.583973449287939, -0.109107470209215 ], [ -77.591184149795836, -0.109268391470993 ], [ -77.611951136776327, -0.081983429884235 ], [ -77.638106022246532, -0.076093870555487 ], [ -77.782305399816124, -0.083113372793057 ], [ -77.785152092428305, -0.031033695610681 ], [ -77.794467972014303, -0.016646165543671 ], [ -77.779469212197426, 0.010505542882333 ], [ -77.784731109206973, 0.019717853501378 ], [ -77.811878847432311, 0.023963825367901 ], [ -77.822545165179434, 0.034185318003164 ], [ -77.852283495499705, 0.023181793933312 ], [ -77.8594346118647, 0.062297877056841 ], [ -77.893088193011565, 0.084166039214885 ], [ -77.918244384645405, 0.081763301091693 ], [ -77.936768574994019, 0.103870077091106 ], [ -77.945913616246784, 0.099286585578211 ], [ -77.962256795842052, 0.11284583868371 ], [ -77.978753093453875, 0.109864549512656 ], [ -77.965199203611334, 0.157903425602597 ], [ -77.95649447667391, 0.157158516428178 ], [ -77.941227492442081, 0.179904795951607 ], [ -77.923497492624605, 0.182011820383988 ], [ -77.925702450712237, 0.196128625387594 ], [ -77.91179412007817, 0.205132775692948 ], [ -77.886055523913399, 0.199736582452692 ], [ -77.870465492645025, 0.207784455235718 ], [ -77.865850781200734, 0.231690809377196 ], [ -77.849531580508952, 0.240480487880514 ], [ -77.847641507078393, 0.259012182450437 ], [ -77.831305137100642, 0.267182995859827 ], [ -77.829184274945064, 0.274064847438262 ], [ -77.845303711041183, 0.27909159451543 ], [ -77.852460373050334, 0.300645926924276 ], [ -77.823462768152112, 0.326004068073094 ], [ -77.812921022034914, 0.35678656328981 ], [ -77.797188022464567, 0.369439078872126 ], [ -77.796296677454677, 0.385188315218499 ], [ -77.813356704257373, 0.403605480156792 ], [ -77.807264682419316, 0.426907356632347 ], [ -77.794217060281369, 0.434719624592848 ], [ -77.783795017676923, 0.461364614564371 ], [ -77.77178921722907, 0.464854365769047 ], [ -77.727911422317689, 0.534009408590476 ], [ -77.720774351201513, 0.531478507050943 ], [ -77.709746846812152, 0.548915625076403 ], [ -77.677843098947307, 0.562210377030028 ], [ -77.655858649771062, 0.603109361021244 ], [ -77.687952774574669, 0.617948353413332 ], [ -77.686342777400185, 0.640736354347351 ], [ -77.672137852126951, 0.649298203507657 ], [ -77.637123768448959, 0.636030377580434 ], [ -77.616905994265807, 0.642132222501365 ], [ -77.566194479056193, 0.634499003523863 ], [ -77.522143445708039, 0.657978726536427 ], [ -77.492061732904929, 0.66248545852972 ], [ -77.480499621562771, 0.65617329272754 ], [ -77.480327490659874, 0.609496892140096 ], [ -77.48892113099069, 0.584935166790267 ], [ -77.510548988100496, 0.565461728913054 ], [ -77.521856701580063, 0.531520803843113 ], [ -77.520145198216198, 0.421524565736928 ], [ -77.529477418708794, 0.40605454774321 ], [ -77.445594510905067, 0.427031399115421 ], [ -77.431349145681409, 0.439409903147518 ], [ -77.421024677633412, 0.436284313402233 ], [ -77.421062575107698, 0.421527072037912 ], [ -77.389648913245892, 0.388246048208228 ], [ -77.380379167797813, 0.385438685241413 ], [ -77.383640204454849, 0.396264707243619 ], [ -77.370938909168814, 0.400792231337001 ], [ -77.326842096371607, 0.389328394453399 ], [ -77.287530778889817, 0.36320519117796 ], [ -77.263555896581877, 0.370222497831015 ], [ -77.245373365142058, 0.361569318610788 ], [ -77.220049035472826, 0.363322968618098 ], [ -77.201420492703591, 0.36866133101619 ], [ -77.184812779501584, 0.388503830081185 ], [ -77.166906968436649, 0.389669251802927 ], [ -77.149679785709253, 0.375937507650396 ], [ -77.126797938220292, 0.379280291527106 ], [ -77.113339125685897, 0.371975852230101 ], [ -77.095939506879432, 0.326740019017699 ], [ -77.081448878244927, 0.315877294167723 ], [ -77.085037466999765, 0.299794674197982 ], [ -77.078109631304102, 0.287268804079472 ], [ -77.055427621899639, 0.284038383695186 ], [ -77.047895422405531, 0.292922176160078 ], [ -77.027402388597451, 0.277048348532933 ], [ -77.00380498945168, 0.296753929764899 ], [ -76.985246342959712, 0.268214107248096 ], [ -76.964935456372771, 0.273734209686328 ], [ -76.949022431808501, 0.26857559771915 ], [ -76.932842943366182, 0.27658165788575 ], [ -76.935230123541061, 0.261572466889622 ], [ -76.910258164805484, 0.247159716176271 ], [ -76.879886649032557, 0.252010905716407 ], [ -76.845457942339934, 0.239065406159748 ], [ -76.830596795234712, 0.252094435010544 ], [ -76.838071161077579, 0.261510938616337 ], [ -76.828586645744977, 0.263235432643889 ], [ -76.821490937807255, 0.255632878356965 ], [ -76.790915611756276, 0.264024338141845 ], [ -76.769492578246172, 0.246092915312409 ], [ -76.756210533361909, 0.248161813436695 ], [ -76.752176745786031, 0.255864462482167 ], [ -76.765449282540217, 0.26394605396683 ], [ -76.732808722979883, 0.288650564651501 ], [ -76.711833372665467, 0.268758978595428 ], [ -76.70100759597338, 0.27825668975982 ], [ -76.656218616231428, 0.270780102683156 ], [ -76.652230940632194, 0.251017757575203 ], [ -76.627063279721597, 0.262285470505905 ], [ -76.608068351059899, 0.233731554672576 ], [ -76.585875834972256, 0.218633491429919 ], [ -76.568232219343372, 0.243787956739816 ], [ -76.535149430179544, 0.25932287748034 ], [ -76.503839084687684, 0.236358525305285 ], [ -76.447914677130342, 0.23922744700658 ], [ -76.445424994076731, 0.254723549011411 ], [ -76.436883207739811, 0.25736777412283 ], [ -76.424354140567402, 0.251859477597253 ], [ -76.426101455441525, 0.235255682025965 ], [ -76.412058520243363, 0.24161449216572 ], [ -76.41203526529911, 0.379928650617122 ], [ -76.372025553941882, 0.394519808666284 ], [ -76.354902039944832, 0.379419570967752 ], [ -76.344283398175847, 0.380454043398321 ], [ -76.33420117483459, 0.388543765663675 ], [ -76.330710789370642, 0.41612832302019 ], [ -76.314317460426054, 0.434293190088447 ], [ -76.297921868274472, 0.421031677590786 ], [ -76.276954086106571, 0.436539512064386 ], [ -76.260090828043815, 0.425895685693159 ], [ -76.260339518306196, 0.404006934550517 ], [ -76.232096075996296, 0.40063521437934 ], [ -76.225933271392122, 0.374287772965194 ], [ -76.207999844246785, 0.386105575684086 ], [ -76.198003763929748, 0.374042045559527 ], [ -76.174173055560459, 0.37215382057484 ], [ -76.160262539981488, 0.389441185392137 ], [ -76.134445796317678, 0.373771263154229 ], [ -76.118211974871514, 0.343917272852568 ], [ -76.121132109620874, 0.324690984469493 ], [ -76.111355930213705, 0.314431418917927 ], [ -76.097114849089408, 0.317928325346888 ], [ -76.083022212542517, 0.336778147863375 ], [ -76.062775757716594, 0.336541760441699 ], [ -76.053676727303738, 0.333333838514301 ], [ -76.04010953731671, 0.306936914761653 ], [ -76.009447393255272, 0.300130755686229 ], [ -75.995909988311197, 0.265300291737843 ], [ -75.984127048650407, 0.261153812998629 ], [ -75.986618947134531, 0.254171956642123 ], [ -76.003957091938886, 0.254733379941241 ], [ -76.003771507271125, 0.248394311184016 ], [ -75.963842175364732, 0.2383073958767 ], [ -75.953088167042182, 0.221007142011443 ], [ -75.943919533125808, 0.229219216981918 ], [ -75.958143169503032, 0.207263213815899 ], [ -75.937891102946764, 0.200147294522697 ], [ -75.897541106831866, 0.161404274033994 ], [ -75.905511879250213, 0.137329904766662 ], [ -75.886628658461674, 0.141261147074308 ], [ -75.875317223380648, 0.118194591420208 ], [ -75.86469854309064, 0.133914934524648 ], [ -75.851953493743295, 0.131301963408586 ], [ -75.839495945077914, 0.10442352821917 ], [ -75.814119046654042, 0.077272091575714 ], [ -75.809380778863812, 0.052142993383929 ], [ -75.78755594212403, 0.056036043645272 ], [ -75.771538211208409, 0.041729001627914 ], [ -75.748001687459237, 0.036225126774344 ], [ -75.664694206556803, 0.040802508129812 ], [ -75.649624681919832, 0.029362889519521 ], [ -75.637750952033187, 0.047015752013687 ], [ -75.629260600064384, 0.028142041355061 ], [ -75.602411271267314, 0.014861338234793 ], [ -75.5820873681498, 0.015121757649275 ], [ -75.583298638940406, -0.014029282748831 ], [ -75.573407354764115, -0.025530791104753 ], [ -75.523241461164801, -0.02646857171435 ], [ -75.502555907579307, -0.049347445965576 ], [ -75.467992889811399, -0.05066475951313 ], [ -75.43191107163544, -0.081845816196744 ], [ -75.395934933053908, -0.09770649606559 ], [ -75.361053002817016, -0.090176146506055 ], [ -75.326814091779553, -0.10531619568336 ], [ -75.298408993922848, -0.106446324691476 ], [ -75.276094113832443, -0.123505879669515 ], [ -75.258601228104908, -0.113507839028931 ], [ -75.257245748712279, -0.11943477604847 ], [ -75.284712805657477, -0.140913819771393 ], [ -75.289322419072633, -0.15383370809482 ], [ -75.296430499867526, -0.147829076271881 ], [ -75.312641090398714, -0.16011462984405 ], [ -75.339161922033938, -0.155195557592166 ], [ -75.35278158303133, -0.163835213282082 ], [ -75.36024126510695, -0.157559383922133 ], [ -75.353426705764164, -0.1474743920475 ], [ -75.364895285880294, -0.145921650632309 ], [ -75.368344160882131, -0.163273146676201 ], [ -75.403953365190674, -0.170144614263141 ], [ -75.432538992057445, -0.1528288166435 ], [ -75.460480259457213, -0.152090856735629 ], [ -75.479043196350204, -0.1318010349361 ], [ -75.497142088081702, -0.131522402428155 ], [ -75.515991040515146, -0.114296681784736 ], [ -75.525593212371675, -0.119944502433932 ], [ -75.535410977694227, -0.114918396875863 ], [ -75.53628195787428, -0.121156433350823 ], [ -75.541885141870807, -0.115931923024872 ], [ -75.552696439752609, -0.130847718026168 ], [ -75.568861784355136, -0.131895641973059 ], [ -75.577536967539146, -0.120735155851067 ], [ -75.595986890958883, -0.120947694742897 ], [ -75.600867511356881, -0.109724706110066 ], [ -75.610199455771749, -0.113540713881373 ] ] ] } },
{ "type": "Feature", "properties": { "DPA_DESPRO": "SANTA ELENA", "DPA_CANTON": "2401", "DPA_DESCAN": "SANTA ELENA", "DPA_PROVIN": "24", "DPA_ANIO": "2024", "fcode": "HA003" }, "geometry": { "type": "Polygon", "coordinates": [ [ [ -80.995010457175113, -2.183956373501144 ], [ -80.972602955762525, -2.205144441311943 ], [ -80.949128492037758, -2.204980835818972 ], [ -80.940765355489674, -2.219423115881964 ], [ -80.90790723351887, -2.220152029291141 ], [ -80.849260417810029, -2.193613711707989 ], [ -80.817504289609872, -2.156170684566559 ], [ -80.790712487588777, -2.15226598243235 ], [ -80.755245295558041, -2.117140265523563 ], [ -80.737000914983668, -2.067318553365412 ], [ -80.735292654756321, -2.028506187668313 ], [ -80.756491011083014, -1.994177281613718 ], [ -80.751487748777649, -1.981957083591676 ], [ -80.763041204980794, -1.976088479304007 ], [ -80.733151449720836, -1.960632017896673 ], [ -80.726472285123663, -1.925351618321384 ], [ -80.760819751608693, -1.819413507029379 ], [ -80.768731625048645, -1.762826293299294 ], [ -80.802536379743785, -1.711574171644568 ], [ -80.748138863499122, -1.668654706109148 ], [ -80.723700911118684, -1.686645039010108 ], [ -80.708335601156833, -1.673727715996853 ], [ -80.671420507231602, -1.679310084601401 ], [ -80.652488144521726, -1.668691970388934 ], [ -80.634260748757796, -1.698627274882412 ], [ -80.616751974962696, -1.709763324455001 ], [ -80.620909796718124, -1.726784235920731 ], [ -80.61089180604921, -1.73455014374228 ], [ -80.610496011131033, -1.756848606775183 ], [ -80.594140750083113, -1.778598703723592 ], [ -80.575674562931852, -1.787491693011313 ], [ -80.548960067960635, -1.780789981848566 ], [ -80.557626389902211, -1.809996360160522 ], [ -80.571191666512405, -1.824402777894073 ], [ -80.559777777615935, -1.824677778069408 ], [ -80.56584498317811, -1.839433814356873 ], [ -80.516501056690572, -1.902477011782649 ], [ -80.519126669588445, -1.91997521092901 ], [ -80.473563652647798, -1.925853365191271 ], [ -80.465253041800594, -1.947390208655984 ], [ -80.440418917000756, -1.94313893031503 ], [ -80.441947221866073, -1.956902778214923 ], [ -80.417182269630814, -1.969997241402208 ], [ -80.410735728994908, -1.983131167408945 ], [ -80.373888080080292, -1.984935596153811 ], [ -80.36781062346688, -1.996020740036459 ], [ -80.344837951685506, -1.997897842254295 ], [ -80.342937762798314, -2.023623655184841 ], [ -80.312717799463485, -2.063770411976516 ], [ -80.321201860374998, -2.074612175689496 ], [ -80.303174083225983, -2.082646667959677 ], [ -80.303512405473953, -2.092355112448809 ], [ -80.290893838931979, -2.091430300917521 ], [ -80.278128734748691, -2.078039713339697 ], [ -80.268514571781438, -2.083588290125907 ], [ -80.244952166722399, -2.115063045170598 ], [ -80.251773660630022, -2.149513538144713 ], [ -80.240900901943732, -2.164761623160657 ], [ -80.238716826472569, -2.191906143311971 ], [ -80.219830498983413, -2.194864924768567 ], [ -80.200321938687637, -2.210655096456594 ], [ -80.216630186110379, -2.232121180498059 ], [ -80.233317418748271, -2.23329611747544 ], [ -80.235211020077244, -2.252413324087959 ], [ -80.26371858421922, -2.244185412316592 ], [ -80.264821658133201, -2.264774459050527 ], [ -80.284734626527737, -2.274589036512423 ], [ -80.279715480695103, -2.294298654327335 ], [ -80.288944975312631, -2.304584155913509 ], [ -80.279180555620329, -2.320697222210519 ], [ -80.28419278719015, -2.336886993229456 ], [ -80.321738624304317, -2.340236143065566 ], [ -80.323189325307155, -2.350263567294575 ], [ -80.368704955418437, -2.343609703225976 ], [ -80.382701714611628, -2.379986952467539 ], [ -80.395464160275296, -2.376390338612154 ], [ -80.413693354850565, -2.38552454317896 ], [ -80.43112612669978, -2.374591805530498 ], [ -80.447554625855915, -2.374591668843121 ], [ -80.446445554543942, -2.397618925189915 ], [ -80.461358108086955, -2.413981504491351 ], [ -80.45250367310355, -2.453451720272518 ], [ -80.466001558647775, -2.473591666909088 ], [ -80.459828897529533, -2.491459321759478 ], [ -80.492407968428196, -2.500301417904505 ], [ -80.542956463166874, -2.488872671380374 ], [ -80.563552127984863, -2.506767878958197 ], [ -80.687109391946919, -2.399625880940964 ], [ -80.692683812623471, -2.407180963723317 ], [ -80.718171055932146, -2.391415555577571 ], [ -80.77507186901569, -2.389272118664055 ], [ -80.801760859772585, -2.378475477090387 ], [ -80.873098569071075, -2.32310721461621 ], [ -80.88868124197397, -2.326717537417073 ], [ -80.89049523089632, -2.338565826094356 ], [ -80.899258107743009, -2.333152853128872 ], [ -80.895688844123612, -2.314938193969573 ], [ -80.924929716318388, -2.271913195546607 ], [ -81.01134561094635, -2.189637742406062 ], [ -80.995010457175113, -2.183956373501144 ] ] ] } },
{ "type": "Feature", "properties": { "DPA_DESPRO": "SANTO DOMINGO DE LOS TSÁCHILAS", "DPA_CANTON": "2301", "DPA_DESCAN": "SANTO DOMINGO", "DPA_PROVIN": "23", "DPA_ANIO": "2024", "fcode": "HA003" }, "geometry": { "type": "Polygon", "coordinates": [ [ [ -79.303989008834449, 0.020723841231718 ], [ -79.198249752855162, 0.000269650280757 ], [ -79.183593064029111, -0.014465179875131 ], [ -79.142523138113333, -0.013723943776951 ], [ -79.097610742925056, -0.026567705035689 ], [ -79.101901880478195, -0.036259416305412 ], [ -79.127150347423239, -0.049044978270749 ], [ -79.149453079171863, -0.091900249772583 ], [ -79.136344789007779, -0.094132125784699 ], [ -79.122610956976061, -0.085076207939358 ], [ -79.116764505139429, -0.092109787620997 ], [ -79.102007218817349, -0.083005723062581 ], [ -79.094944031278942, -0.091548788685369 ], [ -79.045400389171192, -0.101821335932132 ], [ -79.024411468519943, -0.117772175270342 ], [ -78.990591444043318, -0.105985516504787 ], [ -78.983355315642115, -0.111561448945949 ], [ -78.964967799260947, -0.101200978240961 ], [ -78.928776055533376, -0.121146019335327 ], [ -78.907567741257694, -0.107667207293512 ], [ -78.881131874331459, -0.110375657299394 ], [ -78.858930917401807, -0.133814199805712 ], [ -78.835110888796578, -0.137665567816945 ], [ -78.833166396005765, -0.160005508015914 ], [ -78.842635412716888, -0.166276325816747 ], [ -78.829442878131928, -0.178718147647972 ], [ -78.832363526783993, -0.188504440878927 ], [ -78.79473555007786, -0.213745973996162 ], [ -78.78392598401328, -0.211874107159023 ], [ -78.75893978366021, -0.240626192533598 ], [ -78.746044793571016, -0.276823100985998 ], [ -78.773170487455431, -0.279167022059655 ], [ -78.773813386066237, -0.298300688897574 ], [ -78.822286135086202, -0.346272903243903 ], [ -78.832479483519577, -0.342118523199154 ], [ -78.856547168131129, -0.34938704133891 ], [ -78.867484193203936, -0.33169023970011 ], [ -78.899450892069623, -0.335848408486321 ], [ -78.929256219018598, -0.313730830396833 ], [ -78.952841450680708, -0.314363466401391 ], [ -78.932920833054609, -0.360889999760538 ], [ -78.955222332524357, -0.361767678868259 ], [ -78.962115600058965, -0.369463906898074 ], [ -78.968629794683309, -0.382362803568291 ], [ -78.96451324131553, -0.40035695029429 ], [ -78.973302771676742, -0.408591711684016 ], [ -79.011515639606813, -0.41797812991659 ], [ -79.014717673457696, -0.449504728213263 ], [ -79.030560814704003, -0.469505386604734 ], [ -79.031401711967405, -0.4833295146636 ], [ -79.045488080309283, -0.487190111676932 ], [ -79.070149319470119, -0.523613493226099 ], [ -79.100969648646583, -0.525037044544565 ], [ -79.112964995663347, -0.541820736645706 ], [ -79.136875659894926, -0.549521937148641 ], [ -79.160208822165202, -0.586135182250949 ], [ -79.196433777613521, -0.608000233423419 ], [ -79.202123213474792, -0.628909562625929 ], [ -79.263546616042063, -0.661758698109031 ], [ -79.285614994513807, -0.696282567905368 ], [ -79.298297849460425, -0.700143446338134 ], [ -79.349278812834925, -0.690316127320061 ], [ -79.370135397749834, -0.655509312843675 ], [ -79.363097256149587, -0.655664925047441 ], [ -79.360679922228314, -0.640888687645274 ], [ -79.345585103644154, -0.630527909579374 ], [ -79.356843396562397, -0.588633926461404 ], [ -79.366827056493548, -0.580227719418966 ], [ -79.350494208350241, -0.572194001144785 ], [ -79.355817464190125, -0.55867633851213 ], [ -79.345324624857554, -0.556047386672848 ], [ -79.347330384702019, -0.544226479237791 ], [ -79.416461772081561, -0.546815625868832 ], [ -79.416683574785921, -0.538571399310274 ], [ -79.45053457406128, -0.548883150794264 ], [ -79.457485012772111, -0.564363319725566 ], [ -79.461660565712862, -0.548488703540772 ], [ -79.483345821147523, -0.543425046972137 ], [ -79.466419334440261, -0.530033439342319 ], [ -79.461130504935838, -0.496557920622573 ], [ -79.449510360512832, -0.479938456854739 ], [ -79.464247951936954, -0.472603169949736 ], [ -79.456272850964353, -0.467565001188298 ], [ -79.45778425578564, -0.456544926835278 ], [ -79.429131166377005, -0.438664264503816 ], [ -79.410756111355184, -0.410686108524944 ], [ -79.409727936552542, -0.191357940260348 ], [ -79.429824221461899, -0.175544052631435 ], [ -79.449586196530817, -0.180148431454068 ], [ -79.462284653267915, -0.171657575129064 ], [ -79.472979615186077, -0.175409890087412 ], [ -79.519369961397388, -0.163889750005684 ], [ -79.529516392361558, -0.136442857888977 ], [ -79.541103031161057, -0.133349963558531 ], [ -79.548408408422347, -0.099434337970942 ], [ -79.601313801745093, -0.061735272921848 ], [ -79.616224979416927, -0.038182862434536 ], [ -79.606534048060666, -0.02167610134997 ], [ -79.600685969028021, -0.030704649106194 ], [ -79.598220241605176, -0.020675188894881 ], [ -79.579337184378701, -0.018302761476258 ], [ -79.536034526541016, -0.029105946291406 ], [ -79.515945572457156, -0.026352230685091 ], [ -79.514641286578922, -0.03272379910161 ], [ -79.512843603086949, -0.027417419267869 ], [ -79.475457355307142, -0.029169848621568 ], [ -79.448641387589731, -0.039680874936609 ], [ -79.436021086847447, -0.033165713631374 ], [ -79.432443163947639, -0.027611248307137 ], [ -79.436255797858109, -0.031370434718948 ], [ -79.447174968182949, -0.029913476707897 ], [ -79.447361113156575, -0.020387722122866 ], [ -79.463647344201249, -0.002964884826631 ], [ -79.463621671193621, 0.00450289873771 ], [ -79.45606560705275, -0.00191462442282 ], [ -79.424596680645806, 0.004748523275823 ], [ -79.427542589020632, 0.024264840362684 ], [ -79.402044638924949, 0.014121215345682 ], [ -79.406947226691116, 0.025887225172183 ], [ -79.352057769327018, 0.017766555376772 ], [ -79.346786067405986, 0.024221477592907 ], [ -79.34057092757277, 0.018933395352922 ], [ -79.324563568760922, 0.023533288837196 ], [ -79.312858761942735, 0.010471002356208 ], [ -79.303989008834449, 0.020723841231718 ] ] ] } },
{ "type": "Feature", "properties": { "DPA_DESPRO": "ZONA EN ESTUDIO: JUVAL (CAÑAR-CHIMBORAZO)", "DPA_CANTON": "9006", "DPA_DESCAN": "ZONA EN ESTUDIO: JUVAL (CAÑAR-CHIMBORAZO)", "DPA_PROVIN": "90", "DPA_ANIO": "2024", "fcode": "HA003" }, "geometry": { "type": "Polygon", "coordinates": [ [ [ -78.616171236458996, -2.301480175046035 ], [ -78.597160554480652, -2.312668543954794 ], [ -78.585095486153705, -2.311178205360436 ], [ -78.579983547807586, -2.329479978913223 ], [ -78.562398154738119, -2.325902798963498 ], [ -78.543828933933639, -2.335616193423727 ], [ -78.500539686955037, -2.381421406835891 ], [ -78.485320096568316, -2.372538123053424 ], [ -78.48160065571895, -2.414139491838629 ], [ -78.462565634688914, -2.415727630431381 ], [ -78.485135677865273, -2.437503048996881 ], [ -78.481606800665929, -2.455201619180728 ], [ -78.506072848422278, -2.533141346855586 ], [ -78.545342629241176, -2.58625099339383 ], [ -78.548239103696957, -2.598673646486994 ], [ -78.533262185225169, -2.627023105485219 ], [ -78.563339870706884, -2.60603082015451 ], [ -78.567588856149513, -2.59124657571407 ], [ -78.556738133897042, -2.558780429168981 ], [ -78.604183570483954, -2.543299943114639 ], [ -78.609209510823348, -2.525720712796224 ], [ -78.653809288468366, -2.495709639385761 ], [ -78.655137891236819, -2.476924991095244 ], [ -78.665247754053368, -2.478413239935933 ], [ -78.66916574284437, -2.469144339258886 ], [ -78.66082783796692, -2.452223143252489 ], [ -78.699913486268215, -2.448367900425945 ], [ -78.717972479706447, -2.425788770499775 ], [ -78.783395579792312, -2.434889824910302 ], [ -78.797353850649984, -2.417279632910208 ], [ -78.789841645567094, -2.367016138030523 ], [ -78.764732219117008, -2.352697815999339 ], [ -78.752477967554285, -2.324904911879841 ], [ -78.74100537948533, -2.329550264885338 ], [ -78.716799284522068, -2.315507591054435 ], [ -78.711883709216053, -2.334421955476961 ], [ -78.692491740305869, -2.332776563474769 ], [ -78.664641219392507, -2.350592016491419 ], [ -78.653297148882473, -2.335864942075315 ], [ -78.638939976626006, -2.332283824471936 ], [ -78.631797624096066, -2.308766851578035 ], [ -78.616171236458996, -2.301480175046035 ] ] ] } },
{ "type": "Feature", "properties": { "DPA_DESPRO": "ESMERALDAS", "DPA_CANTON": "0801", "DPA_DESCAN": "ESMERALDAS", "DPA_PROVIN": "08", "DPA_ANIO": "2024", "fcode": "HA003" }, "geometry": { "type": "Polygon", "coordinates": [ [ [ -79.056741227858708, 0.323561709347712 ], [ -79.162175450624687, 0.348107970009262 ], [ -79.190380358898111, 0.339824319143932 ], [ -79.211509582805036, 0.346124834775804 ], [ -79.273986447636275, 0.335637090738684 ], [ -79.268567979125066, 0.32990834461782 ], [ -79.272144674914813, 0.308883364071579 ], [ -79.279022778261663, 0.309238808734109 ], [ -79.281323335704556, 0.285864018703462 ], [ -79.292029970429184, 0.281559661274846 ], [ -79.298033994311581, 0.259454570411661 ], [ -79.312489828865807, 0.262753937958802 ], [ -79.314832435104023, 0.254832404749604 ], [ -79.359844999559002, 0.247522499622275 ], [ -79.363102023233495, 0.239558139879128 ], [ -79.348574794690037, 0.212461571234527 ], [ -79.330229807149905, 0.210537272273497 ], [ -79.304101836035201, 0.17323130063124 ], [ -79.313389013638741, 0.158165789171688 ], [ -79.32490926311219, 0.156202617066946 ], [ -79.331805087017045, 0.115080699941953 ], [ -79.368343230636924, 0.052934737648086 ], [ -79.367980350207304, 0.022421211421811 ], [ -79.406947226691116, 0.025887225172183 ], [ -79.402044638924949, 0.014121215345682 ], [ -79.427542589020632, 0.024264840362684 ], [ -79.424596680645806, 0.004748523275823 ], [ -79.45606560705275, -0.00191462442282 ], [ -79.463621671193621, 0.00450289873771 ], [ -79.447174968182949, -0.029913476707897 ], [ -79.432443163947639, -0.027611248307137 ], [ -79.448641387589731, -0.039680874936609 ], [ -79.475457355307142, -0.029169848621568 ], [ -79.512843603086949, -0.027417419267869 ], [ -79.514641286578922, -0.03272379910161 ], [ -79.515945572457156, -0.026352230685091 ], [ -79.536034526541016, -0.029105946291406 ], [ -79.579337184378701, -0.018302761476258 ], [ -79.598220241605176, -0.020675188894881 ], [ -79.600771542144116, -0.030702257033361 ], [ -79.606464498640406, -0.006974300016435 ], [ -79.612467005291975, -0.007889425905967 ], [ -79.612539489864105, 0.011433700757622 ], [ -79.624888235540524, 0.018622857812267 ], [ -79.614659546196506, 0.032548372884157 ], [ -79.625701015097803, 0.036301379124214 ], [ -79.620314751491406, 0.057632928187463 ], [ -79.597338328673302, 0.063584120196423 ], [ -79.602828219979187, 0.08233891465013 ], [ -79.591910347258192, 0.085607958358639 ], [ -79.569344999006219, 0.115090343894164 ], [ -79.597395937347827, 0.120929036409853 ], [ -79.599313676890262, 0.13084116204164 ], [ -79.608909889917854, 0.129282857855771 ], [ -79.61057582545142, 0.136031391734689 ], [ -79.616668418057117, 0.132422994104132 ], [ -79.613527316790808, 0.139726459065853 ], [ -79.625970766849818, 0.157899120783617 ], [ -79.64778014426183, 0.152953096789042 ], [ -79.651312433760864, 0.143166281813207 ], [ -79.655481962597904, 0.172442831193371 ], [ -79.665332385636177, 0.178078082988608 ], [ -79.682801895260965, 0.164023849030731 ], [ -79.701953007599641, 0.175985210487305 ], [ -79.698949804625542, 0.180768105581533 ], [ -79.711543955756852, 0.182066596864818 ], [ -79.704869751236259, 0.211687234632733 ], [ -79.69622878888508, 0.219642809323803 ], [ -79.684841465630541, 0.216323407055642 ], [ -79.68757521048633, 0.22595612655693 ], [ -79.665478174166438, 0.262273842004494 ], [ -79.673283525319178, 0.275833327566442 ], [ -79.686429756247676, 0.274148059733089 ], [ -79.696618276062921, 0.289239730307159 ], [ -79.718727262457705, 0.29366526145257 ], [ -79.722429934563678, 0.319420241205201 ], [ -79.705611052979165, 0.343345845579621 ], [ -79.721682920797832, 0.372516857985269 ], [ -79.776410472464562, 0.381223455448301 ], [ -79.805456807072758, 0.362836383971354 ], [ -79.81556954697551, 0.345764224883735 ], [ -79.817140244851956, 0.331803046759606 ], [ -79.8037705781543, 0.332058320056324 ], [ -79.810604963032304, 0.322194112426364 ], [ -79.823033691654643, 0.31802527479571 ], [ -79.837991006775241, 0.324120622940158 ], [ -79.864362730877417, 0.314639229500528 ], [ -79.881626612952715, 0.322593087333642 ], [ -79.90425993945945, 0.315143663328181 ], [ -79.895253526059136, 0.312566071208488 ], [ -79.894670386376092, 0.302098435788332 ], [ -79.904119150154358, 0.297541263393379 ], [ -79.90345931115435, 0.288466938996884 ], [ -79.907958614224, 0.29427882936109 ], [ -79.910331450576976, 0.281752916496867 ], [ -79.903881241084505, 0.276136908468565 ], [ -79.919589617693632, 0.2758759515917 ], [ -79.927102872963374, 0.2665712901415 ], [ -79.923100351896608, 0.255513675373158 ], [ -79.963178521848846, 0.260420785697451 ], [ -79.980778232255744, 0.273065560163535 ], [ -79.994858182893125, 0.34370680992068 ], [ -80.030022129917683, 0.373884705807776 ], [ -80.0274855112594, 0.381652383566112 ], [ -80.041813740085246, 0.397885485803309 ], [ -80.024943820570769, 0.417928087067522 ], [ -80.039960703867138, 0.430932915918759 ], [ -80.055662500990721, 0.46714942568537 ], [ -80.044312538981572, 0.485708493556848 ], [ -80.047840244430532, 0.494688212162543 ], [ -80.018453990702923, 0.512821072266136 ], [ -80.002877715492843, 0.566275315880907 ], [ -80.036681401066033, 0.618390397529707 ], [ -80.037091762475058, 0.63287192800014 ], [ -80.051844906293184, 0.636456790850546 ], [ -80.068131251115418, 0.656048983460001 ], [ -80.087742335602513, 0.648396010030218 ], [ -80.102127662650361, 0.694887920181716 ], [ -80.094798985365003, 0.719944385129113 ], [ -80.099600156991542, 0.752421108211445 ], [ -80.092124489424251, 0.775519948175593 ], [ -80.051299325029888, 0.825268846662954 ], [ -80.045708849710508, 0.817748624849522 ], [ -79.993204855202805, 0.816524444756317 ], [ -79.952290775577069, 0.825872679324766 ], [ -79.916952324641528, 0.8570829344262 ], [ -79.905249131237071, 0.852782909941081 ], [ -79.88156541434418, 0.871545590232106 ], [ -79.867234775715417, 0.864531005947875 ], [ -79.808652992110623, 0.894998559095444 ], [ -79.733480484481362, 0.966466126504685 ], [ -79.705893821556046, 0.969604482531447 ], [ -79.64930261666035, 0.997434001433295 ], [ -79.64975384321076, 0.989762061624789 ], [ -79.622190128789384, 0.993136222255546 ], [ -79.608008313539329, 0.985038651622174 ], [ -79.55321071875214, 0.993855146578966 ], [ -79.39590554371155, 1.082616993358369 ], [ -79.368735565102028, 1.069338343628685 ], [ -79.259489507896419, 1.087208070008839 ], [ -79.255920300998824, 1.075440019582014 ], [ -79.24591816677075, 1.073144014919456 ], [ -79.160321180096531, 1.098788092435704 ], [ -79.130012820333306, 1.119296588925558 ], [ -79.087552855124713, 1.168617652682704 ], [ -79.051116494725079, 1.221729978967301 ], [ -79.046833621262337, 1.243683176931285 ], [ -78.983055104728663, 1.281565578714848 ], [ -78.959593379714065, 1.31545144340313 ], [ -78.931233020714359, 1.33721755233514 ], [ -78.91049395756383, 1.375353788962652 ], [ -78.898728167670541, 1.372721458033918 ], [ -78.88600778684966, 1.38310740081286 ], [ -78.891203952963707, 1.398979183256929 ], [ -78.881935726944718, 1.420628983731728 ], [ -78.882816994310062, 1.446357811022214 ], [ -78.868686100405696, 1.469580599643935 ], [ -78.835366653514996, 1.442009506277505 ], [ -78.802232995872956, 1.428218798878667 ], [ -78.777515610829866, 1.390673619737771 ], [ -78.758877099338875, 1.393864189876963 ], [ -78.744081757277456, 1.376229152457764 ], [ -78.72066999520743, 1.36920394847517 ], [ -78.694734949404278, 1.330176422692093 ], [ -78.684924271633648, 1.333095269691278 ], [ -78.661016230676523, 1.319697403327488 ], [ -78.659939724363625, 1.304988374853515 ], [ -78.646434037757246, 1.289112017821587 ], [ -78.649062709728639, 1.276524456153526 ], [ -78.64029286867391, 1.264681423557395 ], [ -78.630167081663544, 1.265469055537511 ], [ -78.621458888314308, 1.250064891660137 ], [ -78.592541022430808, 1.238560059036741 ], [ -78.552155414029286, 1.250429809496047 ], [ -78.54102401861465, 1.235679915608819 ], [ -78.546878744285166, 1.226682951241424 ], [ -78.539508069252662, 1.229761288322554 ], [ -78.513910038488291, 1.213444862997466 ], [ -78.516813325760566, 1.188415422594977 ], [ -78.495824291511241, 1.185213972608405 ], [ -78.512632312200665, 1.171990872049671 ], [ -78.513476627026847, 1.158803033092797 ], [ -78.50675671675593, 1.16015529926115 ], [ -78.500272064798239, 1.133646456525221 ], [ -78.507988565927164, 1.09651837167963 ], [ -78.499900998697356, 1.075002453030342 ], [ -78.522252628983139, 1.06862156226887 ], [ -78.524024076742677, 1.057980907935126 ], [ -78.543213024060833, 1.047410353185962 ], [ -78.547403656359535, 1.031644695289802 ], [ -78.53633249329053, 0.980573130793127 ], [ -78.546875696789755, 0.941739866286238 ], [ -78.495985053664086, 0.891533851466091 ], [ -78.453181003059228, 0.878899788068007 ], [ -78.454486808117238, 0.84251904686656 ], [ -78.446383788959523, 0.832725063708323 ], [ -78.45255238963415, 0.823464895862565 ], [ -78.441602116862171, 0.813887581195275 ], [ -78.45100088157524, 0.789477535089702 ], [ -78.467423681527322, 0.773654477573138 ], [ -78.494410650435967, 0.767273445148251 ], [ -78.507937132496963, 0.775247570966648 ], [ -78.536299161935375, 0.772435648773097 ], [ -78.51639875326417, 0.752358439172175 ], [ -78.52444782198485, 0.728547573902475 ], [ -78.509318600314273, 0.708972817330479 ], [ -78.492198195104336, 0.706238494270935 ], [ -78.491507074607242, 0.689616336979034 ], [ -78.479397613779412, 0.678469830094905 ], [ -78.460783130166405, 0.628814969819182 ], [ -78.433019142312844, 0.60815454354661 ], [ -78.426389163833775, 0.585932275417695 ], [ -78.45366095098494, 0.538608046072834 ], [ -78.464445336853814, 0.539722428788215 ], [ -78.465242112566443, 0.532011785434626 ], [ -78.498140267639727, 0.545590039028099 ], [ -78.519837531880739, 0.528917657412777 ], [ -78.551873924380956, 0.51859318457743 ], [ -78.560296199078522, 0.482586155833026 ], [ -78.600551330259194, 0.459792142946521 ], [ -78.616896574186015, 0.410773788064351 ], [ -78.657891776324945, 0.377274042363947 ], [ -78.686083165166863, 0.375374218907896 ], [ -78.718567283808341, 0.402986090735201 ], [ -78.7654957877443, 0.407789177872655 ], [ -78.774242040303335, 0.400310782305025 ], [ -78.79793128749823, 0.401115984745127 ], [ -78.793322866990579, 0.410252117927318 ], [ -78.833630750009334, 0.435600101055795 ], [ -78.85168361057417, 0.42933316842815 ], [ -78.872516009736046, 0.398673905660801 ], [ -78.892359618398345, 0.388392835197098 ], [ -78.891173885249245, 0.378764172818709 ], [ -78.899371896046617, 0.378048531685636 ], [ -78.895334763920573, 0.368000531551067 ], [ -78.902759523126036, 0.37153072592993 ], [ -78.911008380570493, 0.362646296326091 ], [ -78.910998983610156, 0.401543711639897 ], [ -78.942921456185971, 0.382603338050364 ], [ -78.961243075443903, 0.349282375745156 ], [ -79.02291898487492, 0.306675107681163 ], [ -79.043988060906358, 0.303510234626868 ], [ -79.056741227858708, 0.323561709347712 ] ] ] } },
{ "type": "Feature", "properties": { "DPA_DESPRO": "EL ORO", "DPA_CANTON": "0701", "DPA_DESCAN": "MACHALA", "DPA_PROVIN": "07", "DPA_ANIO": "2024", "fcode": "HA003" }, "geometry": { "type": "Polygon", "coordinates": [ [ [ -79.85385026075879, -3.824489101208294 ], [ -79.954457135362247, -3.8283419649073 ], [ -79.98519317658257, -3.841703798701257 ], [ -80.011557587192286, -3.867853812434149 ], [ -80.056043823357953, -3.880936593489312 ], [ -80.104135522230578, -3.883502212372199 ], [ -80.107100451076349, -3.889720950364129 ], [ -80.112336836036263, -3.884090093521477 ], [ -80.133128347391363, -3.88993755155062 ], [ -80.156986698134702, -3.872354921263015 ], [ -80.159760892393408, -3.860725162237527 ], [ -80.151379532887475, -3.855224401034331 ], [ -80.16309971572359, -3.827847551902359 ], [ -80.160608949500897, -3.802451800182209 ], [ -80.193164907622531, -3.774911496683329 ], [ -80.192389978370443, -3.748651121886053 ], [ -80.183645756976233, -3.751773939925183 ], [ -80.188918030353392, -3.743156496257233 ], [ -80.180252280783719, -3.735305953552431 ], [ -80.199603089064979, -3.688222309764734 ], [ -80.187080824889406, -3.670393311453555 ], [ -80.187759261636799, -3.630036028176459 ], [ -80.197447307655096, -3.619462084295893 ], [ -80.188561590992563, -3.599847109270248 ], [ -80.211748544836709, -3.592286988126392 ], [ -80.218794005052288, -3.575129771562648 ], [ -80.205224883691869, -3.552333593179465 ], [ -80.215805948582187, -3.500631592004817 ], [ -80.22931011132026, -3.501863704554602 ], [ -80.235245818271736, -3.487190993175075 ], [ -80.245590261435979, -3.487288661579238 ], [ -80.241142940692725, -3.461348205900332 ], [ -80.221962325406381, -3.44593641165449 ], [ -80.221268809772639, -3.436283508721399 ], [ -80.253373812668542, -3.413407745905111 ], [ -80.277195683687637, -3.415285576109207 ], [ -80.313685272346518, -3.392125030382253 ], [ -80.271061971158559, -3.326271711565514 ], [ -80.209972553179583, -3.33692608071136 ], [ -80.209886596958498, -3.343113574684685 ], [ -80.119606131475265, -3.333411559429766 ], [ -80.064856219596592, -3.283663206033487 ], [ -80.042619560807353, -3.223433497248135 ], [ -80.029592595088033, -3.209174086637104 ], [ -80.01603218534791, -3.25404578779754 ], [ -80.00107787111655, -3.262533636085085 ], [ -79.994289747856939, -3.224648296858101 ], [ -79.976324511932575, -3.217080139739063 ], [ -79.975876631860203, -3.206764467524587 ], [ -79.952880596684238, -3.192449593499065 ], [ -79.951169824220756, -3.183917500265256 ], [ -79.934868107002842, -3.17976649799891 ], [ -79.93648769293884, -3.170958313874057 ], [ -79.927136029249112, -3.170252119183486 ], [ -79.93114178048819, -3.16274854860561 ], [ -79.917215661898766, -3.167573345170316 ], [ -79.907558385057243, -3.160489665771681 ], [ -79.892380393032823, -3.054244866598726 ], [ -79.892286544130187, -3.075827416392218 ], [ -79.877836960501256, -3.075258259995284 ], [ -79.863413532692348, -3.049761088989656 ], [ -79.849944158277609, -3.047187319600129 ], [ -79.842999747007624, -3.054918552391885 ], [ -79.81552964657746, -3.049959249207549 ], [ -79.775594955703781, -3.064307448814588 ], [ -79.764976976894999, -3.060996572922663 ], [ -79.730876292678502, -3.097585386105039 ], [ -79.688723555269377, -3.105502698365041 ], [ -79.672906228874638, -3.121095532682048 ], [ -79.636766639155255, -3.137191217834345 ], [ -79.619716342245766, -3.136649961099454 ], [ -79.598680491207176, -3.180648529038637 ], [ -79.601410325635555, -3.215035718212891 ], [ -79.627741081890619, -3.232152865876743 ], [ -79.636775177617437, -3.248244480841312 ], [ -79.633309060153763, -3.267822144273137 ], [ -79.644234591905615, -3.302308889166265 ], [ -79.66889547800821, -3.321713960647877 ], [ -79.649099922807977, -3.326473467997986 ], [ -79.630831426887056, -3.318544065830308 ], [ -79.610431115605408, -3.329378459082593 ], [ -79.579800837531536, -3.325018347742332 ], [ -79.569037957269259, -3.314636940541578 ], [ -79.514890767191758, -3.30744092892148 ], [ -79.481896958379821, -3.315490194655488 ], [ -79.461519468264981, -3.330171432084828 ], [ -79.474703574633779, -3.398226699908294 ], [ -79.461284390327918, -3.431485150098342 ], [ -79.433856774511554, -3.429656231976305 ], [ -79.42202924503718, -3.443717572309189 ], [ -79.429697318040809, -3.464097475023884 ], [ -79.443727823386567, -3.469655436268963 ], [ -79.459245990125353, -3.498686830020411 ], [ -79.481259915003477, -3.514006753951228 ], [ -79.474138095326765, -3.526954686431459 ], [ -79.482604688116865, -3.540591544313283 ], [ -79.479079689576082, -3.580791872047263 ], [ -79.498653992499854, -3.609605985644354 ], [ -79.490553610287449, -3.635932972406593 ], [ -79.482508324671727, -3.636237534041717 ], [ -79.428073238580353, -3.578944070706358 ], [ -79.415611506026039, -3.606996895444169 ], [ -79.391873402658632, -3.612422753466043 ], [ -79.366116393180647, -3.655510880627535 ], [ -79.378785985990916, -3.69622496327163 ], [ -79.415978906385476, -3.725693504476156 ], [ -79.40316219567049, -3.753101038666216 ], [ -79.406402500097016, -3.786003333646525 ], [ -79.426227629740922, -3.792052112558146 ], [ -79.444088285576797, -3.812837114738051 ], [ -79.489020072661063, -3.803050237045626 ], [ -79.500458187785739, -3.789534914349439 ], [ -79.566061054014654, -3.802386664464741 ], [ -79.59194218626061, -3.780465441685009 ], [ -79.605545163047452, -3.751298429640453 ], [ -79.618525940093093, -3.750073972945402 ], [ -79.647437601197154, -3.771279155115836 ], [ -79.662309381222101, -3.769326691780086 ], [ -79.680301246422943, -3.778887456296563 ], [ -79.706142904786887, -3.82234716911251 ], [ -79.724150179450334, -3.832207112252787 ], [ -79.776232394490421, -3.837335649889454 ], [ -79.791595000261069, -3.845948544306716 ], [ -79.85385026075879, -3.824489101208294 ] ], [ [ -80.205350248516396, -3.433476607839973 ], [ -80.209262945341777, -3.434168456200633 ], [ -80.201489631377797, -3.432747106799706 ], [ -80.205350248516396, -3.433476607839973 ] ], [ [ -80.187609542818734, -3.428640848345317 ], [ -80.196058201592137, -3.431226045746913 ], [ -80.176293723765298, -3.426053116355631 ], [ -80.187609542818734, -3.428640848345317 ] ], [ [ -80.15954698674075, -3.421640725502493 ], [ -80.163771672294232, -3.422402673028277 ], [ -80.156076570226148, -3.421182722957936 ], [ -80.15954698674075, -3.421640725502493 ] ], [ [ -80.152757198432866, -3.420573195390487 ], [ -80.14898565531783, -3.419356664871705 ], [ -80.156076570226148, -3.421182722957936 ], [ -80.152757198432866, -3.420573195390487 ] ], [ [ -80.141593914213871, -3.416468760928643 ], [ -80.144912450276749, -3.417988205226582 ], [ -80.139331037516868, -3.415708493603669 ], [ -80.141593914213871, -3.416468760928643 ] ], [ [ -80.129372661660653, -3.414334665557216 ], [ -80.124242248558105, -3.414026692653066 ], [ -80.124242248558105, -3.414026692653065 ], [ -80.129372661660653, -3.414334665557216 ] ], [ [ -80.214225358473144, -3.502776166069912 ], [ -80.210558432761019, -3.514043645403687 ], [ -80.210593739846146, -3.5139169393028 ], [ -80.210692970522487, -3.51357073823132 ], [ -80.214225358473144, -3.502776166069912 ] ], [ [ -80.210358431349647, -3.514671006379906 ], [ -80.210358431349661, -3.514671006379906 ], [ -80.210351928631979, -3.51468606263847 ], [ -80.210358431349647, -3.514671006379906 ] ], [ [ -80.209240763441343, -3.514403647005436 ], [ -80.209240763441343, -3.514403647005452 ], [ -80.2088869234302, -3.514336585824679 ], [ -80.209240763441343, -3.514403647005436 ] ], [ [ -80.203360542977677, -3.513161098629763 ], [ -80.203360542977691, -3.513161098629779 ], [ -80.203208849391416, -3.513118813922895 ], [ -80.203360542977677, -3.513161098629763 ] ], [ [ -80.20024100553988, -3.511374765662404 ], [ -80.20024100553988, -3.51137476566242 ], [ -80.199823742822034, -3.511089464270111 ], [ -80.20024100553988, -3.511374765662404 ] ], [ [ -80.198521202109788, -3.509256490998101 ], [ -80.198521202109788, -3.509256490998084 ], [ -80.198527422395586, -3.509242330174891 ], [ -80.198521202109788, -3.509256490998101 ] ], [ [ -80.197247465464415, -3.508430113405651 ], [ -80.197247465464429, -3.508430113405668 ], [ -80.197119821007902, -3.508342352274882 ], [ -80.197247465464415, -3.508430113405651 ] ], [ [ -80.196015495934148, -3.507593536770593 ], [ -80.196015495934162, -3.50759353677061 ], [ -80.195854255123379, -3.507490730940103 ], [ -80.196015495934148, -3.507593536770593 ] ], [ [ -80.191365931703999, -3.50444257130275 ], [ -80.191365931703999, -3.504442571302767 ], [ -80.191146448774219, -3.504304837399812 ], [ -80.191365931703999, -3.50444257130275 ] ], [ [ -80.186023373196718, -3.500270465909348 ], [ -80.186035796558954, -3.500268519169626 ], [ -80.186035796558954, -3.500268519169628 ], [ -80.186023373196718, -3.500270465909348 ] ], [ [ -80.185989322847135, -3.500275802354462 ], [ -80.18596859417319, -3.500272052785214 ], [ -80.186023373196718, -3.500270465909348 ], [ -80.185989322847135, -3.500275802354462 ] ], [ [ -80.184910404004128, -3.500147556084793 ], [ -80.184910404004142, -3.50014755608481 ], [ -80.184767646152025, -3.500131686297104 ], [ -80.184910404004128, -3.500147556084793 ] ], [ [ -80.184698831477803, -3.500120270315162 ], [ -80.184698831477817, -3.500120270315179 ], [ -80.184644414291853, -3.500112588837924 ], [ -80.184698831477803, -3.500120270315162 ] ], [ [ -80.184085950029967, -3.500049410109271 ], [ -80.184085950029967, -3.500049410109287 ], [ -80.184040943926874, -3.500048162236005 ], [ -80.184085950029967, -3.500049410109271 ] ], [ [ -80.179842547771798, -3.501671717854268 ], [ -80.180642611244537, -3.499661855168541 ], [ -80.180642611244551, -3.499661855168542 ], [ -80.179842547771798, -3.501671717854268 ] ], [ [ -80.179670801767898, -3.50209828984569 ], [ -80.179579412611474, -3.502258587810549 ], [ -80.179808854323269, -3.501756212719729 ], [ -80.179670801767898, -3.50209828984569 ] ], [ [ -80.179577098358564, -3.50233890473121 ], [ -80.179577098358578, -3.50233890473121 ], [ -80.179208663915617, -3.503159111532241 ], [ -80.179577098358564, -3.50233890473121 ] ], [ [ -80.179085794345369, -3.503503455188743 ], [ -80.178739053280211, -3.504401989570763 ], [ -80.178646642377245, -3.504658748951851 ], [ -80.178739053280196, -3.504401989570747 ], [ -80.179085794345355, -3.503503455188743 ], [ -80.179208663915617, -3.503159111532241 ], [ -80.179085794345369, -3.503503455188743 ] ], [ [ -80.172053249099562, -3.5069051412419 ], [ -80.172456697362648, -3.506938331180213 ], [ -80.172668396717, -3.506966373610839 ], [ -80.172053249099562, -3.5069051412419 ] ], [ [ -80.171676203937821, -3.506885883773283 ], [ -80.171416982432234, -3.506861518495353 ], [ -80.172053249099562, -3.5069051412419 ], [ -80.171676203937821, -3.506885883773283 ] ], [ [ -80.16992015193081, -3.498837269184571 ], [ -80.16992015193081, -3.498837269184583 ], [ -80.169692883532107, -3.501126583818365 ], [ -80.16992015193081, -3.498837269184571 ] ], [ [ -80.169945415167419, -3.498314268996957 ], [ -80.169945509382046, -3.498335712146738 ], [ -80.169945509382046, -3.498335712146747 ], [ -80.169945415167419, -3.498314268996957 ] ], [ [ -80.169945099720522, -3.498173070553198 ], [ -80.169945099720522, -3.498173070553181 ], [ -80.169945178668172, -3.498135520566018 ], [ -80.169945099720522, -3.498173070553198 ] ], [ [ -80.170030376466315, -3.497591768996589 ], [ -80.170030376466315, -3.497591768996573 ], [ -80.170035056054189, -3.497548656168617 ], [ -80.170030376466315, -3.497591768996589 ] ], [ [ -80.170099454254881, -3.497034753361471 ], [ -80.170099454254881, -3.497034753361454 ], [ -80.17009945433675, -3.497034678958874 ], [ -80.170099454254881, -3.497034753361471 ] ], [ [ -80.169868197730224, -3.496097361679479 ], [ -80.169989717120444, -3.496077370044952 ], [ -80.170056164469131, -3.496064757354223 ], [ -80.169868197730224, -3.496097361679479 ] ], [ [ -80.169567375572569, -3.496162155223351 ], [ -80.169567375572584, -3.496162155223351 ], [ -80.169529662253368, -3.496193160450958 ], [ -80.169567375572569, -3.496162155223351 ] ], [ [ -80.169491897669346, -3.496227177053003 ], [ -80.169440592935075, -3.496261723481394 ], [ -80.169529662253368, -3.496193160450958 ], [ -80.169491897669346, -3.496227177053003 ] ], [ [ -80.169122065867413, -3.496251238353714 ], [ -80.169122065867427, -3.496251238353714 ], [ -80.169055112688071, -3.496266785957465 ], [ -80.169122065867413, -3.496251238353714 ] ], [ [ -80.168990888216385, -3.496286347893361 ], [ -80.168934656935875, -3.496297819832623 ], [ -80.169055112688071, -3.496266785957465 ], [ -80.168990888216385, -3.496286347893361 ] ], [ [ -80.168934656935875, -3.496297819832623 ], [ -80.168712032995359, -3.496331255936915 ], [ -80.16861296046622, -3.496349318688208 ], [ -80.168712032995344, -3.496331255936915 ], [ -80.168934656935875, -3.496297819832623 ] ], [ [ -80.168527979185569, -3.49637689771312 ], [ -80.168415066610294, -3.496400729446167 ], [ -80.16861296046622, -3.496349318688208 ], [ -80.168527979185569, -3.49637689771312 ] ], [ [ -80.168372077159347, -3.496402849587668 ], [ -80.168330000566613, -3.496409045772811 ], [ -80.168271086267055, -3.496423904826597 ], [ -80.168179631507329, -3.496443095107012 ], [ -80.168108226354661, -3.496460968930196 ], [ -80.168372077159347, -3.496402849587668 ] ], [ [ -80.167994236262373, -3.496478575984997 ], [ -80.167994236262388, -3.496478575984997 ], [ -80.167954208622106, -3.496484774879899 ], [ -80.167994236262373, -3.496478575984997 ] ], [ [ -80.167909820339233, -3.496505109729481 ], [ -80.167869857146385, -3.49652296085914 ], [ -80.167954208622106, -3.496484774879899 ], [ -80.167909820339233, -3.496505109729481 ] ], [ [ -80.167767227728902, -3.496540009000743 ], [ -80.167767227728902, -3.49654000900076 ], [ -80.167574537845184, -3.496574401389045 ], [ -80.167767227728902, -3.496540009000743 ] ], [ [ -80.167574537845184, -3.496574401389045 ], [ -80.167428304519987, -3.496610450728936 ], [ -80.167360094194166, -3.496614181165869 ], [ -80.167574537845184, -3.496574401389045 ] ], [ [ -80.167324871803345, -3.496598215227392 ], [ -80.167324871803345, -3.496598215227408 ], [ -80.167291948424193, -3.496577390003964 ], [ -80.167324871803345, -3.496598215227392 ] ], [ [ -80.167154082890946, -3.496536893896824 ], [ -80.16715408289096, -3.496536893896824 ], [ -80.167119211045602, -3.496559310529985 ], [ -80.167154082890946, -3.496536893896824 ] ], [ [ -80.167058888744393, -3.496667015695874 ], [ -80.167058888744407, -3.496667015695874 ], [ -80.16701738392058, -3.496685316806356 ], [ -80.167058888744393, -3.496667015695874 ] ], [ [ -80.166889589990845, -3.496705382787476 ], [ -80.166889589990859, -3.496705382787493 ], [ -80.166814160001522, -3.496731212507088 ], [ -80.166889589990845, -3.496705382787476 ] ], [ [ -80.166705191482819, -3.496761022424143 ], [ -80.166705191482833, -3.496761022424143 ], [ -80.166666705554704, -3.496771751975275 ], [ -80.166705191482819, -3.496761022424143 ] ], [ [ -80.166666705554704, -3.496771751975275 ], [ -80.166598383933476, -3.496777140389227 ], [ -80.166572543491398, -3.496777956821961 ], [ -80.166666705554704, -3.496771751975275 ] ], [ [ -80.166522890284241, -3.496798590847315 ], [ -80.166522890284256, -3.496798590847315 ], [ -80.166476787610776, -3.496836588250764 ], [ -80.166522890284241, -3.496798590847315 ] ], [ [ -80.166447731843078, -3.496861474173904 ], [ -80.166416180556922, -3.496880287991631 ], [ -80.166476787610776, -3.496836588250764 ], [ -80.166447731843078, -3.496861474173904 ] ], [ [ -80.166343130473336, -3.496916674683725 ], [ -80.166343130473336, -3.496916674683721 ], [ -80.166353752296828, -3.496910744540645 ], [ -80.166343130473336, -3.496916674683725 ] ], [ [ -80.165968223921681, -3.496918335804266 ], [ -80.165968223921681, -3.496918335804283 ], [ -80.165911308077384, -3.496929179139201 ], [ -80.165968223921681, -3.496918335804266 ] ], [ [ -80.165208413619879, -3.497093766310371 ], [ -80.165416688266447, -3.497046538504957 ], [ -80.165531743315157, -3.497013746290256 ], [ -80.165208413619879, -3.497093766310371 ] ], [ [ -80.16496027018043, -3.497141616092716 ], [ -80.164960270180444, -3.497141616092717 ], [ -80.164945827307349, -3.497144675954937 ], [ -80.16496027018043, -3.497141616092716 ] ], [ [ -80.164848750695725, -3.497166802315933 ], [ -80.164538542856036, -3.497240899179977 ], [ -80.164713020575533, -3.497194662632875 ], [ -80.164848750695725, -3.497166802315933 ] ], [ [ -80.164185637112197, -3.497331341419752 ], [ -80.164185637112212, -3.497331341419752 ], [ -80.16402683230973, -3.497354556201388 ], [ -80.164185637112197, -3.497331341419752 ] ], [ [ -80.163754848821569, -3.497411227690786 ], [ -80.163932850096103, -3.497370116311565 ], [ -80.163535839684201, -3.49744818006432 ], [ -80.163754848821569, -3.497411227690786 ] ], [ [ -80.163193721155309, -3.497502443877673 ], [ -80.163193721155324, -3.497502443877673 ], [ -80.163154309500598, -3.497504304633314 ], [ -80.163193721155309, -3.497502443877673 ] ], [ [ -80.16276727972398, -3.497587814523904 ], [ -80.162767279723994, -3.497587814523904 ], [ -80.162632277490644, -3.497596683499322 ], [ -80.16276727972398, -3.497587814523904 ] ], [ [ -80.162632277490644, -3.497596683499322 ], [ -80.16229702458935, -3.49765253344806 ], [ -80.162245273193022, -3.497665651716239 ], [ -80.162632277490644, -3.497596683499322 ] ], [ [ -80.162152936553582, -3.497695466904307 ], [ -80.162123234331219, -3.497700996164526 ], [ -80.162245273193022, -3.497665651716239 ], [ -80.162152936553582, -3.497695466904307 ] ], [ [ -80.16203862862632, -3.497724175051245 ], [ -80.162038628626334, -3.497724175051245 ], [ -80.162022886089616, -3.497729887981509 ], [ -80.16203862862632, -3.497724175051245 ] ], [ [ -80.16168612333297, -3.497793283403511 ], [ -80.16168612333297, -3.497793283403528 ], [ -80.161560803186006, -3.49781131545948 ], [ -80.16168612333297, -3.497793283403511 ] ], [ [ -80.16111258938848, -3.49789042852466 ], [ -80.161112589388495, -3.49789042852466 ], [ -80.161076932899448, -3.497899100583212 ], [ -80.16111258938848, -3.49789042852466 ] ], [ [ -80.160969523959025, -3.497917188435275 ], [ -80.160969523959039, -3.497917188435275 ], [ -80.1608530989038, -3.497931413674681 ], [ -80.160969523959025, -3.497917188435275 ] ], [ [ -80.160535950043169, -3.497993106630571 ], [ -80.160169305065878, -3.498062625914542 ], [ -80.160253217959493, -3.498045189166156 ], [ -80.160535950043169, -3.497993106630571 ] ], [ [ -80.160023594905127, -3.498094210238289 ], [ -80.159956809927834, -3.49810875859446 ], [ -80.160086082451514, -3.498082317539362 ], [ -80.160023594905127, -3.498094210238289 ] ], [ [ -80.159825261800748, -3.498106648396671 ], [ -80.159825261800748, -3.498106648396687 ], [ -80.159800733602353, -3.498096881712704 ], [ -80.159825261800748, -3.498106648396671 ] ], [ [ -80.159638945158008, -3.498062489240018 ], [ -80.159669731291245, -3.498036679731263 ], [ -80.159687206664884, -3.498035856881573 ], [ -80.159638945158008, -3.498062489240018 ] ], [ [ -80.159602757745375, -3.498161868650835 ], [ -80.15960275774539, -3.498161868650835 ], [ -80.159596600368644, -3.498174676776338 ], [ -80.159602757745375, -3.498161868650835 ] ], [ [ -80.159111764064335, -3.498268433903229 ], [ -80.15920823036474, -3.498251576643771 ], [ -80.159389872954648, -3.498215889857961 ], [ -80.159111764064335, -3.498268433903229 ] ], [ [ -80.158728399366723, -3.498320116901291 ], [ -80.158728399366737, -3.498320116901291 ], [ -80.158648475577493, -3.498333355224488 ], [ -80.158728399366723, -3.498320116901291 ] ], [ [ -80.157494788520211, -3.498507617186354 ], [ -80.157494788520225, -3.498507617186354 ], [ -80.157390146660845, -3.498512856343894 ], [ -80.157494788520211, -3.498507617186354 ] ], [ [ -80.157316913913945, -3.498519559417861 ], [ -80.157262426988211, -3.498520174250362 ], [ -80.157390146660845, -3.498512856343894 ], [ -80.157316913913945, -3.498519559417861 ] ], [ [ -80.157103510118176, -3.498463163238176 ], [ -80.157103510118176, -3.498463163238193 ], [ -80.157077192232904, -3.498463332175635 ], [ -80.157103510118176, -3.498463163238176 ] ], [ [ -80.157028686456755, -3.498484184668055 ], [ -80.157028686456769, -3.498484184668055 ], [ -80.157010925502334, -3.498498333770467 ], [ -80.157028686456755, -3.498484184668055 ] ], [ [ -80.156954263504488, -3.498574601912654 ], [ -80.15694517457645, -3.498578702403328 ], [ -80.157010925502334, -3.498498333770467 ], [ -80.156954263504488, -3.498574601912654 ] ], [ [ -80.156313573049843, -3.498671541231033 ], [ -80.156313573049857, -3.498671541231033 ], [ -80.156264730165574, -3.498679753403481 ], [ -80.156313573049843, -3.498671541231033 ] ], [ [ -80.155895999377364, -3.498762075398913 ], [ -80.155895999377378, -3.498762075398913 ], [ -80.155836126586081, -3.498776450567872 ], [ -80.155895999377364, -3.498762075398913 ] ], [ [ -80.155772508401952, -3.498787222947065 ], [ -80.155724541035624, -3.498798916778219 ], [ -80.155836126586081, -3.498776450567872 ], [ -80.155772508401952, -3.498787222947065 ] ], [ [ -80.15496763383085, -3.498788965753234 ], [ -80.15496763383085, -3.49878896575325 ], [ -80.154956400324906, -3.498793279124425 ], [ -80.15496763383085, -3.498788965753234 ] ], [ [ -80.154922378878936, -3.49883484860726 ], [ -80.15492237887895, -3.49883484860726 ], [ -80.154916857426656, -3.498863271547364 ], [ -80.154922378878936, -3.49883484860726 ] ], [ [ -80.154912485198992, -3.498908203557705 ], [ -80.15490418018959, -3.498939642627038 ], [ -80.154916857426656, -3.498863271547364 ], [ -80.154912485198992, -3.498908203557705 ] ], [ [ -80.154356894968629, -3.499051027302332 ], [ -80.15449845640623, -3.499037110629047 ], [ -80.154633992780433, -3.499021889476819 ], [ -80.154429300604235, -3.499042086653471 ], [ -80.154356894968629, -3.499051027302332 ] ], [ [ -80.154294246367854, -3.499060759256356 ], [ -80.154077819796214, -3.499089676014028 ], [ -80.154356894968629, -3.499051027302332 ], [ -80.154294246367854, -3.499060759256356 ] ], [ [ -80.153374886714673, -3.499243315847142 ], [ -80.153522843611853, -3.499214220531916 ], [ -80.153664719996328, -3.499183409990272 ], [ -80.153522843611867, -3.499214220531916 ], [ -80.153374886714673, -3.499243315847142 ] ], [ [ -80.153194885882399, -3.499211024230219 ], [ -80.153197713239763, -3.499210306559722 ], [ -80.153197713239777, -3.499210306559722 ], [ -80.153194885882399, -3.499211024230219 ] ], [ [ -80.153159219869693, -3.499227177711646 ], [ -80.153159219869707, -3.499227177711646 ], [ -80.153137290569134, -3.499243510263776 ], [ -80.153159219869693, -3.499227177711646 ] ], [ [ -80.153107610024293, -3.499272034302357 ], [ -80.153089321752063, -3.49928185704274 ], [ -80.153137290569134, -3.499243510263776 ], [ -80.153107610024293, -3.499272034302357 ] ], [ [ -80.152143314116771, -3.499509132307405 ], [ -80.152317266397205, -3.49945710479995 ], [ -80.152470031553989, -3.499415954826985 ], [ -80.152197949990764, -3.499496033558761 ], [ -80.152143314116771, -3.499509132307405 ] ], [ [ -80.152011032466007, -3.499529952776958 ], [ -80.152011032466021, -3.499529952776958 ], [ -80.151955250523542, -3.499539109137348 ], [ -80.152011032466007, -3.499529952776958 ] ], [ [ -80.15135303369874, -3.499635739568301 ], [ -80.151353033698754, -3.499635739568301 ], [ -80.151285107525908, -3.49966283298712 ], [ -80.15135303369874, -3.499635739568301 ] ], [ [ -80.15111121144318, -3.49978638691747 ], [ -80.151111211443194, -3.49978638691747 ], [ -80.151064239669466, -3.499787105896517 ], [ -80.15111121144318, -3.49978638691747 ] ], [ [ -80.1507461407557, -3.499748609198904 ], [ -80.150746140755714, -3.49974860919892 ], [ -80.150679939580172, -3.499763545431513 ], [ -80.1507461407557, -3.499748609198904 ] ], [ [ -80.150581519905103, -3.49978311646683 ], [ -80.150506871341165, -3.499801493331618 ], [ -80.150679939580172, -3.499763545431513 ], [ -80.150581519905103, -3.49978311646683 ] ], [ [ -80.150417186650216, -3.499818153154259 ], [ -80.150360148165475, -3.499824080662293 ], [ -80.150506871341165, -3.499801493331618 ], [ -80.150417186650216, -3.499818153154259 ] ], [ [ -80.150188522157976, -3.49984598766714 ], [ -80.150251685769021, -3.499831215155148 ], [ -80.150292531624686, -3.4998262245599 ], [ -80.150188522157976, -3.49984598766714 ] ], [ [ -80.150148526665674, -3.499861374672304 ], [ -80.150118785978179, -3.499874620777344 ], [ -80.150188522157976, -3.49984598766714 ], [ -80.150148526665674, -3.499861374672304 ] ], [ [ -80.149740269993075, -3.499936976664803 ], [ -80.149740269993089, -3.499936976664803 ], [ -80.149719606243892, -3.499942033691903 ], [ -80.149740269993075, -3.499936976664803 ] ], [ [ -80.149552347529095, -3.500015046048418 ], [ -80.149599472642677, -3.49997805200616 ], [ -80.14961532030803, -3.499971884026228 ], [ -80.149552347529095, -3.500015046048418 ] ], [ [ -80.1494668227283, -3.500284350184672 ], [ -80.149508853271996, -3.50016064037369 ], [ -80.149528958595567, -3.500066618492525 ], [ -80.1494668227283, -3.500284350184672 ] ], [ [ -80.149217909236256, -3.500459539444817 ], [ -80.149319990148541, -3.500437111574466 ], [ -80.149348274215399, -3.500421925621953 ], [ -80.149217909236256, -3.500459539444817 ] ], [ [ -80.148574456737975, -3.499582531697645 ], [ -80.148574456737975, -3.499582531697628 ], [ -80.148579235491482, -3.499562843741979 ], [ -80.148574456737975, -3.499582531697645 ] ], [ [ -80.148650786493576, -3.499293376954449 ], [ -80.148650786493576, -3.499293376954432 ], [ -80.148681769185131, -3.499205680016156 ], [ -80.148650786493576, -3.499293376954449 ] ], [ [ -80.149454348269671, -3.498521163504118 ], [ -80.149454348269671, -3.4985211635041 ], [ -80.149524203716865, -3.498477953840402 ], [ -80.149454348269671, -3.498521163504118 ] ], [ [ -80.149848254467798, -3.498242717653995 ], [ -80.149726094816188, -3.498344044503011 ], [ -80.149681693736568, -3.498368275366232 ], [ -80.149848254467798, -3.498242717653995 ] ], [ [ -80.150163853774785, -3.497826371277554 ], [ -80.150163853774785, -3.497826371277537 ], [ -80.150189029322235, -3.497794318290691 ], [ -80.150163853774785, -3.497826371277554 ] ], [ [ -80.15109472950067, -3.496614982287067 ], [ -80.15109472950067, -3.49661498228705 ], [ -80.151201399946913, -3.496485833747679 ], [ -80.15109472950067, -3.496614982287067 ] ], [ [ -80.151638440964035, -3.495810423912355 ], [ -80.151638440964049, -3.495810423912359 ], [ -80.151617306764777, -3.4958389869729 ], [ -80.151638440964035, -3.495810423912355 ] ], [ [ -80.120698839579234, -3.480779938265184 ], [ -80.120698839579234, -3.480779938265167 ], [ -80.120906192061426, -3.480636528502195 ], [ -80.120698839579234, -3.480779938265184 ] ], [ [ -80.121335187810814, -3.480349721255243 ], [ -80.121335187810814, -3.480349721255226 ], [ -80.121542540121695, -3.480206311301975 ], [ -80.121335187810814, -3.480349721255243 ] ], [ [ -80.122536460301376, -3.479453316432049 ], [ -80.122329042740759, -3.479668528602778 ], [ -80.122245788264692, -3.479739504129162 ], [ -80.122536460301376, -3.479453316432049 ] ], [ [ -80.124381600761851, -3.477717427425076 ], [ -80.123923826251954, -3.478219614912159 ], [ -80.123594828864412, -3.47854959826883 ], [ -80.124381600761851, -3.477717427425076 ] ], [ [ -80.124925768956118, -3.476511654686839 ], [ -80.124925768956118, -3.476511654686822 ], [ -80.124985776411307, -3.476293855705251 ], [ -80.124925768956118, -3.476511654686839 ] ], [ [ -80.126315384765178, -3.472822314755322 ], [ -80.126315384765178, -3.472822314755306 ], [ -80.126318573758908, -3.472851400338453 ], [ -80.126315384765178, -3.472822314755322 ] ], [ [ -80.127104099819405, -3.469864796314554 ], [ -80.127104099819405, -3.469864796314538 ], [ -80.127147064512172, -3.469764311849898 ], [ -80.127104099819405, -3.469864796314554 ] ], [ [ -80.124640326385361, -3.46124973866725 ], [ -80.124640326385361, -3.461249738667234 ], [ -80.124646357056847, -3.461234629013085 ], [ -80.124640326385361, -3.46124973866725 ] ], [ [ -80.124917263236867, -3.460541547192846 ], [ -80.124917263236867, -3.460541547192828 ], [ -80.124973682845081, -3.460470812902666 ], [ -80.124917263236867, -3.460541547192846 ] ], [ [ -80.125318157893787, -3.459718586091593 ], [ -80.125318157893787, -3.459718586091576 ], [ -80.125327817260469, -3.459574990906541 ], [ -80.125318157893787, -3.459718586091593 ] ], [ [ -80.125166374087826, -3.459009997342839 ], [ -80.125166374087826, -3.459009997342855 ], [ -80.125149236123917, -3.458963821909813 ], [ -80.125166374087826, -3.459009997342839 ] ], [ [ -80.126780787228384, -3.456881357872161 ], [ -80.126780787228384, -3.456881357872178 ], [ -80.126766701643447, -3.456860083983389 ], [ -80.126780787228384, -3.456881357872161 ] ], [ [ -80.126760651738394, -3.455459655052275 ], [ -80.126760651738394, -3.455459655052258 ], [ -80.126824986149572, -3.455430993602091 ], [ -80.126760651738394, -3.455459655052275 ] ], [ [ -80.128559462930269, -3.454015615656194 ], [ -80.128559462930269, -3.454015615656177 ], [ -80.128586450917084, -3.453803225596447 ], [ -80.128559462930269, -3.454015615656194 ] ], [ [ -80.1290925782382, -3.453171148754426 ], [ -80.1290925782382, -3.453171148754409 ], [ -80.129102468782278, -3.453167996329106 ], [ -80.1290925782382, -3.453171148754426 ] ], [ [ -80.129707403066121, -3.452134854005324 ], [ -80.129707403066121, -3.452134854005341 ], [ -80.129594339433879, -3.452056964027169 ], [ -80.129707403066121, -3.452134854005324 ] ], [ [ -80.129565602167418, -3.45092006816581 ], [ -80.129565602167418, -3.450920068165811 ], [ -80.129321482866146, -3.450907876913974 ], [ -80.129565602167418, -3.45092006816581 ] ], [ [ -80.12952775193169, -3.45000387131897 ], [ -80.129527751931704, -3.450003871318987 ], [ -80.129492045656789, -3.449982297411871 ], [ -80.12952775193169, -3.45000387131897 ] ], [ [ -80.129375391788443, -3.44992474849531 ], [ -80.129375391788443, -3.449924748495327 ], [ -80.129344437538961, -3.449915146730669 ], [ -80.129375391788443, -3.44992474849531 ] ], [ [ -80.129057640609815, -3.449815740531323 ], [ -80.129057640609815, -3.449815740531339 ], [ -80.129035399129776, -3.4498083268389 ], [ -80.129057640609815, -3.449815740531323 ] ], [ [ -80.128047828004526, -3.449630694331727 ], [ -80.128047828004526, -3.449630694331744 ], [ -80.127962115402894, -3.449596150427966 ], [ -80.128047828004526, -3.449630694331727 ] ], [ [ -80.127131654025888, -3.449271796358081 ], [ -80.127131654025888, -3.449271796358098 ], [ -80.127087843167914, -3.449256438518923 ], [ -80.127131654025888, -3.449271796358081 ] ], [ [ -80.12669354569114, -3.449123959346042 ], [ -80.12669354569114, -3.449123959346058 ], [ -80.12664782740373, -3.449110513851933 ], [ -80.12669354569114, -3.449123959346042 ] ], [ [ -80.126339384434203, -3.448953784639819 ], [ -80.126339384434203, -3.448953784639836 ], [ -80.126321545663259, -3.448926842068124 ], [ -80.126339384434203, -3.448953784639819 ] ], [ [ -80.126297783087267, -3.448866984928453 ], [ -80.126297783087267, -3.44886698492847 ], [ -80.126294434444276, -3.448856858899816 ], [ -80.126297783087267, -3.448866984928453 ] ], [ [ -80.126256321043925, -3.448627605774383 ], [ -80.126256321043925, -3.448627605774366 ], [ -80.126256329237378, -3.448618630858905 ], [ -80.126256321043925, -3.448627605774383 ] ], [ [ -80.12760891406883, -3.447589115368917 ], [ -80.12760891406883, -3.4475891153689 ], [ -80.12778049149648, -3.447488750255597 ], [ -80.12760891406883, -3.447589115368917 ] ], [ [ -80.130030240985576, -3.445978181843318 ], [ -80.130030240985576, -3.445978181843302 ], [ -80.130120851945108, -3.445863380561772 ], [ -80.130030240985576, -3.445978181843318 ] ], [ [ -80.130890792081487, -3.445171420217729 ], [ -80.130890792081487, -3.445171420217713 ], [ -80.130940542692443, -3.445096576846785 ], [ -80.130890792081487, -3.445171420217729 ] ], [ [ -80.129715921924557, -3.444260322290625 ], [ -80.129715921924571, -3.444260322290625 ], [ -80.129558721782502, -3.444264964321138 ], [ -80.129715921924557, -3.444260322290625 ] ], [ [ -80.127643982092081, -3.444062160139839 ], [ -80.127643982092081, -3.444062160139856 ], [ -80.127629954273743, -3.444050861447189 ], [ -80.127643982092081, -3.444062160139839 ] ], [ [ -80.127797354864924, -3.443028348557144 ], [ -80.127797354864924, -3.443028348557127 ], [ -80.127873592511378, -3.443004483950295 ], [ -80.127797354864924, -3.443028348557144 ] ], [ [ -80.128912087850296, -3.442943209499353 ], [ -80.12891208785031, -3.442943209499353 ], [ -80.128988299389448, -3.442948065633577 ], [ -80.128912087850296, -3.442943209499353 ] ], [ [ -80.129216929670804, -3.442967422918262 ], [ -80.129216929670818, -3.442967422918262 ], [ -80.129219102873734, -3.442967424911566 ], [ -80.129216929670804, -3.442967422918262 ] ], [ [ -80.129378879419662, -3.442977144775033 ], [ -80.129378879419676, -3.442977144775033 ], [ -80.129393169844548, -3.442977157880557 ], [ -80.129378879419662, -3.442977144775033 ] ], [ [ -80.129807575708796, -3.442996685380024 ], [ -80.129597990880782, -3.442986919920803 ], [ -80.129517015548743, -3.442982058561265 ], [ -80.129688497212115, -3.442987002898428 ], [ -80.129807575708796, -3.442996685380024 ] ], [ [ -80.130560349689929, -3.442839410293816 ], [ -80.130560349689929, -3.4428394102938 ], [ -80.130627094481895, -3.442777242550983 ], [ -80.130560349689929, -3.442839410293816 ] ], [ [ -80.131037387390705, -3.442078741940387 ], [ -80.131037387390705, -3.44207874194037 ], [ -80.131056506646573, -3.442006957237194 ], [ -80.131037387390705, -3.442078741940387 ] ], [ [ -80.131099486331379, -3.441887325930523 ], [ -80.131099486331379, -3.441887325930507 ], [ -80.131142435643355, -3.441801202586489 ], [ -80.131099486331379, -3.441887325930523 ] ], [ [ -80.131543092645103, -3.441222363378775 ], [ -80.131543092645103, -3.441222363378758 ], [ -80.131605061381549, -3.441174551595658 ], [ -80.131543092645103, -3.441222363378775 ] ], [ [ -80.132332882585033, -3.44095462402445 ], [ -80.132332882585047, -3.44095462402445 ], [ -80.132522619016711, -3.440964370648305 ], [ -80.132332882585033, -3.44095462402445 ] ], [ [ -80.13280434448491, -3.438894326334429 ], [ -80.13280434448491, -3.438894326334446 ], [ -80.132752958361834, -3.438828220826287 ], [ -80.13280434448491, -3.438894326334429 ] ], [ [ -80.130150414067927, -3.437013072880037 ], [ -80.130150414067941, -3.437013072880037 ], [ -80.129965786334125, -3.437060772408615 ], [ -80.130150414067927, -3.437013072880037 ] ], [ [ -80.129405923066798, -3.437233782924221 ], [ -80.129751355340872, -3.437144346165893 ], [ -80.129780741460706, -3.437133302813709 ], [ -80.129405923066798, -3.437233782924221 ] ], [ [ -80.128822291599803, -3.437352918076292 ], [ -80.128822291599818, -3.437352918076292 ], [ -80.128703194284299, -3.437364776734207 ], [ -80.128822291599803, -3.437352918076292 ] ], [ [ -80.129021245859036, -3.435951160170365 ], [ -80.128816374248885, -3.435998840978591 ], [ -80.128753588534167, -3.436021044784323 ], [ -80.129021245859036, -3.435951160170365 ] ], [ [ -80.129550058893145, -3.435875055819031 ], [ -80.129550058893145, -3.435875055819014 ], [ -80.129645340403329, -3.435860782563343 ], [ -80.129550058893145, -3.435875055819031 ] ], [ [ -80.132374275989491, -3.432748009128212 ], [ -80.132374275989491, -3.432748009128229 ], [ -80.132338614622455, -3.432676174394483 ], [ -80.132374275989491, -3.432748009128212 ] ], [ [ -80.13219583492058, -3.432539619577272 ], [ -80.132195834920594, -3.432539619577289 ], [ -80.132152990001416, -3.432510859635335 ], [ -80.13219583492058, -3.432539619577272 ] ], [ [ -80.131266913124705, -3.43259621430991 ], [ -80.131102529067775, -3.4326463263208 ], [ -80.131266913124691, -3.43259621430991 ], [ -80.131409867790339, -3.432538902949005 ], [ -80.131567107136405, -3.432488784360139 ], [ -80.131681455289751, -3.432460167750254 ], [ -80.131745774953743, -3.432445865954997 ], [ -80.131266913124705, -3.43259621430991 ] ], [ [ -80.130802322005835, -3.432768116527654 ], [ -80.130802322005849, -3.432768116527654 ], [ -80.130673644584263, -3.432839801256041 ], [ -80.130802322005835, -3.432768116527654 ] ], [ [ -80.128008705432492, -3.43261477718629 ], [ -80.128008705432478, -3.432614777186277 ], [ -80.128033611424058, -3.432636262003319 ], [ -80.128008705432492, -3.43261477718629 ] ], [ [ -80.127958747660017, -3.43255010904343 ], [ -80.128008705432478, -3.432614777186274 ], [ -80.128008705432478, -3.432614777186277 ], [ -80.127958747660017, -3.43255010904343 ] ], [ [ -80.125259417906861, -3.430860280512068 ], [ -80.125380891831767, -3.430853211379218 ], [ -80.125380891831782, -3.430853211379218 ], [ -80.125259417906861, -3.430860280512068 ] ], [ [ -80.123423133895486, -3.430844232243796 ], [ -80.123423133895486, -3.430844232243813 ], [ -80.123258822075698, -3.430815360214932 ], [ -80.123423133895486, -3.430844232243796 ] ], [ [ -80.1233413129968, -3.428108492192356 ], [ -80.1233413129968, -3.428108492192339 ], [ -80.123413090739987, -3.427749547817894 ], [ -80.1233413129968, -3.428108492192356 ] ], [ [ -80.12341332604403, -3.427491059661405 ], [ -80.12341332604403, -3.427491059661405 ], [ -80.123413090739987, -3.427749547817894 ], [ -80.12341332604403, -3.427491059661405 ] ], [ [ -80.122500663273598, -3.425393595627275 ], [ -80.122500663273598, -3.425393595627291 ], [ -80.12228658590594, -3.425091830092241 ], [ -80.122500663273598, -3.425393595627275 ] ], [ [ -80.120859298234123, -3.423194938097954 ], [ -80.120859298234123, -3.42319493809797 ], [ -80.120602351508396, -3.422893132959473 ], [ -80.120859298234123, -3.423194938097954 ] ], [ [ -80.120274084598634, -3.422447657144327 ], [ -80.12011009633197, -3.422307677057926 ], [ -80.120602351508396, -3.422893132959473 ], [ -80.120274084598634, -3.422447657144327 ] ], [ [ -79.740234794160557, -3.464289416666686 ], [ -79.740234794160543, -3.46428941666667 ], [ -79.740273941247978, -3.464271485169426 ], [ -79.740234794160557, -3.464289416666686 ] ], [ [ -79.739749028946221, -3.464488991621823 ], [ -79.740043151215389, -3.464439800014509 ], [ -79.739749028946235, -3.464488991621823 ], [ -79.739749028946221, -3.464488991621823 ] ], [ [ -79.738480333605182, -3.46428545329458 ], [ -79.738480333605196, -3.464285453294582 ], [ -79.738314376288798, -3.464329227941132 ], [ -79.738480333605182, -3.46428545329458 ] ], [ [ -79.737877868715117, -3.464388677052133 ], [ -79.737877868715103, -3.464388677052133 ], [ -79.73808643671191, -3.464320833419841 ], [ -79.737877868715117, -3.464388677052133 ] ], [ [ -79.73739645010815, -3.464963623197566 ], [ -79.737396450108136, -3.464963623197566 ], [ -79.737428876007897, -3.464801245747466 ], [ -79.73739645010815, -3.464963623197566 ] ], [ [ -79.737522104170921, -3.465406696516319 ], [ -79.737537061269848, -3.465549751704245 ], [ -79.737416392602412, -3.465154363741224 ], [ -79.737522104170921, -3.465406696516319 ] ], [ [ -79.737164270669979, -3.466009646660413 ], [ -79.736671620459219, -3.466236365399656 ], [ -79.73649146639292, -3.466289754145731 ], [ -79.736268344657731, -3.466295648091144 ], [ -79.735983882529297, -3.466378187538789 ], [ -79.737164270669979, -3.466009646660413 ] ], [ [ -79.734125550819414, -3.468854172538261 ], [ -79.734125550819414, -3.468854172538259 ], [ -79.73413101209907, -3.468997276349139 ], [ -79.734125550819414, -3.468854172538261 ] ], [ [ -79.734151003111705, -3.469197559944503 ], [ -79.734156226333482, -3.469292954059697 ], [ -79.73413101209907, -3.468997276349139 ], [ -79.734151003111705, -3.469197559944503 ] ], [ [ -79.732510482449825, -3.470603740511607 ], [ -79.732235726924898, -3.470729171631131 ], [ -79.732652655815698, -3.470550542392239 ], [ -79.732510482449825, -3.470603740511607 ] ], [ [ -79.732155680154293, -3.470863164297286 ], [ -79.732118578423865, -3.471039880749562 ], [ -79.732235726924898, -3.470729171631131 ], [ -79.732155680154293, -3.470863164297286 ] ], [ [ -79.732122552780893, -3.471836627874383 ], [ -79.73219670880323, -3.471473653601353 ], [ -79.73219670880323, -3.471473653601369 ], [ -79.732122552780893, -3.471836627874383 ] ], [ [ -79.731788336199784, -3.472415609805532 ], [ -79.731175044608136, -3.473205926014489 ], [ -79.731986793340639, -3.47222376724889 ], [ -79.731788336199784, -3.472415609805532 ] ], [ [ -79.730688373417422, -3.473680713917411 ], [ -79.730688373417408, -3.473680713917411 ], [ -79.730829808774658, -3.473479616241143 ], [ -79.730688373417422, -3.473680713917411 ] ], [ [ -79.729077937915591, -3.476360633876591 ], [ -79.729077937915577, -3.476360633876591 ], [ -79.729200073395177, -3.476097608329957 ], [ -79.729077937915591, -3.476360633876591 ] ], [ [ -79.728727904692761, -3.476624807434816 ], [ -79.728211409614929, -3.476832567783449 ], [ -79.728079135656699, -3.476966825491001 ], [ -79.728727904692761, -3.476624807434816 ] ], [ [ -79.728079135656699, -3.476966825491001 ], [ -79.727885473156462, -3.47716818721303 ], [ -79.727221339780911, -3.477286041185508 ], [ -79.728079135656699, -3.476966825491001 ] ], [ [ -79.72676260340927, -3.477650956107953 ], [ -79.726762603409284, -3.477650956107945 ], [ -79.726597688789056, -3.477904655793921 ], [ -79.72676260340927, -3.477650956107953 ] ], [ [ -79.72654667637569, -3.47814823947333 ], [ -79.726519309216627, -3.478372618819761 ], [ -79.726597688789056, -3.477904655793921 ], [ -79.72654667637569, -3.47814823947333 ] ], [ [ -79.72580778951496, -3.478509796408214 ], [ -79.725807789514946, -3.478509796408196 ], [ -79.725954950660537, -3.478504283302825 ], [ -79.72580778951496, -3.478509796408214 ] ], [ [ -79.724608472240718, -3.478897529894345 ], [ -79.724765105314205, -3.478887198158592 ], [ -79.724608472240718, -3.478897529894346 ], [ -79.724608472240718, -3.478897529894345 ] ], [ [ -79.724261135743049, -3.478751375614534 ], [ -79.724261135743049, -3.478751375614534 ], [ -79.724147209247974, -3.478756721017656 ], [ -79.724261135743049, -3.478751375614534 ] ], [ [ -79.723825873902385, -3.479063691680332 ], [ -79.723413851480544, -3.479275696727713 ], [ -79.72396249274631, -3.478848302280181 ], [ -79.723825873902385, -3.479063691680332 ] ], [ [ -79.722155343358367, -3.481123693623079 ], [ -79.722155343358352, -3.481123693623079 ], [ -79.722197050911518, -3.48091832465787 ], [ -79.722155343358367, -3.481123693623079 ] ], [ [ -79.722109769462662, -3.481505614066807 ], [ -79.722122777865948, -3.481584967624659 ], [ -79.72212773673894, -3.481300364753632 ], [ -79.722109769462662, -3.481505614066807 ] ], [ [ -79.722274205879202, -3.481813763028102 ], [ -79.722274205879202, -3.481813763028119 ], [ -79.722206759751813, -3.481763462113418 ], [ -79.722274205879202, -3.481813763028102 ] ], [ [ -79.722296122019344, -3.482425005911139 ], [ -79.72229612201933, -3.482425005911139 ], [ -79.722362214818034, -3.48199228832708 ], [ -79.722296122019344, -3.482425005911139 ] ], [ [ -79.721703040122847, -3.483104900062282 ], [ -79.721703040122833, -3.483104900062282 ], [ -79.721786693144807, -3.483028926796627 ], [ -79.721703040122847, -3.483104900062282 ] ], [ [ -79.721355400757474, -3.483968439353631 ], [ -79.72135540075746, -3.483968439353631 ], [ -79.721347135438208, -3.483739467154821 ], [ -79.721355400757474, -3.483968439353631 ] ], [ [ -79.721207698894048, -3.484341332995496 ], [ -79.720931301202882, -3.484614682101248 ], [ -79.721327699767926, -3.484126026766972 ], [ -79.721207698894048, -3.484341332995496 ] ], [ [ -79.719621930642091, -3.48483598728352 ], [ -79.718897883496666, -3.485319139715113 ], [ -79.718699289988663, -3.485484745795109 ], [ -79.719621930642091, -3.48483598728352 ] ], [ [ -79.718699289988663, -3.485484745795109 ], [ -79.717960746970363, -3.485917873623869 ], [ -79.717804884150553, -3.486083264684728 ], [ -79.718699289988663, -3.485484745795109 ] ], [ [ -79.717613626562454, -3.486291774988513 ], [ -79.717613626562439, -3.486291774988513 ], [ -79.717712941594399, -3.486212549801351 ], [ -79.717613626562454, -3.486291774988513 ] ], [ [ -79.714547470708325, -3.489535233600093 ], [ -79.714547470708311, -3.489535233600093 ], [ -79.715148750826643, -3.488932324608244 ], [ -79.714547470708325, -3.489535233600093 ] ], [ [ -79.710054585840084, -3.491982156426405 ], [ -79.710054585840069, -3.491982156426405 ], [ -79.710325936136314, -3.491675825031879 ], [ -79.710054585840084, -3.491982156426405 ] ], [ [ -79.705419856290732, -3.496900217800783 ], [ -79.705419856290717, -3.496900217800783 ], [ -79.705618444312293, -3.496882946178931 ], [ -79.705419856290732, -3.496900217800783 ] ], [ [ -79.704410123816729, -3.498268814041802 ], [ -79.704410123816714, -3.498268814041802 ], [ -79.704761514927, -3.497491007761894 ], [ -79.704410123816729, -3.498268814041802 ] ], [ [ -79.701998196491857, -3.501335222414444 ], [ -79.701998196491843, -3.501335222414444 ], [ -79.702040908118931, -3.501322657642077 ], [ -79.701998196491857, -3.501335222414444 ] ], [ [ -79.700039140412613, -3.501568109419832 ], [ -79.699579776363322, -3.501724394181021 ], [ -79.700429099623676, -3.501480195750072 ], [ -79.700039140412613, -3.501568109419832 ] ], [ [ -79.69730260341305, -3.503206981504646 ], [ -79.697302603413036, -3.503206981504646 ], [ -79.698167123215327, -3.502909715033387 ], [ -79.69730260341305, -3.503206981504646 ] ], [ [ -79.696334881176554, -3.50425444563108 ], [ -79.69633488117654, -3.50425444563108 ], [ -79.69645809292993, -3.504004985915301 ], [ -79.696334881176554, -3.50425444563108 ] ], [ [ -79.695546294971734, -3.505681852170628 ], [ -79.694531775952029, -3.50736797878101 ], [ -79.696144602479933, -3.504771261363085 ], [ -79.695546294971734, -3.505681852170628 ] ], [ [ -79.694347251765109, -3.507562812863736 ], [ -79.693465939959651, -3.508282072294128 ], [ -79.693145338764111, -3.508591310494895 ], [ -79.693465939959637, -3.508282072294128 ], [ -79.694347251765095, -3.507562812863736 ], [ -79.694531775952029, -3.50736797878101 ], [ -79.694347251765109, -3.507562812863736 ] ], [ [ -79.692298519617069, -3.509942835356679 ], [ -79.692584160759495, -3.509659687605563 ], [ -79.692414288191102, -3.509867837137285 ], [ -79.692298519617069, -3.509942835356679 ] ], [ [ -79.690485402061086, -3.509885024852427 ], [ -79.690485402061071, -3.509885024852427 ], [ -79.69080603358357, -3.509878059093719 ], [ -79.690485402061086, -3.509885024852427 ] ], [ [ -79.688354800439072, -3.510031804965861 ], [ -79.688354800439058, -3.510031804965861 ], [ -79.688736249204325, -3.509982777744623 ], [ -79.688354800439072, -3.510031804965861 ] ], [ [ -79.684698551493668, -3.510916997268664 ], [ -79.685020829321203, -3.510891132780324 ], [ -79.684698551493682, -3.510916997268664 ], [ -79.684698551493668, -3.510916997268664 ] ], [ [ -79.682562671991718, -3.511619454639219 ], [ -79.682562671991718, -3.511619454639202 ], [ -79.683730263686968, -3.510939868211953 ], [ -79.682562671991718, -3.511619454639219 ] ], [ [ -79.678464370574318, -3.511608760693498 ], [ -79.678464370574304, -3.511608760693481 ], [ -79.680578735103211, -3.511677604844958 ], [ -79.678464370574318, -3.511608760693498 ] ], [ [ -79.672595942095455, -3.512534621278989 ], [ -79.672595942095441, -3.512534621278989 ], [ -79.673428744095915, -3.512267638002668 ], [ -79.672595942095455, -3.512534621278989 ] ], [ [ -79.670312398076192, -3.515365919262412 ], [ -79.670312398076177, -3.515365919262396 ], [ -79.671499967932562, -3.513486713803128 ], [ -79.670312398076192, -3.515365919262412 ] ], [ [ -79.665465040775203, -3.51197352621859 ], [ -79.665465040775203, -3.511973526218592 ], [ -79.665182954866694, -3.51165123626286 ], [ -79.665465040775203, -3.51197352621859 ] ], [ [ -79.657158609905267, -3.513358510500461 ], [ -79.656086281903356, -3.513802064706195 ], [ -79.657802753830538, -3.512569741010691 ], [ -79.657158609905267, -3.513358510500461 ] ], [ [ -79.655371717694536, -3.513872822630394 ], [ -79.655169084404207, -3.513924057886948 ], [ -79.656086281903356, -3.513802064706195 ], [ -79.655371717694536, -3.513872822630394 ] ], [ [ -79.64862973743395, -3.514592922743936 ], [ -79.64862973743395, -3.514592922743919 ], [ -79.648805812336803, -3.514703257788735 ], [ -79.64862973743395, -3.514592922743936 ] ], [ [ -79.646216900029046, -3.513590927978243 ], [ -79.646216900029046, -3.513590927978227 ], [ -79.646315000207863, -3.513686791313686 ], [ -79.646216900029046, -3.513590927978243 ] ], [ [ -79.64464736533013, -3.512442436552399 ], [ -79.64464736533013, -3.512442436552383 ], [ -79.644780668493993, -3.51248570486681 ], [ -79.64464736533013, -3.512442436552399 ] ], [ [ -79.642329624357089, -3.511151617764875 ], [ -79.642501113975172, -3.511137509821005 ], [ -79.642329624357103, -3.511151617764875 ], [ -79.642329624357089, -3.511151617764875 ] ], [ [ -79.640749743897317, -3.510149033583041 ], [ -79.640611271782532, -3.510084238837951 ], [ -79.6408496426927, -3.510235328505029 ], [ -79.640749743897317, -3.510149033583041 ] ], [ [ -79.638559563526996, -3.509585870225609 ], [ -79.638381621029836, -3.509393365114746 ], [ -79.63867853511708, -3.509657834238695 ], [ -79.638559563526996, -3.509585870225609 ] ], [ [ -79.637967809903699, -3.5088919899058 ], [ -79.637967809903699, -3.508891989905784 ], [ -79.638048705336644, -3.508944754852025 ], [ -79.637967809903699, -3.5088919899058 ] ], [ [ -79.637553777793116, -3.50864969133208 ], [ -79.637553777793102, -3.508649691332062 ], [ -79.637739392779039, -3.508748075736434 ], [ -79.637553777793116, -3.50864969133208 ] ], [ [ -79.633991365213916, -3.504323905975078 ], [ -79.633991365213916, -3.50432390597506 ], [ -79.634248183442338, -3.504449098580956 ], [ -79.633991365213916, -3.504323905975078 ] ], [ [ -79.631697076741744, -3.501670294089779 ], [ -79.631697076741744, -3.501670294089763 ], [ -79.631929001818406, -3.501856091240984 ], [ -79.631697076741744, -3.501670294089779 ] ], [ [ -79.631209343176167, -3.500245443952118 ], [ -79.631209343176167, -3.500245443952121 ], [ -79.631159013372411, -3.500256998552119 ], [ -79.631209343176167, -3.500245443952118 ] ], [ [ -79.630880606481412, -3.500428886091947 ], [ -79.6307880499063, -3.500535956284065 ], [ -79.630978812754904, -3.500367768785629 ], [ -79.630880606481412, -3.500428886091947 ] ], [ [ -79.630752022887535, -3.500932661103956 ], [ -79.630752022887521, -3.500932661103956 ], [ -79.630775548861337, -3.500616343516953 ], [ -79.630752022887535, -3.500932661103956 ] ], [ [ -79.630328595409267, -3.501822465798182 ], [ -79.630282703920614, -3.501941106997343 ], [ -79.630629523018428, -3.501281370704418 ], [ -79.630328595409267, -3.501822465798182 ] ], [ [ -79.630282703920614, -3.501941106997343 ], [ -79.630236342558419, -3.502277712811911 ], [ -79.630246005264055, -3.502528911451855 ], [ -79.630282703920614, -3.501941106997343 ] ], [ [ -79.630509689330026, -3.503457320051288 ], [ -79.630509689330012, -3.503457320051271 ], [ -79.630403113708397, -3.503050353178656 ], [ -79.630509689330026, -3.503457320051288 ] ], [ [ -79.630837317161536, -3.504100758732061 ], [ -79.631058003873292, -3.504296461461997 ], [ -79.630604513386416, -3.503756584441771 ], [ -79.630837317161536, -3.504100758732061 ] ], [ [ -79.631123130956709, -3.504344033788593 ], [ -79.631145529082161, -3.504365514538836 ], [ -79.631058003873292, -3.504296461461997 ], [ -79.631123130956709, -3.504344033788593 ] ], [ [ -79.631169155916439, -3.50440241778497 ], [ -79.63123080057224, -3.504552777258045 ], [ -79.631145529082161, -3.504365514538836 ], [ -79.631169155916439, -3.50440241778497 ] ], [ [ -79.630342808369164, -3.505980094867066 ], [ -79.63034280836915, -3.505980094867066 ], [ -79.630485854275321, -3.505872619778549 ], [ -79.630342808369164, -3.505980094867066 ] ], [ [ -79.629818444317124, -3.506278449404812 ], [ -79.62981844431711, -3.506278449404812 ], [ -79.629866178870813, -3.506206729727912 ], [ -79.629818444317124, -3.506278449404812 ] ], [ [ -79.629627046945387, -3.50688120355034 ], [ -79.629627046945373, -3.50688120355034 ], [ -79.629736735405118, -3.506785645344825 ], [ -79.629627046945387, -3.50688120355034 ] ], [ [ -79.629193127697562, -3.507215584893672 ], [ -79.629193127697562, -3.507215584893655 ], [ -79.629323538150956, -3.507150304381539 ], [ -79.629193127697562, -3.507215584893672 ] ], [ [ -79.628864188403412, -3.507416113350129 ], [ -79.628672269028485, -3.507613652435106 ], [ -79.628926212037172, -3.507344414798536 ], [ -79.628864188403412, -3.507416113350129 ] ], [ [ -79.626203364512946, -3.508758653182291 ], [ -79.625726813600352, -3.508930246453456 ], [ -79.626603539629969, -3.508701811486682 ], [ -79.626203364512946, -3.508758653182291 ] ], [ [ -79.625558514849274, -3.509206388729703 ], [ -79.62555851484926, -3.509206388729703 ], [ -79.625636184697811, -3.50902104576496 ], [ -79.625558514849274, -3.509206388729703 ] ], [ [ -79.625230403132662, -3.509654591215783 ], [ -79.625107167904559, -3.509787469161784 ], [ -79.625474917090287, -3.509373775274388 ], [ -79.625230403132662, -3.509654591215783 ] ], [ [ -79.624992010206157, -3.509820551665702 ], [ -79.624992010206157, -3.509820551665686 ], [ -79.625037255194897, -3.509823011611633 ], [ -79.624992010206157, -3.509820551665702 ] ], [ [ -79.624426766960582, -3.509572042287644 ], [ -79.624426766960568, -3.509572042287644 ], [ -79.624440558814115, -3.509569423675182 ], [ -79.624426766960582, -3.509572042287644 ] ], [ [ -79.624109062115906, -3.51023203966672 ], [ -79.624109062115892, -3.510232039666703 ], [ -79.624159378559781, -3.51002392354058 ], [ -79.624109062115906, -3.51023203966672 ] ], [ [ -79.624070082907835, -3.510830229838025 ], [ -79.624005410809389, -3.511083791645611 ], [ -79.624087144911613, -3.510562239719802 ], [ -79.624070082907835, -3.510830229838025 ] ], [ [ -79.623971862894052, -3.511224929134118 ], [ -79.623890587566279, -3.51143299943392 ], [ -79.624005410809389, -3.511083791645611 ], [ -79.623971862894052, -3.511224929134118 ] ], [ [ -79.623744852771424, -3.511748658421213 ], [ -79.623670879070687, -3.511849054538107 ], [ -79.623773550765407, -3.511667339555228 ], [ -79.623744852771424, -3.511748658421213 ] ], [ [ -79.623356349930887, -3.511965846813973 ], [ -79.623356349930887, -3.511965846813956 ], [ -79.623403983642504, -3.511963524134289 ], [ -79.623356349930887, -3.511965846813973 ] ], [ [ -79.623211241546727, -3.511933035367839 ], [ -79.623211241546741, -3.511933035367842 ], [ -79.623210945099316, -3.512052427757819 ], [ -79.623211241546727, -3.511933035367839 ] ], [ [ -79.623036645838795, -3.512573546623694 ], [ -79.623036645838781, -3.512573546623677 ], [ -79.623061599002668, -3.512546642202394 ], [ -79.623036645838795, -3.512573546623694 ] ], [ [ -79.622800463566321, -3.512798906364183 ], [ -79.622800463566307, -3.512798906364167 ], [ -79.62288012340683, -3.512697242640769 ], [ -79.622800463566321, -3.512798906364183 ] ], [ [ -79.622756267401442, -3.512903067260238 ], [ -79.62275935519807, -3.513006503145855 ], [ -79.622758272373076, -3.512854251479492 ], [ -79.622756267401442, -3.512903067260238 ] ], [ [ -79.622649018390092, -3.513151045059391 ], [ -79.622720320340676, -3.513073705562089 ], [ -79.622678877825066, -3.513104004322069 ], [ -79.622649018390092, -3.513151045059391 ] ], [ [ -79.622635708109243, -3.513192560675996 ], [ -79.62262881028802, -3.513240705353315 ], [ -79.622649018390092, -3.513151045059391 ], [ -79.622635708109243, -3.513192560675996 ] ], [ [ -79.622628770917743, -3.513300701061515 ], [ -79.622644239769883, -3.513424823445979 ], [ -79.62262881028802, -3.513240705353315 ], [ -79.622628770917743, -3.513300701061515 ] ], [ [ -79.622655405677136, -3.513482372061086 ], [ -79.622651347069052, -3.513535210442665 ], [ -79.622644239769883, -3.513424823445979 ], [ -79.622655405677136, -3.513482372061086 ] ], [ [ -79.622567331909508, -3.51377164219364 ], [ -79.622567331909494, -3.51377164219364 ], [ -79.622634852694176, -3.513577027946131 ], [ -79.622567331909508, -3.51377164219364 ] ], [ [ -79.622328309868251, -3.51411261329515 ], [ -79.622328309868237, -3.51411261329515 ], [ -79.622345103016201, -3.514063493833368 ], [ -79.622328309868251, -3.51411261329515 ] ], [ [ -79.62228630669469, -3.514225009545261 ], [ -79.62226673898077, -3.514335791142656 ], [ -79.622259720305678, -3.514359527614492 ], [ -79.622272361064248, -3.514267025259795 ], [ -79.62228630669469, -3.514225009545261 ] ], [ [ -79.622243027302375, -3.514390686930871 ], [ -79.622160909383737, -3.514563267304709 ], [ -79.622121354287927, -3.51461932080425 ], [ -79.622160909383723, -3.514563267304709 ], [ -79.622204110440578, -3.514457134257178 ], [ -79.622243027302375, -3.514390686930871 ] ], [ [ -79.622096656073154, -3.514643555650009 ], [ -79.622078293705272, -3.514659157998176 ], [ -79.622121354287927, -3.51461932080425 ], [ -79.622096656073154, -3.514643555650009 ] ], [ [ -79.622049439400854, -3.514676265155988 ], [ -79.622023251188807, -3.51467926163777 ], [ -79.622078293705272, -3.514659157998176 ], [ -79.622049439400854, -3.514676265155988 ] ], [ [ -79.621901551379878, -3.514618842257674 ], [ -79.621901551379878, -3.514618842257657 ], [ -79.621906357041254, -3.514619424600237 ], [ -79.621901551379878, -3.514618842257674 ] ], [ [ -79.621878662397918, -3.514661446153435 ], [ -79.621878662397904, -3.514661446153435 ], [ -79.621876186663997, -3.514629875867796 ], [ -79.621878662397918, -3.514661446153435 ] ], [ [ -79.621304627719027, -3.5152240595398 ], [ -79.621304627719027, -3.515224059539783 ], [ -79.621448401401665, -3.515120273474811 ], [ -79.621304627719027, -3.5152240595398 ] ], [ [ -79.619954812110507, -3.515440146205691 ], [ -79.619954812110493, -3.515440146205691 ], [ -79.620092861903174, -3.515430241331113 ], [ -79.619954812110507, -3.515440146205691 ] ], [ [ -79.619430395442464, -3.515569682238242 ], [ -79.61943039544245, -3.515569682238242 ], [ -79.619439068779187, -3.515566441456569 ], [ -79.619430395442464, -3.515569682238242 ] ], [ [ -79.619232445792974, -3.515725995669326 ], [ -79.619196961903697, -3.515786147568623 ], [ -79.619237422195411, -3.515719983978421 ], [ -79.619232445792974, -3.515725995669326 ] ], [ [ -79.61901918862317, -3.516064893456265 ], [ -79.618930232492289, -3.516137380163002 ], [ -79.61908406519585, -3.515982722456686 ], [ -79.61901918862317, -3.516064893456265 ] ], [ [ -79.618787625313772, -3.516277655001348 ], [ -79.61866236024369, -3.516326215163864 ], [ -79.618818826717828, -3.516255338314976 ], [ -79.618787625313772, -3.516277655001348 ] ], [ [ -79.618367747768744, -3.516392195340963 ], [ -79.618367747768744, -3.516392195340946 ], [ -79.618432764442133, -3.516386716143461 ], [ -79.618367747768744, -3.516392195340963 ] ], [ [ -79.618232033477057, -3.516358211169319 ], [ -79.618232033477057, -3.516358211169302 ], [ -79.618261576436581, -3.516379623252341 ], [ -79.618232033477057, -3.516358211169319 ] ], [ [ -79.618155192248963, -3.516330671775033 ], [ -79.618155192248949, -3.516330671775016 ], [ -79.618183809898412, -3.516330081214602 ], [ -79.618155192248963, -3.516330671775033 ] ], [ [ -79.618077903452246, -3.516404146166752 ], [ -79.617995499361086, -3.516516148171452 ], [ -79.618118177963652, -3.516355664358491 ], [ -79.618077903452246, -3.516404146166752 ] ], [ [ -79.61774295561662, -3.516690268731552 ], [ -79.617608601321322, -3.516760812836512 ], [ -79.617845501455022, -3.516625776801723 ], [ -79.61774295561662, -3.516690268731552 ] ], [ [ -79.617441510814103, -3.516822577713933 ], [ -79.617059522691875, -3.51696152283436 ], [ -79.616995569541629, -3.516995351169828 ], [ -79.617441510814103, -3.516822577713933 ] ], [ [ -79.616995569541629, -3.516995351169828 ], [ -79.616919359284935, -3.517075303662395 ], [ -79.616886620456697, -3.517102507336983 ], [ -79.616949645100206, -3.517034222320127 ], [ -79.616995569541629, -3.516995351169828 ] ], [ [ -79.616886620456697, -3.517102507336983 ], [ -79.616846026362325, -3.517156655967426 ], [ -79.616809980545625, -3.517256534109535 ], [ -79.616886620456697, -3.517102507336983 ] ], [ [ -79.616756056788816, -3.517304040626235 ], [ -79.616756056788802, -3.517304040626235 ], [ -79.616788348484974, -3.517288298184296 ], [ -79.616756056788816, -3.517304040626235 ] ], [ [ -79.616389628533241, -3.517457565373676 ], [ -79.61628820274133, -3.517465588614713 ], [ -79.616497342107365, -3.517407629173701 ], [ -79.616389628533241, -3.517457565373676 ] ], [ [ -79.615256662393094, -3.517481660360725 ], [ -79.61525666239308, -3.517481660360725 ], [ -79.615545435509276, -3.51744172941711 ], [ -79.615256662393094, -3.517481660360725 ] ], [ [ -79.614909748122031, -3.517515096631361 ], [ -79.614909748122017, -3.517515096631344 ], [ -79.614968731176972, -3.517514681686527 ], [ -79.614909748122031, -3.517515096631361 ] ], [ [ -79.614165755955895, -3.517484149175985 ], [ -79.614165755955881, -3.517484149175985 ], [ -79.614225235071956, -3.517471460055695 ], [ -79.614165755955895, -3.517484149175985 ] ], [ [ -79.613681627753664, -3.517486969675494 ], [ -79.613681627753664, -3.517486969675476 ], [ -79.613729650446743, -3.517477930067108 ], [ -79.613681627753664, -3.517486969675494 ] ], [ [ -79.613531309300015, -3.517555576330421 ], [ -79.613514567462616, -3.517565683615652 ], [ -79.613638547723781, -3.517504378134501 ], [ -79.613531309300015, -3.517555576330421 ] ], [ [ -79.613456406051711, -3.517604863760648 ], [ -79.613456406051696, -3.517604863760648 ], [ -79.613466752760615, -3.517597004747319 ], [ -79.613456406051711, -3.517604863760648 ] ], [ [ -79.613337051753106, -3.517635738432559 ], [ -79.613234678060451, -3.517637796984453 ], [ -79.61338167731104, -3.517631689861724 ], [ -79.613337051753106, -3.517635738432559 ] ], [ [ -79.612867527410259, -3.517691106078423 ], [ -79.612867527410245, -3.517691106078423 ], [ -79.612869767282135, -3.517679006583213 ], [ -79.612867527410259, -3.517691106078423 ] ], [ [ -79.612851913926548, -3.517773565182517 ], [ -79.612851913926534, -3.517773565182517 ], [ -79.612858210236581, -3.517755819672782 ], [ -79.612851913926548, -3.517773565182517 ] ], [ [ -79.612630969246041, -3.518462976073157 ], [ -79.612630969246027, -3.51846297607314 ], [ -79.612674498106884, -3.518293073854536 ], [ -79.612630969246041, -3.518462976073157 ] ], [ [ -79.612581538565991, -3.519007567564104 ], [ -79.6124999533519, -3.519124026989743 ], [ -79.612617917700121, -3.518904213301008 ], [ -79.612581538565991, -3.519007567564104 ] ], [ [ -79.612363503398228, -3.519347046915535 ], [ -79.612325643736511, -3.519440547509766 ], [ -79.612351841319963, -3.51937104758799 ], [ -79.612363503398228, -3.519347046915535 ] ], [ [ -79.612265629925133, -3.519583939640777 ], [ -79.612265629925119, -3.519583939640777 ], [ -79.612283171190612, -3.51953031313744 ], [ -79.612265629925133, -3.519583939640777 ] ], [ [ -79.612294129945582, -3.520083661018938 ], [ -79.612232637762304, -3.520373196273062 ], [ -79.6122974599798, -3.519931252922127 ], [ -79.612294129945582, -3.520083661018938 ] ], [ [ -79.612168907258351, -3.520725754405131 ], [ -79.612168907258337, -3.520725754405114 ], [ -79.612171048772922, -3.520707395829106 ], [ -79.612168907258351, -3.520725754405131 ] ], [ [ -79.611899902791507, -3.521467822929236 ], [ -79.611867728605546, -3.521540221608526 ], [ -79.611976411571945, -3.521291365115324 ], [ -79.611899902791507, -3.521467822929236 ] ], [ [ -79.611867728605546, -3.521540221608526 ], [ -79.611807989511107, -3.521668690004713 ], [ -79.61175468371016, -3.521757463458639 ], [ -79.611867728605546, -3.521540221608526 ] ], [ [ -79.611244973531697, -3.52248557414731 ], [ -79.611030445099544, -3.522711053406173 ], [ -79.6112631209227, -3.522467039658744 ], [ -79.611244973531697, -3.52248557414731 ] ], [ [ -79.610670157064575, -3.523061504792839 ], [ -79.610670157064575, -3.523061504792839 ], [ -79.610744802069831, -3.52298343843109 ], [ -79.610670157064575, -3.523061504792839 ] ], [ [ -79.609920397534026, -3.52352380673525 ], [ -79.610167943884321, -3.523399019767493 ], [ -79.610043368456232, -3.523464323876766 ], [ -79.609920397534026, -3.52352380673525 ] ], [ [ -79.609737616796593, -3.523625410860955 ], [ -79.609836983090489, -3.523570107079327 ], [ -79.609775600418217, -3.523604271313843 ], [ -79.609737616796593, -3.523625410860955 ] ], [ [ -79.608923863972095, -3.524014595359961 ], [ -79.60892386397208, -3.524014595359961 ], [ -79.609016578776135, -3.523950413110011 ], [ -79.608923863972095, -3.524014595359961 ] ], [ [ -79.608689154502741, -3.524385413466486 ], [ -79.608689154502727, -3.524385413466486 ], [ -79.608720249195173, -3.524227436198351 ], [ -79.608689154502741, -3.524385413466486 ] ], [ [ -79.608648015121901, -3.524664221143796 ], [ -79.608648015121886, -3.524664221143796 ], [ -79.608667331412562, -3.524570257182071 ], [ -79.608648015121901, -3.524664221143796 ] ], [ [ -79.608402442818132, -3.525047191875979 ], [ -79.608402442818118, -3.525047191875979 ], [ -79.608520730834357, -3.524908332205563 ], [ -79.608402442818132, -3.525047191875979 ] ], [ [ -79.608342283437906, -3.525121797588031 ], [ -79.608324756471674, -3.525146336406385 ], [ -79.608366533213001, -3.525085980554255 ], [ -79.608342283437906, -3.525121797588031 ] ], [ [ -79.608265007767983, -3.52533561465598 ], [ -79.608265007767983, -3.525335614655964 ], [ -79.608277221370344, -3.525239270455243 ], [ -79.608265007767983, -3.52533561465598 ] ], [ [ -79.60785977502114, -3.525816585515408 ], [ -79.60785977502114, -3.525816585515408 ], [ -79.607869456940918, -3.525808434859119 ], [ -79.60785977502114, -3.525816585515408 ] ], [ [ -79.607829926343797, -3.525902173045314 ], [ -79.60782460062444, -3.525918386906986 ], [ -79.607852804317204, -3.525832530100428 ], [ -79.607829926343797, -3.525902173045314 ] ], [ [ -79.607712610970111, -3.526211125650254 ], [ -79.607712610970097, -3.526211125650254 ], [ -79.607723371029394, -3.526186161451791 ], [ -79.607712610970111, -3.526211125650254 ] ], [ [ -79.607705447302052, -3.526226690081378 ], [ -79.607672167393645, -3.526268113639682 ], [ -79.607652613139791, -3.52628171131503 ], [ -79.607705447302052, -3.526226690081378 ] ], [ [ -79.607587893530706, -3.526308627611764 ], [ -79.607587893530692, -3.526308627611764 ], [ -79.607597640065919, -3.52630469227381 ], [ -79.607587893530706, -3.526308627611764 ] ], [ [ -79.60735335631459, -3.526273703414322 ], [ -79.607353356314576, -3.526273703414322 ], [ -79.607388213527642, -3.526271989434022 ], [ -79.60735335631459, -3.526273703414322 ] ], [ [ -79.606429107386788, -3.526223964386217 ], [ -79.606429107386774, -3.526223964386217 ], [ -79.606481837308991, -3.526194847767494 ], [ -79.606429107386788, -3.526223964386217 ] ], [ [ -79.60607647749471, -3.526380267660783 ], [ -79.605932283639291, -3.526437822132328 ], [ -79.606276049235277, -3.5262936873645 ], [ -79.60607647749471, -3.526380267660783 ] ], [ [ -79.605846464400514, -3.526510268988318 ], [ -79.605846464400514, -3.526510268988318 ], [ -79.605860231907315, -3.526487010588318 ], [ -79.605846464400514, -3.526510268988318 ] ], [ [ -79.605843538497368, -3.526536027259196 ], [ -79.605863995785029, -3.526588743758589 ], [ -79.605877444098724, -3.526617817878793 ], [ -79.605843538497368, -3.526536027259196 ] ], [ [ -79.605918805793792, -3.52671555576168 ], [ -79.605918805793777, -3.52671555576168 ], [ -79.605897878306749, -3.526661860865796 ], [ -79.605918805793792, -3.52671555576168 ] ], [ [ -79.605909001707303, -3.526924097920916 ], [ -79.605909001707289, -3.526924097920916 ], [ -79.605923898640498, -3.526817193563475 ], [ -79.605909001707303, -3.526924097920916 ] ], [ [ -79.605882940406545, -3.528150642273511 ], [ -79.605882940406531, -3.528150642273494 ], [ -79.605877904880629, -3.528129003241312 ], [ -79.605882940406545, -3.528150642273511 ] ], [ [ -79.605812305005941, -3.528372705432983 ], [ -79.60571280583089, -3.528571282318195 ], [ -79.605844466237528, -3.528318007820813 ], [ -79.605812305005941, -3.528372705432983 ] ], [ [ -79.605696044728859, -3.528662625252569 ], [ -79.605658311915661, -3.529013063751469 ], [ -79.605641704186738, -3.529124671552455 ], [ -79.605658311915647, -3.529013063751469 ], [ -79.605676119089338, -3.528804521020157 ], [ -79.605683177668638, -3.528752024097407 ], [ -79.605696044728859, -3.528662625252569 ] ], [ [ -79.605599891890279, -3.529382834917731 ], [ -79.605602408297173, -3.529654618798697 ], [ -79.605605573041359, -3.52933596418907 ], [ -79.605599891890279, -3.529382834917731 ] ], [ [ -79.605575065896389, -3.529893540497918 ], [ -79.605575065896375, -3.529893540497918 ], [ -79.605579397518667, -3.529861948071669 ], [ -79.605575065896389, -3.529893540497918 ] ], [ [ -79.605513405460897, -3.530085786272734 ], [ -79.605513405460883, -3.530085786272734 ], [ -79.605515735569838, -3.530044931287176 ], [ -79.605513405460897, -3.530085786272734 ] ], [ [ -79.605509509848048, -3.530202212102001 ], [ -79.605509509848048, -3.530202212101986 ], [ -79.605512000787911, -3.530141639897387 ], [ -79.605509509848048, -3.530202212102001 ] ], [ [ -79.605511774259455, -3.530326073477026 ], [ -79.605509923643822, -3.530262115786016 ], [ -79.605511774259455, -3.53032607347702 ], [ -79.605511774259455, -3.530326073477026 ] ], [ [ -79.605510184710965, -3.530365266332078 ], [ -79.605510184710951, -3.530365266332078 ], [ -79.605511703057871, -3.530327829065648 ], [ -79.605510184710965, -3.530365266332078 ] ], [ [ -79.605501164231185, -3.530407850457091 ], [ -79.60548129851945, -3.530476885462254 ], [ -79.605463869521444, -3.530525922684448 ], [ -79.605501164231185, -3.530407850457091 ] ], [ [ -79.605442580149543, -3.530569408130595 ], [ -79.605424151851025, -3.530596612977598 ], [ -79.605463869521444, -3.530525922684448 ], [ -79.605442580149543, -3.530569408130595 ] ], [ [ -79.605264823018075, -3.53079906250927 ], [ -79.605264823018061, -3.53079906250927 ], [ -79.605338915112156, -3.530706480943802 ], [ -79.605264823018075, -3.53079906250927 ] ], [ [ -79.605248611055842, -3.530799166512289 ], [ -79.605501270990374, -3.53132565271744 ], [ -79.605593943867305, -3.531464585141625 ], [ -79.605248611055842, -3.530799166512289 ] ], [ [ -79.605567475827741, -3.531646411510751 ], [ -79.605486481874365, -3.531660647288189 ], [ -79.605619906622408, -3.531621364557177 ], [ -79.605567475827741, -3.531646411510751 ] ], [ [ -79.605370950944817, -3.531678420693407 ], [ -79.60533394657007, -3.53173938585931 ], [ -79.605400730824584, -3.531671286209914 ], [ -79.605370950944817, -3.531678420693407 ] ], [ [ -79.605318168314696, -3.531939174894173 ], [ -79.605303739836316, -3.532032479380495 ], [ -79.60533394657007, -3.53173938585931 ], [ -79.605318168314696, -3.531939174894173 ] ], [ [ -79.605303739836316, -3.532032479380495 ], [ -79.605265425809776, -3.532172410075247 ], [ -79.605247536442832, -3.532191527162075 ], [ -79.605226087948381, -3.532201066406282 ], [ -79.605303739836316, -3.532032479380495 ] ], [ [ -79.605001943200804, -3.532388577525205 ], [ -79.60500194320079, -3.532388577525205 ], [ -79.605104479495083, -3.53230138867972 ], [ -79.605001943200804, -3.532388577525205 ] ], [ [ -79.604907707028559, -3.532499708247337 ], [ -79.604907707028545, -3.532499708247337 ], [ -79.60490059236723, -3.532479357817475 ], [ -79.604907707028559, -3.532499708247337 ] ], [ [ -79.60494734051332, -3.533070492525036 ], [ -79.604901251505936, -3.533154176760879 ], [ -79.604962999235227, -3.532950867421243 ], [ -79.60494734051332, -3.533070492525036 ] ], [ [ -79.604828607350925, -3.533318704019087 ], [ -79.60482860735091, -3.533318704019087 ], [ -79.604861107394996, -3.533244092427597 ], [ -79.604828607350925, -3.533318704019087 ] ], [ [ -79.604456921423179, -3.5340666648885 ], [ -79.604596707388836, -3.534256395978788 ], [ -79.604566243636725, -3.534219980384541 ], [ -79.604456921423179, -3.5340666648885 ] ], [ [ -79.604706992640004, -3.534379085516524 ], [ -79.60470699263999, -3.534379085516524 ], [ -79.604682282510154, -3.534340761048461 ], [ -79.604706992640004, -3.534379085516524 ] ], [ [ -79.604749688592108, -3.534494013303173 ], [ -79.604763934352164, -3.534523707298769 ], [ -79.604729766674851, -3.534438465784849 ], [ -79.604749688592108, -3.534494013303173 ] ], [ [ -79.604821035112593, -3.534746818375332 ], [ -79.604811798476717, -3.534951403433836 ], [ -79.604820552788425, -3.534671438927242 ], [ -79.604821035112593, -3.534746818375332 ] ], [ [ -79.604799835517198, -3.534988476914966 ], [ -79.604786695125625, -3.535016574875681 ], [ -79.604811798476717, -3.534951403433836 ], [ -79.604799835517198, -3.534988476914966 ] ], [ [ -79.604752219796367, -3.535058279428498 ], [ -79.604752219796353, -3.535058279428481 ], [ -79.604774759882616, -3.535035102179448 ], [ -79.604752219796367, -3.535058279428498 ] ], [ [ -79.604155222609904, -3.535737461641789 ], [ -79.60415522260989, -3.535737461641789 ], [ -79.604237035925919, -3.535642564433501 ], [ -79.604155222609904, -3.535737461641789 ] ], [ [ -79.603818632813272, -3.535868566682625 ], [ -79.603818632813258, -3.535868566682625 ], [ -79.603916884946699, -3.535859741334768 ], [ -79.603818632813272, -3.535868566682625 ] ], [ [ -79.603285707474896, -3.536302683982015 ], [ -79.603285707474882, -3.536302683981998 ], [ -79.603335836596727, -3.53622498794466 ], [ -79.603285707474896, -3.536302683982015 ] ], [ [ -79.603249806674256, -3.536421081793092 ], [ -79.603219949628041, -3.536479664423215 ], [ -79.603258189142821, -3.536389985746848 ], [ -79.603249806674256, -3.536421081793092 ] ], [ [ -79.603134087120964, -3.536564484884329 ], [ -79.602705033270681, -3.536815099078203 ], [ -79.602792090261715, -3.53672788646684 ], [ -79.603134087120964, -3.536564484884329 ] ], [ [ -79.602565469836492, -3.536977610018057 ], [ -79.602514112122066, -3.537080430025714 ], [ -79.602634636427354, -3.536909514407116 ], [ -79.602565469836492, -3.536977610018057 ] ], [ [ -79.602512661402216, -3.537253917913517 ], [ -79.602495791532391, -3.537386702215646 ], [ -79.602479836775018, -3.537421300565434 ], [ -79.602512661402216, -3.537253917913517 ] ], [ [ -79.602369272559457, -3.537585127739193 ], [ -79.602226172243363, -3.537723702950113 ], [ -79.602426551393975, -3.537503852951395 ], [ -79.602369272559457, -3.537585127739193 ] ], [ [ -79.602182043764699, -3.537770299236146 ], [ -79.601905265707259, -3.538115664858239 ], [ -79.602226172243363, -3.537723702950113 ], [ -79.602182043764699, -3.537770299236146 ] ], [ [ -79.601690855363515, -3.538163199036979 ], [ -79.601690855363515, -3.538163199036963 ], [ -79.601732542999557, -3.538156083694408 ], [ -79.601690855363515, -3.538163199036979 ] ], [ [ -79.601640806696963, -3.538187053529126 ], [ -79.601500077114153, -3.538332811480685 ], [ -79.601421220285388, -3.538509771763224 ], [ -79.601640806696963, -3.538187053529126 ] ], [ [ -79.601349497721159, -3.538693922174803 ], [ -79.601349497721145, -3.538693922174803 ], [ -79.601354340061746, -3.538641283688573 ], [ -79.601349497721159, -3.538693922174803 ] ], [ [ -79.601396694564727, -3.538983542482715 ], [ -79.601341462487838, -3.539287366365557 ], [ -79.601286626135618, -3.539327963555499 ], [ -79.601396694564727, -3.538983542482715 ] ], [ [ -79.601123427802833, -3.540162862781846 ], [ -79.601123427802818, -3.540162862781846 ], [ -79.601156837954647, -3.540117446933206 ], [ -79.601123427802833, -3.540162862781846 ] ], [ [ -79.600673658277813, -3.540885335865358 ], [ -79.600673658277799, -3.540885335865358 ], [ -79.60070010809649, -3.540876148806058 ], [ -79.600673658277813, -3.540885335865358 ] ], [ [ -79.600647657316912, -3.541071947604409 ], [ -79.600720313183515, -3.541218508025008 ], [ -79.600721683451894, -3.541257275660142 ], [ -79.600647657316912, -3.541071947604409 ] ], [ [ -79.740106863223076, -3.464072329912333 ], [ -79.740135337268939, -3.464150861390358 ], [ -79.740106992341566, -3.463974690605136 ], [ -79.740106863223076, -3.464072329912333 ] ], [ [ -79.740044460337685, -3.463718065935721 ], [ -79.740084370574195, -3.463792784923123 ], [ -79.739996903099822, -3.463662961231462 ], [ -79.740044460337685, -3.463718065935721 ] ], [ [ -79.739885093672854, -3.463571873741722 ], [ -79.73998038757108, -3.4636495065694 ], [ -79.739792386190061, -3.463442522424776 ], [ -79.739885093672854, -3.463571873741722 ] ], [ [ -79.739490341712823, -3.463135801682234 ], [ -79.73890778268796, -3.462900499185195 ], [ -79.739364205508792, -3.463073412255409 ], [ -79.739490341712823, -3.463135801682234 ] ], [ [ -79.738648906703617, -3.462816393957111 ], [ -79.738036434598257, -3.462241230218873 ], [ -79.737992027712707, -3.462055704736729 ], [ -79.738648906703617, -3.462816393957111 ] ], [ [ -79.738028509736665, -3.461481408473944 ], [ -79.737975354305021, -3.461158268407037 ], [ -79.738019796842636, -3.46131687120414 ], [ -79.738028509736665, -3.461481408473944 ] ], [ [ -79.73771467777452, -3.460635625051559 ], [ -79.737743150963965, -3.460714634965687 ], [ -79.737515698132086, -3.460430349015799 ], [ -79.73771467777452, -3.460635625051559 ] ], [ [ -79.737358799539578, -3.460219546780034 ], [ -79.73726745776105, -3.460095015652269 ], [ -79.737515698132086, -3.460430349015799 ], [ -79.737358799539578, -3.460219546780034 ] ], [ [ -79.737078209500581, -3.459898495080142 ], [ -79.73712436672848, -3.459936032426079 ], [ -79.737039522043176, -3.459823489594071 ], [ -79.737078209500581, -3.459898495080142 ] ], [ [ -79.737242321450665, -3.459131809663505 ], [ -79.737293936738766, -3.458845817375614 ], [ -79.737303278638436, -3.458984630262382 ], [ -79.737242321450665, -3.459131809663505 ] ], [ [ -79.737194104065608, -3.458702097967413 ], [ -79.736656942858929, -3.457906869749358 ], [ -79.736476248449875, -3.457681676273191 ], [ -79.737194104065608, -3.458702097967413 ] ], [ [ -79.736244264577977, -3.45749801028242 ], [ -79.735590721167313, -3.45739331941643 ], [ -79.735943166129658, -3.457403362862558 ], [ -79.736244264577977, -3.45749801028242 ] ], [ [ -79.732967110176247, -3.456810676065863 ], [ -79.732967110176261, -3.456810676065863 ], [ -79.733233701219518, -3.456911543338035 ], [ -79.732967110176247, -3.456810676065863 ] ], [ [ -79.731671802361873, -3.456650995051008 ], [ -79.73186726269337, -3.456600206861435 ], [ -79.73149084254041, -3.456626820739133 ], [ -79.731671802361873, -3.456650995051008 ] ], [ [ -79.730779103971742, -3.456385359866765 ], [ -79.730779103971727, -3.456385359866766 ], [ -79.730654101444514, -3.456367243640677 ], [ -79.730779103971742, -3.456385359866765 ] ], [ [ -79.730336418964342, -3.456183744786374 ], [ -79.730336418964356, -3.456183744786374 ], [ -79.730422061688301, -3.456252063622463 ], [ -79.730336418964342, -3.456183744786374 ] ], [ [ -79.729700339070945, -3.456355194143495 ], [ -79.729700339070959, -3.456355194143478 ], [ -79.729843303871732, -3.456297951048886 ], [ -79.729700339070945, -3.456355194143495 ] ], [ [ -79.729218131362089, -3.456325828207874 ], [ -79.729384750416003, -3.456388871589619 ], [ -79.729143850415227, -3.456221030766485 ], [ -79.729218131362089, -3.456325828207874 ] ], [ [ -79.729143850415227, -3.456221030766485 ], [ -79.729108502333503, -3.455939794355491 ], [ -79.729049144916516, -3.455805103243835 ], [ -79.729143850415227, -3.456221030766485 ] ], [ [ -79.728954022330868, -3.455703267997625 ], [ -79.728751784675964, -3.455562401747666 ], [ -79.729049144916516, -3.455805103243835 ], [ -79.728954022330868, -3.455703267997625 ] ], [ [ -79.728421588187956, -3.455388458632283 ], [ -79.72856149095152, -3.455394629810859 ], [ -79.728374006585994, -3.455352498736894 ], [ -79.728421588187956, -3.455388458632283 ] ], [ [ -79.72825522431161, -3.455133968767715 ], [ -79.728314617434776, -3.455241738203932 ], [ -79.728180939560389, -3.455032162417256 ], [ -79.72825522431161, -3.455133968767715 ] ], [ [ -79.72791925424832, -3.45482540561179 ], [ -79.727919254248334, -3.45482540561179 ], [ -79.728035222276745, -3.454921285813975 ], [ -79.72791925424832, -3.45482540561179 ] ], [ [ -79.72700531387899, -3.454866055216876 ], [ -79.727130288971964, -3.454905111297823 ], [ -79.726916069002002, -3.454821065008896 ], [ -79.72700531387899, -3.454866055216876 ] ], [ [ -79.726618283110639, -3.45489844002974 ], [ -79.726686244693838, -3.454844672619333 ], [ -79.726559217062345, -3.454945075480593 ], [ -79.726618283110639, -3.45489844002974 ] ], [ [ -79.726098270665119, -3.455181679897437 ], [ -79.726335734667501, -3.455072985112601 ], [ -79.725886177946123, -3.455289083722701 ], [ -79.726098270665119, -3.455181679897437 ] ], [ [ -79.724849279307577, -3.456010400409046 ], [ -79.724925490072764, -3.455980205001345 ], [ -79.72483736899737, -3.456012777588559 ], [ -79.724849279307577, -3.456010400409046 ] ], [ [ -79.723484193749698, -3.456390257613559 ], [ -79.723584105291437, -3.456472953777676 ], [ -79.72332000356505, -3.456293115235378 ], [ -79.723484193749698, -3.456390257613559 ] ], [ [ -79.722716472440823, -3.456166663379912 ], [ -79.722930735856778, -3.456217207134971 ], [ -79.722623657816101, -3.456119872595733 ], [ -79.722716472440823, -3.456166663379912 ] ], [ [ -79.722141422047528, -3.456112041362205 ], [ -79.722141422047514, -3.456112041362206 ], [ -79.721966481291901, -3.456040012370603 ], [ -79.722141422047528, -3.456112041362205 ] ], [ [ -79.720937899919235, -3.455884267069061 ], [ -79.72103778135812, -3.455988501578924 ], [ -79.720873811898656, -3.455726236783238 ], [ -79.720937899919235, -3.455884267069061 ] ], [ [ -79.720731184639533, -3.455532203548711 ], [ -79.720798940289654, -3.455618446245733 ], [ -79.720693483315628, -3.455500292651479 ], [ -79.720731184639533, -3.455532203548711 ] ], [ [ -79.720248993726287, -3.455492065565483 ], [ -79.720391914233971, -3.455467131773432 ], [ -79.720165051066076, -3.455447679809119 ], [ -79.720248993726287, -3.455492065565483 ] ], [ [ -79.71953149714551, -3.455109397099215 ], [ -79.719855169114524, -3.455262992263933 ], [ -79.719388764408819, -3.454994334959009 ], [ -79.71953149714551, -3.455109397099215 ] ], [ [ -79.719036425461482, -3.454907706908382 ], [ -79.719036425461496, -3.454907706908382 ], [ -79.719112561397111, -3.45496045843836 ], [ -79.719036425461482, -3.454907706908382 ] ], [ [ -79.718894026589624, -3.454543765134648 ], [ -79.718860852952915, -3.454419279287655 ], [ -79.718903353097716, -3.454692149220859 ], [ -79.718894026589624, -3.454543765134648 ] ], [ [ -79.718761211017721, -3.454136759954975 ], [ -79.718822929869035, -3.454285214980276 ], [ -79.718642440262059, -3.45391164872034 ], [ -79.718761211017721, -3.454136759954975 ] ], [ [ -79.718613946398605, -3.453849389677795 ], [ -79.718499372318718, -3.453655370717417 ], [ -79.718642440262059, -3.45391164872034 ], [ -79.718613946398605, -3.453849389677795 ] ], [ [ -79.718338384831412, -3.453336896191146 ], [ -79.718490360733455, -3.453638711343546 ], [ -79.718310162188416, -3.453295524736083 ], [ -79.718338384831412, -3.453336896191146 ] ], [ [ -79.717686852172562, -3.452603728705592 ], [ -79.717596671862324, -3.452369084198378 ], [ -79.717686852172577, -3.452603728705592 ], [ -79.718038914011913, -3.452896162820775 ], [ -79.718172623925, -3.453093109040978 ], [ -79.717686852172562, -3.452603728705592 ] ], [ [ -79.717591927950096, -3.452354719279806 ], [ -79.717578075914901, -3.452029240755738 ], [ -79.717596671862324, -3.452369084198378 ], [ -79.717591927950096, -3.452354719279806 ] ], [ [ -79.71750587700231, -3.45170487982129 ], [ -79.717565212420368, -3.451854528192533 ], [ -79.717413242407702, -3.451680142760078 ], [ -79.71750587700231, -3.45170487982129 ] ], [ [ -79.716380077894371, -3.450909355794801 ], [ -79.717002485325935, -3.451570456327701 ], [ -79.715918019315538, -3.450230383118307 ], [ -79.716380077894371, -3.450909355794801 ] ], [ [ -79.713068306343985, -3.442610951435272 ], [ -79.712265466734252, -3.440592914883846 ], [ -79.712814729362648, -3.441679012136937 ], [ -79.712992349428092, -3.442203840355875 ], [ -79.713068306343985, -3.442610951435272 ] ], [ [ -79.712265466734252, -3.440592914883846 ], [ -79.711884979036654, -3.438656851844766 ], [ -79.711684248916043, -3.438168170435671 ], [ -79.712265466734252, -3.440592914883846 ] ], [ [ -79.710425824512612, -3.434847093702192 ], [ -79.71117510617988, -3.436530405917953 ], [ -79.710108080384799, -3.433526150002806 ], [ -79.710425824512612, -3.434847093702192 ] ], [ [ -79.71000236454681, -3.432657724954264 ], [ -79.709751940461743, -3.431472542276045 ], [ -79.710108080384799, -3.433526150002806 ], [ -79.71000236454681, -3.432657724954264 ] ], [ [ -79.709374949150089, -3.430287188290727 ], [ -79.709195389599969, -3.429952294981038 ], [ -79.709751940461743, -3.431472542276045 ], [ -79.709374949150089, -3.430287188290727 ] ], [ [ -79.701286016800566, -3.429138622419651 ], [ -79.701582944560727, -3.429689433858858 ], [ -79.701227047654569, -3.428719754147029 ], [ -79.701286016800566, -3.429138622419651 ] ], [ [ -79.701326577908361, -3.427045784472358 ], [ -79.701293884722162, -3.427932008687512 ], [ -79.701264308740832, -3.426507608064735 ], [ -79.701326577908361, -3.427045784472358 ] ], [ [ -79.701488118044054, -3.424039022561989 ], [ -79.701235457259983, -3.424545117704032 ], [ -79.701962158435549, -3.422868526511781 ], [ -79.701488118044054, -3.424039022561989 ] ], [ [ -79.702689280935317, -3.420875408779559 ], [ -79.702088743046616, -3.422425564045063 ], [ -79.702658549360507, -3.420305623248153 ], [ -79.702689280935317, -3.420875408779559 ] ], [ [ -79.704394942156668, -3.417300992637339 ], [ -79.703574312148959, -3.418565979589421 ], [ -79.704890999431711, -3.416161568960576 ], [ -79.704394942156668, -3.417300992637339 ] ], [ [ -79.707960273448379, -3.412716198413662 ], [ -79.708087813759136, -3.412642406670927 ], [ -79.704890999431711, -3.416161568960576 ], [ -79.707960273448379, -3.412716198413662 ] ], [ [ -79.709336557113119, -3.410220290549518 ], [ -79.709621406669498, -3.410902702319585 ], [ -79.70917062975407, -3.409645727879971 ], [ -79.709336557113119, -3.410220290549518 ] ], [ [ -79.709274243212079, -3.409175041152182 ], [ -79.709538148143452, -3.408464494886172 ], [ -79.70917062975407, -3.409645727879971 ], [ -79.709274243212079, -3.409175041152182 ] ], [ [ -79.710705668292746, -3.405536130702152 ], [ -79.710705668292761, -3.405536130702152 ], [ -79.710609582246377, -3.405824420001079 ], [ -79.710705668292746, -3.405536130702152 ] ], [ [ -79.711781853344547, -3.40224030973261 ], [ -79.711966121694275, -3.402625788164589 ], [ -79.711573968179337, -3.402050921458053 ], [ -79.711781853344547, -3.40224030973261 ] ], [ [ -79.71093171308884, -3.401523582000582 ], [ -79.71006416556375, -3.40006314111503 ], [ -79.711348013467941, -3.401847206535453 ], [ -79.71093171308884, -3.401523582000582 ] ], [ [ -79.709054758628739, -3.397971540345895 ], [ -79.709054758628753, -3.397971540345895 ], [ -79.709478923429103, -3.398755510906482 ], [ -79.70973416431444, -3.399383123464519 ], [ -79.709054758628739, -3.397971540345895 ] ], [ [ -79.708940754986855, -3.39716509764927 ], [ -79.70886496646132, -3.397023433737303 ], [ -79.709044946307486, -3.39787833240544 ], [ -79.708940754986855, -3.39716509764927 ] ], [ [ -79.708046371307077, -3.396158086937056 ], [ -79.708046371307077, -3.396158086937055 ], [ -79.708047327405026, -3.396053617462282 ], [ -79.708046371307077, -3.396158086937056 ] ], [ [ -79.708049551782082, -3.395992357106215 ], [ -79.708047138008411, -3.396006792458711 ], [ -79.708061959632914, -3.395973229761132 ], [ -79.708049551782082, -3.395992357106215 ] ], [ [ -79.708076276632752, -3.395951232383327 ], [ -79.708086176366834, -3.395935251403777 ], [ -79.708061959632914, -3.395973229761132 ], [ -79.708076276632752, -3.395951232383327 ] ], [ [ -79.70811417905675, -3.395866567930443 ], [ -79.708417347801458, -3.394824070628083 ], [ -79.708259056270748, -3.395671008944498 ], [ -79.70811417905675, -3.395866567930443 ] ], [ [ -79.707786462117966, -3.392462294382426 ], [ -79.707483713972067, -3.391892540981248 ], [ -79.707609735483246, -3.392129705462449 ], [ -79.707786462117966, -3.392462294382426 ] ], [ [ -79.707551511944388, -3.391388346698592 ], [ -79.7042890713346, -3.388946306621855 ], [ -79.707552013691313, -3.391010524320792 ], [ -79.707551511944388, -3.391388346698592 ] ], [ [ -79.70203659276352, -3.385589602000819 ], [ -79.702330747373793, -3.385902762441507 ], [ -79.701636829501751, -3.385305242464691 ], [ -79.70203659276352, -3.385589602000819 ] ], [ [ -79.700652885253305, -3.383323768639794 ], [ -79.700791711321969, -3.382072805870334 ], [ -79.700990890091234, -3.38144404732472 ], [ -79.700652885253305, -3.383323768639794 ] ], [ [ -79.701611221903079, -3.379185671186098 ], [ -79.701481683950362, -3.379389022074884 ], [ -79.701625717664371, -3.378978205783425 ], [ -79.701611221903079, -3.379185671186098 ] ], [ [ -79.698795187629045, -3.376032171789586 ], [ -79.699159240735042, -3.376231101110923 ], [ -79.698077368926448, -3.375749193970714 ], [ -79.698795187629045, -3.376032171789586 ] ], [ [ -79.698077368926448, -3.375749193970714 ], [ -79.696765216834962, -3.375314912779492 ], [ -79.69663000278004, -3.37520619485777 ], [ -79.698077368926448, -3.375749193970714 ] ], [ [ -79.695569222265007, -3.372475670043765 ], [ -79.695536588412807, -3.372841765511677 ], [ -79.69553720565996, -3.372378708035477 ], [ -79.695569222265007, -3.372475670043765 ] ], [ [ -79.695601981320763, -3.372016244739798 ], [ -79.695441808591042, -3.371596045107087 ], [ -79.695567489717519, -3.37218993143884 ], [ -79.695601981320763, -3.372016244739798 ] ], [ [ -79.695441808591042, -3.371596045107087 ], [ -79.695183566534766, -3.371531940816249 ], [ -79.695027637017404, -3.371474637419098 ], [ -79.69518356653478, -3.371531940816249 ], [ -79.695377548762366, -3.371570831657857 ], [ -79.695441808591042, -3.371596045107087 ] ], [ [ -79.694913415190541, -3.371417050082768 ], [ -79.694818303128869, -3.371314020095685 ], [ -79.695027637017404, -3.371474637419098 ], [ -79.694913415190541, -3.371417050082768 ] ], [ [ -79.694818303128869, -3.371314020095685 ], [ -79.694808782025703, -3.371019775674438 ], [ -79.694878347287982, -3.37092881681113 ], [ -79.694818303128869, -3.371314020095685 ] ], [ [ -79.695266798945099, -3.370694819042812 ], [ -79.695186214312415, -3.370760440226026 ], [ -79.695570654345516, -3.370507372231303 ], [ -79.695266798945099, -3.370694819042812 ] ], [ [ -79.695710075618365, -3.370417819624591 ], [ -79.696003142350634, -3.370285398454935 ], [ -79.695892320490941, -3.370357041371865 ], [ -79.695710075618365, -3.370417819624591 ] ], [ [ -79.696142654373404, -3.370127642828882 ], [ -79.696142668710422, -3.370116874278593 ], [ -79.696096100984221, -3.370217320417793 ], [ -79.696142654373404, -3.370127642828882 ] ], [ [ -79.696039458446364, -3.369836746361135 ], [ -79.696100002797394, -3.369969643141637 ], [ -79.696007507780934, -3.369689529637668 ], [ -79.696039458446364, -3.369836746361135 ] ], [ [ -79.695972486587138, -3.369636782042109 ], [ -79.695888896066847, -3.369351947454696 ], [ -79.695888896066847, -3.369351947454691 ], [ -79.695972486587138, -3.369636782042109 ] ], [ [ -79.696390487967406, -3.368197965237388 ], [ -79.696479497049765, -3.368413460779683 ], [ -79.696301638090418, -3.367862815410966 ], [ -79.696390487967406, -3.368197965237388 ] ], [ [ -79.696173333956679, -3.367702052391475 ], [ -79.696076454493209, -3.367371620346771 ], [ -79.696301638090418, -3.367862815410966 ], [ -79.696173333956679, -3.367702052391475 ] ], [ [ -79.696068411224431, -3.366991481555241 ], [ -79.696055454718461, -3.366763034073134 ], [ -79.696076454493209, -3.367371620346771 ], [ -79.696068411224431, -3.366991481555241 ] ], [ [ -79.695978781951737, -3.366625268661444 ], [ -79.695911959391822, -3.366417244017653 ], [ -79.696055454718461, -3.366763034073134 ], [ -79.695978781951737, -3.366625268661444 ] ], [ [ -79.695705555626503, -3.366319444503815 ], [ -79.695827135432495, -3.366375602419728 ], [ -79.695526870986058, -3.366430319818001 ], [ -79.695705555626503, -3.366319444503815 ] ], [ [ -79.693200376495952, -3.370038329474811 ], [ -79.693113500719292, -3.3699297699783 ], [ -79.693256830005268, -3.370123678992813 ], [ -79.693200376495952, -3.370038329474811 ] ], [ [ -79.69269892188882, -3.371085817604948 ], [ -79.69269892188882, -3.371085817604949 ], [ -79.692441778714979, -3.371063932777459 ], [ -79.69269892188882, -3.371085817604948 ] ], [ [ -79.692077481453111, -3.371041903317841 ], [ -79.692077481453111, -3.37104190331784 ], [ -79.692441778714979, -3.371063932777459 ], [ -79.692077481453111, -3.371041903317841 ] ], [ [ -79.691561591365939, -3.371308033994772 ], [ -79.691591524894719, -3.37125444919499 ], [ -79.691519872237379, -3.37134387405008 ], [ -79.691561591365939, -3.371308033994772 ] ], [ [ -79.691024336472921, -3.371196411403317 ], [ -79.691197361005734, -3.371189554036838 ], [ -79.690614905357677, -3.371420426839639 ], [ -79.691024336472921, -3.371196411403317 ] ], [ [ -79.688270188251835, -3.372315652352089 ], [ -79.688490314471579, -3.372417655355905 ], [ -79.688012523672967, -3.372164605552503 ], [ -79.688270188251835, -3.372315652352089 ] ], [ [ -79.687579840416333, -3.371717648345087 ], [ -79.687579840416348, -3.37171764834507 ], [ -79.68774438131048, -3.37197345602614 ], [ -79.687579840416333, -3.371717648345087 ] ], [ [ -79.687565307182453, -3.371457383100691 ], [ -79.687640188879357, -3.371107499032695 ], [ -79.687619192946386, -3.371227123785884 ], [ -79.687565307182453, -3.371457383100691 ] ], [ [ -79.687551314361826, -3.37079328957486 ], [ -79.687450293401398, -3.370658542538676 ], [ -79.687637485284895, -3.37090408532922 ], [ -79.687551314361826, -3.37079328957486 ] ], [ [ -79.687230636890405, -3.370206554721337 ], [ -79.687272465263149, -3.37051824031503 ], [ -79.687236277497249, -3.370439886566372 ], [ -79.687230636890405, -3.370206554721337 ] ], [ [ -79.687171611831715, -3.36982956807759 ], [ -79.687171611831729, -3.369829568077573 ], [ -79.687227917272708, -3.370015106161054 ], [ -79.687171611831715, -3.36982956807759 ] ], [ [ -79.686963696978168, -3.369500240417539 ], [ -79.686862696236162, -3.369350537236929 ], [ -79.687070635093932, -3.369661916772147 ], [ -79.686963696978168, -3.369500240417539 ] ], [ [ -79.686737667231839, -3.369362333082351 ], [ -79.686356544820697, -3.369457539805368 ], [ -79.6864670652418, -3.369404087443655 ], [ -79.686642418491701, -3.369362204105451 ], [ -79.686737667231839, -3.369362333082333 ], [ -79.686827010712193, -3.369326558653671 ], [ -79.686737667231839, -3.369362333082351 ] ], [ [ -79.685697367939383, -3.370920002957308 ], [ -79.685902312582868, -3.370800627693296 ], [ -79.685557422944996, -3.37100285343952 ], [ -79.685697367939383, -3.370920002957308 ] ], [ [ -79.685435177909255, -3.371111092194357 ], [ -79.685460478423508, -3.371078821057314 ], [ -79.685368362137382, -3.371216296321351 ], [ -79.685435177909255, -3.371111092194357 ] ], [ [ -79.685358709069391, -3.371312006047302 ], [ -79.68538229588944, -3.371479551612115 ], [ -79.685358709069391, -3.371312006047313 ], [ -79.685358709069391, -3.371312006047302 ] ], [ [ -79.679627597777099, -3.374254277266229 ], [ -79.680530734151034, -3.374320810159887 ], [ -79.678817028864486, -3.374085213712933 ], [ -79.679627597777099, -3.374254277266229 ] ], [ [ -79.676928949507513, -3.373020711254351 ], [ -79.676156932693758, -3.372962133083139 ], [ -79.676725630833786, -3.37296327178122 ], [ -79.676928949507513, -3.373020711254351 ] ], [ [ -79.674155591442585, -3.372533034947816 ], [ -79.67503031123654, -3.372978591704084 ], [ -79.673217910358701, -3.371994232397421 ], [ -79.674155591442585, -3.372533034947816 ] ], [ [ -79.669522795779685, -3.370119927071148 ], [ -79.668402748809029, -3.37000515173061 ], [ -79.668402748809044, -3.37000515173061 ], [ -79.669522795779685, -3.370119927071148 ] ], [ [ -79.66709776378093, -3.370083945770677 ], [ -79.666239932739046, -3.370063772657352 ], [ -79.66623993273906, -3.370063772657352 ], [ -79.66709776378093, -3.370083945770677 ] ], [ [ -79.664995292290698, -3.369911977415915 ], [ -79.664995292290712, -3.369911977415915 ], [ -79.664987478591144, -3.370056640480389 ], [ -79.664995292290698, -3.369911977415915 ] ], [ [ -79.665620344379917, -3.36811400122492 ], [ -79.665369362485905, -3.368494883634874 ], [ -79.665768758333058, -3.3677425666712 ], [ -79.665620344379917, -3.36811400122492 ] ], [ [ -79.665829656051244, -3.366737572278149 ], [ -79.66579322226363, -3.367263991773164 ], [ -79.666712955540504, -3.36507562231191 ], [ -79.665829656051244, -3.366737572278149 ] ], [ [ -79.667675452318022, -3.363467381461028 ], [ -79.668159028476524, -3.362722230274963 ], [ -79.667675452318036, -3.363467381461028 ], [ -79.667467686804471, -3.363903315402399 ], [ -79.667675452318022, -3.363467381461028 ] ], [ [ -79.668684194631439, -3.356920683794598 ], [ -79.668831619253808, -3.357311972221843 ], [ -79.668391098657253, -3.35637209215635 ], [ -79.668684194631439, -3.356920683794598 ] ], [ [ -79.668709310569156, -3.352659192377975 ], [ -79.669250145172285, -3.350160013594112 ], [ -79.668085941696276, -3.354295948558953 ], [ -79.668709310569156, -3.352659192377975 ] ], [ [ -79.670247101216987, -3.347165100638046 ], [ -79.670020263314697, -3.347631435223034 ], [ -79.670318825653609, -3.346949823645542 ], [ -79.670247101216987, -3.347165100638046 ] ], [ [ -79.670318825653609, -3.346949823645542 ], [ -79.670165293517556, -3.346028291455622 ], [ -79.669952266128576, -3.345082748220403 ], [ -79.670318825653609, -3.346949823645542 ] ], [ [ -79.669620553153081, -3.343861842679765 ], [ -79.669715394691309, -3.344161102737822 ], [ -79.669549666823031, -3.343454928833644 ], [ -79.669620553153081, -3.343861842679765 ] ], [ [ -79.668612847542391, -3.340689685368671 ], [ -79.668747343972612, -3.341152118880343 ], [ -79.668636884139673, -3.340522204635922 ], [ -79.668612847542391, -3.340689685368671 ] ], [ [ -79.669340781791433, -3.339340666828428 ], [ -79.669110143176283, -3.339660983002677 ], [ -79.669481649482563, -3.339054326508879 ], [ -79.669340781791433, -3.339340666828428 ] ], [ [ -79.669310468929353, -3.338593815802524 ], [ -79.669397815541473, -3.338727193770086 ], [ -79.66875335787914, -3.337890024260768 ], [ -79.669310468929353, -3.338593815802524 ] ], [ [ -79.668274018491175, -3.336706886231855 ], [ -79.668274018491189, -3.336706886231855 ], [ -79.668538229498537, -3.337452336615925 ], [ -79.668274018491175, -3.336706886231855 ] ], [ [ -79.667686045469594, -3.335932776584861 ], [ -79.666683715250869, -3.334440960230249 ], [ -79.668194017926837, -3.336569661876621 ], [ -79.667686045469594, -3.335932776584861 ] ], [ [ -79.665859674814172, -3.333410387581935 ], [ -79.66621760950666, -3.333924695854086 ], [ -79.665836190540432, -3.333340441216797 ], [ -79.665859674814172, -3.333410387581935 ] ], [ [ -79.664734591276726, -3.331428112788685 ], [ -79.664748695093238, -3.331139687707234 ], [ -79.664748695093252, -3.33113968770722 ], [ -79.664734591276726, -3.331428112788685 ] ], [ [ -79.664065518188707, -3.332004722347436 ], [ -79.664292045302773, -3.331765726618644 ], [ -79.663992069175478, -3.332028233728597 ], [ -79.664065518188707, -3.332004722347436 ] ], [ [ -79.663737996268353, -3.332094015216482 ], [ -79.66382960590191, -3.332072664106744 ], [ -79.663481948326549, -3.332153492341317 ], [ -79.663737996268353, -3.332094015216482 ] ], [ [ -79.663160257458316, -3.332332531988741 ], [ -79.66329731606335, -3.332225031765136 ], [ -79.663152023991415, -3.332341353431836 ], [ -79.663160257458316, -3.332332531988741 ] ], [ [ -79.660713682727405, -3.332329193530541 ], [ -79.660805828076761, -3.332318426253349 ], [ -79.660579960384268, -3.332389667241859 ], [ -79.660713682727405, -3.332329193530541 ] ], [ [ -79.660039322353541, -3.332866463574643 ], [ -79.660128941637481, -3.332780621180432 ], [ -79.659984832995235, -3.332994281954976 ], [ -79.660039322353541, -3.332866463574643 ] ], [ [ -79.657987529144606, -3.334815419631783 ], [ -79.65810879008707, -3.334944809357827 ], [ -79.657844711397587, -3.334779329015873 ], [ -79.657987529144606, -3.334815419631783 ] ], [ [ -79.65991214336681, -3.33782610123 ], [ -79.65991214336681, -3.337826101230015 ], [ -79.65986224283435, -3.337911385421795 ], [ -79.65991214336681, -3.33782610123 ] ], [ [ -79.646005238266142, -3.338953250671917 ], [ -79.646622315903087, -3.339142930394242 ], [ -79.645334888040821, -3.338466771138191 ], [ -79.646005238266142, -3.338953250671917 ] ], [ [ -79.644717774371941, -3.338304065970622 ], [ -79.642999974045537, -3.338301686037715 ], [ -79.645334888040821, -3.338466771138191 ], [ -79.644717774371941, -3.338304065970622 ] ], [ [ -79.634280646721734, -3.344844484878772 ], [ -79.63484501021891, -3.344332748952235 ], [ -79.633582227524585, -3.345248133543744 ], [ -79.634280646721734, -3.344844484878772 ] ], [ [ -79.609481046362205, -3.339812823879519 ], [ -79.609602298174948, -3.340692299296538 ], [ -79.609280211415467, -3.339441724075637 ], [ -79.609481046362205, -3.339812823879519 ] ], [ [ -79.607898619958206, -3.33759473491302 ], [ -79.608739348569472, -3.338889256880454 ], [ -79.607286110680334, -3.336138889193555 ], [ -79.607898619958206, -3.33759473491302 ] ], [ [ -79.60709126346373, -3.335368702420277 ], [ -79.60709126346373, -3.335368702420266 ], [ -79.607465309365722, -3.334555251287961 ], [ -79.60709126346373, -3.335368702420277 ] ], [ [ -79.60734374580268, -3.333008512743435 ], [ -79.607555638665005, -3.33351529106418 ], [ -79.607201078231725, -3.332662107089153 ], [ -79.60734374580268, -3.333008512743435 ] ], [ [ -79.606697222234018, -3.331169444872126 ], [ -79.606789990970015, -3.331488397500629 ], [ -79.606165714953178, -3.330800044679936 ], [ -79.606697222234018, -3.331169444872126 ] ], [ [ -79.605629845471697, -3.330699797373301 ], [ -79.605104589039712, -3.330653829961669 ], [ -79.605104589039726, -3.330653829961668 ], [ -79.605629845471697, -3.330699797373301 ] ], [ [ -79.585158843332223, -3.386073493571313 ], [ -79.585603330923902, -3.385450049955053 ], [ -79.584692370701802, -3.386563170063141 ], [ -79.585158843332223, -3.386073493571313 ] ], [ [ -79.583060704076686, -3.389595112204025 ], [ -79.583168543189885, -3.389375947661779 ], [ -79.582570520754118, -3.38994747832838 ], [ -79.583060704076686, -3.389595112204025 ] ], [ [ -79.575442725366273, -3.392038572216311 ], [ -79.57797134039285, -3.392232236362057 ], [ -79.574084301130895, -3.391683838958514 ], [ -79.575442725366273, -3.392038572216311 ] ], [ [ -79.572977668390863, -3.39146513998348 ], [ -79.5724195046012, -3.391408962744543 ], [ -79.574084301130895, -3.391683838958514 ], [ -79.572977668390863, -3.39146513998348 ] ], [ [ -79.570004994503634, -3.391350936520288 ], [ -79.569351258799173, -3.391170348782104 ], [ -79.569351258799188, -3.391170348782103 ], [ -79.570004994503634, -3.391350936520288 ] ], [ [ -79.56917168871243, -3.391189436704368 ], [ -79.569336853340829, -3.391171880052007 ], [ -79.56879207091518, -3.391321822321557 ], [ -79.56917168871243, -3.391189436704368 ] ], [ [ -79.56555537636244, -3.392658529922757 ], [ -79.561820492878795, -3.390806688471681 ], [ -79.564515994356725, -3.392061152402298 ], [ -79.56555537636244, -3.392658529922757 ] ], [ [ -79.55945463225261, -3.390661795124209 ], [ -79.560222067045984, -3.390633096234507 ], [ -79.558610672049937, -3.390528036728177 ], [ -79.55945463225261, -3.390661795124209 ] ], [ [ -79.556347231235719, -3.387893893879578 ], [ -79.556763407350147, -3.388718346227789 ], [ -79.556078349091877, -3.387635191208105 ], [ -79.556347231235719, -3.387893893879578 ] ] ] } },
{ "type": "Feature", "properties": { "DPA_DESPRO": "GUAYAS", "DPA_CANTON": "0901", "DPA_DESCAN": "GUAYAQUIL", "DPA_PROVIN": "09", "DPA_ANIO": "2024", "fcode": "HA003" }, "geometry": { "type": "MultiPolygon", "coordinates": [ [ [ [ -80.029414518954837, -2.676558761533532 ], [ -79.902627666494865, -2.738711122267529 ], [ -79.910078810151504, -2.774926946165848 ], [ -79.931283527880595, -2.792648481593211 ], [ -79.967940136637907, -2.794327712416334 ], [ -80.002141913509433, -2.816564661395715 ], [ -80.045627312474224, -2.895761335338916 ], [ -80.063597378251728, -2.913732450018801 ], [ -80.065439127495708, -2.927827456383381 ], [ -80.093910895276082, -2.933468475315901 ], [ -80.097596149733704, -2.971446362089574 ], [ -80.123920761518718, -3.008746254049566 ], [ -80.123110791369726, -3.020170700294484 ], [ -80.147772469215241, -3.023012783345144 ], [ -80.167214488355896, -3.015293521737912 ], [ -80.17067843118538, -3.027616984153291 ], [ -80.193406972723224, -3.041348195390894 ], [ -80.256459998218489, -3.027534766818844 ], [ -80.274472556952816, -3.004008462255312 ], [ -80.262077916200298, -2.955955133243465 ], [ -80.262975713029377, -2.862027687687814 ], [ -80.25740817383425, -2.831275608073765 ], [ -80.236546873025659, -2.785921980102656 ], [ -80.218100176460041, -2.764461146881029 ], [ -80.22095979972373, -2.738599760773162 ], [ -80.123753834753103, -2.706853031937195 ], [ -80.093318590404166, -2.686658012228782 ], [ -80.029414518954837, -2.676558761533532 ] ] ], [ [ [ -80.126001780803051, -2.695628505936321 ], [ -80.129406615486104, -2.701945111438881 ], [ -80.140921321920999, -2.701564369297394 ], [ -80.138189967283992, -2.696840367819711 ], [ -80.126001780803051, -2.695628505936321 ] ] ], [ [ [ -79.90872789405735, -2.676827640480604 ], [ -79.918047721378059, -2.675533390787621 ], [ -79.912876712039008, -2.66411339433396 ], [ -79.90872789405735, -2.676827640480604 ] ] ], [ [ [ -80.189251729653435, -2.666082345505882 ], [ -80.177691515304829, -2.653997982938504 ], [ -80.172348407755152, -2.65375919973034 ], [ -80.181309128575904, -2.665425736337892 ], [ -80.189251729653435, -2.666082345505882 ] ] ], [ [ [ -80.181752975891158, -2.647098444268363 ], [ -80.190131478056131, -2.6550736875359 ], [ -80.200053949517894, -2.654311251619001 ], [ -80.189778095502803, -2.645176898068163 ], [ -80.181752975891158, -2.647098444268363 ] ] ], [ [ [ -80.27555093271377, -2.737208811985929 ], [ -80.364464228624428, -2.674007362967131 ], [ -80.392062776914855, -2.639300532450316 ], [ -80.435328354163545, -2.641522394313424 ], [ -80.563552127984863, -2.506767878958197 ], [ -80.542956463166874, -2.488872671380374 ], [ -80.492407968428196, -2.500301417904505 ], [ -80.459828897529533, -2.491459321759478 ], [ -80.466001558647775, -2.473591666909088 ], [ -80.45250367310355, -2.453451720272518 ], [ -80.461358108086955, -2.413981504491351 ], [ -80.446445554543942, -2.397618925189915 ], [ -80.447554625855915, -2.374591668843121 ], [ -80.43112612669978, -2.374591805530498 ], [ -80.413693354850565, -2.38552454317896 ], [ -80.395464160275296, -2.376390338612154 ], [ -80.382701714611628, -2.379986952467539 ], [ -80.368704955418437, -2.343609703225976 ], [ -80.323189325307155, -2.350263567294575 ], [ -80.321738624304317, -2.340236143065566 ], [ -80.28419278719015, -2.336886993229456 ], [ -80.279180555620329, -2.320697222210519 ], [ -80.288944975312631, -2.304584155913509 ], [ -80.279715480695103, -2.294298654327335 ], [ -80.284734626527737, -2.274589036512423 ], [ -80.264821658133201, -2.264774459050527 ], [ -80.26371858421922, -2.244185412316592 ], [ -80.235211020077244, -2.252413324087959 ], [ -80.233317418748271, -2.23329611747544 ], [ -80.216630186110379, -2.232121180498059 ], [ -80.200330471775658, -2.210715417243982 ], [ -80.219830498983413, -2.194864924768567 ], [ -80.238716826472569, -2.191906143311971 ], [ -80.240900901943732, -2.164761623160657 ], [ -80.251773660630022, -2.149513538144713 ], [ -80.244952166722399, -2.115063045170598 ], [ -80.268514571781438, -2.083588290125907 ], [ -80.278128734748691, -2.078039713339697 ], [ -80.290893838931979, -2.091430300917521 ], [ -80.303512405473953, -2.092355112448809 ], [ -80.303174083225983, -2.082646667959677 ], [ -80.321201860374998, -2.074612175689496 ], [ -80.312717799463485, -2.063770411976516 ], [ -80.342937762798314, -2.023623655184841 ], [ -80.344837951685506, -1.997897842254295 ], [ -80.36781062346688, -1.996020740036459 ], [ -80.373888080080292, -1.984935596153811 ], [ -80.410735728994908, -1.983131167408945 ], [ -80.417182269630814, -1.969997241402208 ], [ -80.441947221866073, -1.956902778214923 ], [ -80.436522741369956, -1.931429307230347 ], [ -80.428313441788859, -1.924997418921055 ], [ -80.432569615354396, -1.899865561862532 ], [ -80.417102569022418, -1.881720202273615 ], [ -80.440918314426497, -1.886668326672094 ], [ -80.446597646740216, -1.883060386594439 ], [ -80.434098668389424, -1.883601589814702 ], [ -80.433024779275215, -1.865679765307 ], [ -80.440753497689386, -1.858785774725909 ], [ -80.425405912727925, -1.854424886867094 ], [ -80.431978600524772, -1.851011928680492 ], [ -80.428203918233649, -1.836465141719038 ], [ -80.409732334430615, -1.837669656993606 ], [ -80.407470916201518, -1.831459797858051 ], [ -80.426231254316477, -1.802709607531597 ], [ -80.409345125100202, -1.777392192323073 ], [ -80.392328905158919, -1.776193677970314 ], [ -80.382581155551506, -1.751784512267336 ], [ -80.351171748069959, -1.723136944916587 ], [ -80.333296944324488, -1.723958333395458 ], [ -80.336470071439933, -1.710134929341899 ], [ -80.324177915375174, -1.682880622275414 ], [ -80.290319430084452, -1.710118772585676 ], [ -80.280240211734849, -1.703257285422715 ], [ -80.300119206634406, -1.686532719298262 ], [ -80.288027456596282, -1.678632958367073 ], [ -80.263861955477395, -1.675019361958415 ], [ -80.239885193062449, -1.693466358328668 ], [ -80.231039502364297, -1.688274458065994 ], [ -80.210280090346174, -1.694290781826298 ], [ -80.208263749636984, -1.673566122528294 ], [ -80.219910926961219, -1.66209338666862 ], [ -80.225184951251748, -1.648756549283817 ], [ -80.21920448595607, -1.637508082466652 ], [ -80.23078386063986, -1.625223291356438 ], [ -80.223630648024852, -1.616151389540818 ], [ -80.252593034613284, -1.616151414483099 ], [ -80.284231281336218, -1.569236437013643 ], [ -80.251963613818049, -1.565661302074041 ], [ -80.220213099409833, -1.574318619961989 ], [ -80.192697920303232, -1.55081957270448 ], [ -80.171621130825216, -1.526528742563501 ], [ -80.19406448567581, -1.519418128767019 ], [ -80.205656248144351, -1.498277348645457 ], [ -80.204234549264257, -1.482478071080194 ], [ -80.192935558700825, -1.471824851192306 ], [ -80.199352470449526, -1.464519377612608 ], [ -80.192117970354289, -1.435148942977818 ], [ -80.196974398599579, -1.42501740773206 ], [ -80.144863927829135, -1.407211311163586 ], [ -80.14215658534026, -1.380712968416454 ], [ -80.153758909119787, -1.366758717960496 ], [ -80.137540118695071, -1.324121568839443 ], [ -80.095513678193242, -1.326465397898058 ], [ -80.041128667169119, -1.275395800034831 ], [ -80.025352196378535, -1.276947875504702 ], [ -80.039173554347698, -1.258040122970127 ], [ -80.018258850689989, -1.238825774202103 ], [ -80.010801125640469, -1.204952661744159 ], [ -79.993824370456025, -1.194095485167288 ], [ -79.986302823653745, -1.176356540079326 ], [ -79.974280428026063, -1.175902778153213 ], [ -79.960890716122066, -1.189686520959436 ], [ -79.950369325528115, -1.178845675128862 ], [ -79.953085554266522, -1.164568633444392 ], [ -79.97021266598091, -1.168617497523597 ], [ -79.963262893587512, -1.139333927131164 ], [ -79.947088352297015, -1.143020042522964 ], [ -79.942788764575639, -1.155809654623589 ], [ -79.916679624174876, -1.145242482492311 ], [ -79.899160576101806, -1.122775045885311 ], [ -79.845341767429446, -1.083961165892485 ], [ -79.833417979608043, -1.050156434540329 ], [ -79.816128679450941, -1.050223990808848 ], [ -79.812107436603966, -1.032602694401763 ], [ -79.803758006715867, -1.030874092951809 ], [ -79.797116098025299, -0.98311024994501 ], [ -79.773775927569815, -0.979404112727867 ], [ -79.771226940630285, -0.947571304058309 ], [ -79.744116699322774, -0.921092956156397 ], [ -79.731198319191193, -0.884472746953259 ], [ -79.716661971592842, -0.886513870125612 ], [ -79.713453413535902, -0.878645894672676 ], [ -79.700341423411444, -0.886180691673414 ], [ -79.704098511444371, -0.904301761372537 ], [ -79.688984509797592, -0.895356986362221 ], [ -79.685173405323724, -0.903306546698825 ], [ -79.670715825405679, -0.891326282445671 ], [ -79.662626901868009, -0.903392268627265 ], [ -79.644262571332149, -0.881349816532335 ], [ -79.623771884391374, -0.875744854482307 ], [ -79.626269349666529, -0.858117251409778 ], [ -79.615713478907708, -0.860632056865016 ], [ -79.607607279148795, -0.853267912935902 ], [ -79.601094407542362, -0.859258372582024 ], [ -79.576490175496716, -0.844393326868713 ], [ -79.560517146697947, -0.8518604512091 ], [ -79.535047409207138, -0.847883640753083 ], [ -79.52501205833623, -0.861581251070511 ], [ -79.518586868066606, -0.850860219285774 ], [ -79.506969527846664, -0.858210817976051 ], [ -79.52274653382382, -0.905522116048797 ], [ -79.534045597195359, -0.927956715155474 ], [ -79.545406274213917, -0.934150760680842 ], [ -79.543595193972436, -0.9543708165838 ], [ -79.563908473883259, -0.962938791409285 ], [ -79.530581030369376, -0.964108121170935 ], [ -79.524305610757906, -0.971353851970584 ], [ -79.561703055988815, -0.983534530912054 ], [ -79.576846574142479, -1.018204932796102 ], [ -79.57346490941147, -1.044288745308292 ], [ -79.587876709082778, -1.069159123208427 ], [ -79.600176068161559, -1.072934590499503 ], [ -79.617057493502031, -1.064211563798431 ], [ -79.622770486615835, -1.079856945775166 ], [ -79.640311909031226, -1.092706572316357 ], [ -79.642179578922054, -1.109486822875914 ], [ -79.659993777945644, -1.121572904856892 ], [ -79.668632522915857, -1.113147592036835 ], [ -79.683771743600701, -1.123059222590063 ], [ -79.688460390030627, -1.152930861400014 ], [ -79.694483022320995, -1.147223511502633 ], [ -79.700212971906083, -1.156029076224556 ], [ -79.715672393878933, -1.153153653180714 ], [ -79.718259217734897, -1.180821061629185 ], [ -79.732517510105041, -1.177617163544276 ], [ -79.748729243808711, -1.192047545281508 ], [ -79.745640033622905, -1.219302988483567 ], [ -79.75293904560867, -1.237345763176396 ], [ -79.75913744211276, -1.234817906134517 ], [ -79.752208081819106, -1.244358814430462 ], [ -79.771155501408259, -1.25767211854073 ], [ -79.764028026383656, -1.269051653069279 ], [ -79.780573856324239, -1.276903108564321 ], [ -79.774461798660838, -1.288318091569608 ], [ -79.790366575570445, -1.294630754591666 ], [ -79.78502162573794, -1.297390827411535 ], [ -79.792482224255721, -1.301739274566406 ], [ -79.803120110343954, -1.344922617973015 ], [ -79.844575189951911, -1.380785012920718 ], [ -79.854599231627532, -1.405788001813377 ], [ -79.847658792579765, -1.409855003738369 ], [ -79.865059806645888, -1.421589016006562 ], [ -79.861612506888463, -1.435407326476172 ], [ -79.868205993720423, -1.434965694503047 ], [ -79.870441677310723, -1.44938927345615 ], [ -79.864263156578801, -1.45139416737683 ], [ -79.871525577943771, -1.458268562674008 ], [ -79.869536118058562, -1.483158267103953 ], [ -79.861977445010581, -1.487120677556515 ], [ -79.872995370127967, -1.491206308756849 ], [ -79.866792720930192, -1.49451900187274 ], [ -79.8735060305969, -1.497796603084435 ], [ -79.871786696700596, -1.520777157701558 ], [ -79.87810323803582, -1.523349351153883 ], [ -79.867877152699009, -1.526080340610187 ], [ -79.874562256572645, -1.53702659248845 ], [ -79.868076206348562, -1.543621148206588 ], [ -79.870550690301229, -1.557647217805337 ], [ -79.853841943143593, -1.567352772229776 ], [ -79.853423805717739, -1.578637217988976 ], [ -79.864642088631626, -1.583813592249097 ], [ -79.871315527218854, -1.601856882351692 ], [ -79.856781509637841, -1.627701421394095 ], [ -79.862283101948989, -1.64606870971349 ], [ -79.84916794720634, -1.644541412445678 ], [ -79.837650407974266, -1.654823717289819 ], [ -79.855613830068307, -1.666031520138475 ], [ -79.826708529486311, -1.674691092954862 ], [ -79.839883709111277, -1.685709615711964 ], [ -79.826106204667653, -1.707665334063995 ], [ -79.769977702191525, -1.722375715757108 ], [ -79.747393511914183, -1.736085144705999 ], [ -79.748419899467194, -1.787495209285021 ], [ -79.730374832751195, -1.809097700160914 ], [ -79.728941882556754, -1.825148334841362 ], [ -79.71927499934074, -1.827811267350415 ], [ -79.731346917011891, -1.84619288347839 ], [ -79.709643850394698, -1.854517982465929 ], [ -79.704350621940875, -1.866359293612577 ], [ -79.685736205008041, -1.867972716017451 ], [ -79.660770506232552, -1.92026235575636 ], [ -79.648194444120662, -1.921926111553635 ], [ -79.648194444165625, -1.899200000410778 ], [ -79.637113207607555, -1.899138557132448 ], [ -79.620689001897489, -1.913415657210785 ], [ -79.609449459640203, -1.903328725808889 ], [ -79.597062223521959, -1.908118978564413 ], [ -79.562547294588882, -1.898992065524289 ], [ -79.555598189129356, -1.885547244850374 ], [ -79.4889647118776, -1.884264596708102 ], [ -79.485494026086954, -1.901231890873613 ], [ -79.464042015330563, -1.918394786239083 ], [ -79.455731026791057, -1.916845815495414 ], [ -79.455653884096236, -1.926973206962781 ], [ -79.442968763278088, -1.938345270768562 ], [ -79.419540711000181, -1.935193210508549 ], [ -79.405289235410578, -1.943692072717992 ], [ -79.411472853767336, -1.955241154806573 ], [ -79.400929915905948, -1.96766214961923 ], [ -79.368650409914949, -1.971268190943374 ], [ -79.352851633145917, -2.009325449854507 ], [ -79.338169778045668, -2.021460554838586 ], [ -79.334493344909376, -2.041868243119646 ], [ -79.321367752691017, -2.050939278963998 ], [ -79.31805471599229, -2.081219500647462 ], [ -79.27120644181602, -2.104102289976803 ], [ -79.272459672166292, -2.113197639496972 ], [ -79.238593059657433, -2.132480087468771 ], [ -79.244432508034208, -2.103072344864179 ], [ -79.235810700117625, -2.10399561494779 ], [ -79.223754391761119, -2.121921722260754 ], [ -79.194014006104084, -2.13113684455359 ], [ -79.175853918583528, -2.145916397900417 ], [ -79.161689734011304, -2.121696238644014 ], [ -79.122300412180735, -2.119638360288049 ], [ -79.116399126807337, -2.126199553495943 ], [ -79.121067755424463, -2.141027422257528 ], [ -79.105326926013802, -2.143712840099176 ], [ -79.1321504370799, -2.174742823307678 ], [ -79.126989718713403, -2.20270599258546 ], [ -79.159245637681011, -2.203274290482011 ], [ -79.192562967116714, -2.191423103417775 ], [ -79.221160980052545, -2.199538652789811 ], [ -79.248336944495179, -2.196348889028264 ], [ -79.254567963944979, -2.216228049110818 ], [ -79.249545764342386, -2.220471408713562 ], [ -79.224017912434149, -2.210763953866937 ], [ -79.145440490286575, -2.211965292945256 ], [ -79.142949686941975, -2.234779885671839 ], [ -79.172913566798272, -2.284977155546759 ], [ -79.175368605671665, -2.303798553382642 ], [ -79.208801098396492, -2.312913186116652 ], [ -79.190086389068426, -2.32874833365692 ], [ -79.200820426640561, -2.328748458408658 ], [ -79.215901591483245, -2.353817636328723 ], [ -79.230015165365856, -2.345761473561467 ], [ -79.252403893978723, -2.352834466731488 ], [ -79.266069918625291, -2.3751147989825 ], [ -79.263729721773998, -2.389488888627201 ], [ -79.30603654950761, -2.401164946532255 ], [ -79.331538382935491, -2.385421347181415 ], [ -79.335965305254518, -2.371529826167487 ], [ -79.393335832969314, -2.358752356066597 ], [ -79.401854601269875, -2.342927937248903 ], [ -79.416019605374814, -2.335885682004024 ], [ -79.420049172664164, -2.359554018381755 ], [ -79.430542823599069, -2.359060459792966 ], [ -79.4336264117197, -2.373333358347417 ], [ -79.430636606786649, -2.380113306826884 ], [ -79.418681085935646, -2.378333427905351 ], [ -79.448122228756603, -2.420070058627611 ], [ -79.425254101703715, -2.43062399982545 ], [ -79.471177674997691, -2.448540649731788 ], [ -79.465123317700701, -2.46113915835402 ], [ -79.489475402424588, -2.466454687794585 ], [ -79.495162518324918, -2.476824703727143 ], [ -79.524194842083162, -2.487854837376834 ], [ -79.524306683535841, -2.495713954441018 ], [ -79.518994030162531, -2.507129418379783 ], [ -79.505663377139953, -2.499565463519875 ], [ -79.48847599936218, -2.510948969334331 ], [ -79.500835666280238, -2.525909890865933 ], [ -79.515943427247123, -2.526941878305035 ], [ -79.508925690441572, -2.539647946237975 ], [ -79.453575124192838, -2.498619948566465 ], [ -79.39513615301486, -2.497086793150967 ], [ -79.379187222485911, -2.529654166559605 ], [ -79.391702499623108, -2.529654167019498 ], [ -79.397492101320225, -2.516904945254852 ], [ -79.428287350491999, -2.518038777885926 ], [ -79.424997779365285, -2.606784632786466 ], [ -79.437172936569652, -2.601764413328258 ], [ -79.447573650652203, -2.61120674786156 ], [ -79.473097777659277, -2.60757194419937 ], [ -79.460040108353141, -2.657386325909623 ], [ -79.486969362055063, -2.677846011468438 ], [ -79.502940759201238, -2.767744292697373 ], [ -79.621870563727086, -2.814162205319027 ], [ -79.630136637739724, -2.823622053074173 ], [ -79.637775759710621, -2.815506553884431 ], [ -79.6703155732082, -2.82485048573707 ], [ -79.634817167074374, -2.849127088311906 ], [ -79.601387691532707, -2.857748125775259 ], [ -79.591704098179434, -2.876597679047767 ], [ -79.55165878353958, -2.87730438581519 ], [ -79.550770559930356, -2.889544670544359 ], [ -79.561216111042469, -2.895556110701857 ], [ -79.620148792730461, -2.892131524441468 ], [ -79.620140568889056, -2.898926885947348 ], [ -79.58575200566257, -2.901824206488782 ], [ -79.585751944051097, -2.908101111109471 ], [ -79.596703350972192, -2.91004273736247 ], [ -79.593840230622206, -2.917767688401816 ], [ -79.60836648432435, -2.921071132204303 ], [ -79.645854263732758, -2.956101374054099 ], [ -79.635515985439952, -2.977411970635622 ], [ -79.645252007751139, -2.989478685932169 ], [ -79.669945871440788, -2.971505169436015 ], [ -79.725866837430033, -2.979211981421778 ], [ -79.727776244155791, -2.985859164797323 ], [ -79.71530112591941, -2.991832044023882 ], [ -79.712292404652217, -3.015344896124955 ], [ -79.734052099075342, -3.009989434619188 ], [ -79.749516684919271, -3.054118505444682 ], [ -79.760148122359936, -3.06337863633411 ], [ -79.81552964657746, -3.049959249207549 ], [ -79.842999747007624, -3.054918552391885 ], [ -79.849944158277609, -3.047187319600129 ], [ -79.872571147090838, -3.059262402099954 ], [ -79.84547151520681, -2.998526442224973 ], [ -79.853477480702523, -2.973873014085227 ], [ -79.85307896816839, -2.879132527652872 ], [ -79.842287675004883, -2.88267706613741 ], [ -79.815947936462848, -2.845028796991439 ], [ -79.818626914391416, -2.795448936057517 ], [ -79.8073526099638, -2.789512917080368 ], [ -79.798694112557072, -2.758768785696211 ], [ -79.792022282640929, -2.756247460958538 ], [ -79.797422862834892, -2.752734408554513 ], [ -79.789895624992198, -2.687945841683857 ], [ -79.794439083660805, -2.668322474834723 ], [ -79.785155131644743, -2.660887283157361 ], [ -79.786836520143922, -2.644683857935251 ], [ -79.801638484727135, -2.638013958339895 ], [ -79.803441030787184, -2.615230981747189 ], [ -79.786236837406221, -2.547358078116529 ], [ -79.768991453007047, -2.533430355853999 ], [ -79.769649039635709, -2.521075113656293 ], [ -79.796103663450609, -2.483812554367788 ], [ -79.797647864995596, -2.444634005902687 ], [ -79.815995944089522, -2.410746229130883 ], [ -79.833258867722435, -2.395412291739415 ], [ -79.859860888416762, -2.396614681713821 ], [ -79.855821798665403, -2.431551374752714 ], [ -79.898313452646107, -2.572289098396929 ], [ -79.944630675670709, -2.608103762286685 ], [ -79.93835665488831, -2.656383684269449 ], [ -79.99467931171057, -2.649330147319069 ], [ -80.030506653647151, -2.61386303850038 ], [ -80.061091112739646, -2.610955527634942 ], [ -80.058834759546443, -2.597023141723722 ], [ -80.068374196101317, -2.590146295136814 ], [ -80.061806346628302, -2.580263287223543 ], [ -80.06597967766038, -2.568135789018938 ], [ -80.051373313463415, -2.554945114032425 ], [ -80.028610344616723, -2.552594189237333 ], [ -80.017698673317028, -2.53089402304942 ], [ -80.016367281934905, -2.507265375770865 ], [ -80.03575471953107, -2.499916550749922 ], [ -80.022419944942143, -2.446319176811992 ], [ -80.025085528206887, -2.428980259959222 ], [ -80.008508350886089, -2.432070839084524 ], [ -80.015334123226253, -2.413755382462583 ], [ -80.011268457277268, -2.38590852989983 ], [ -80.004019157197391, -2.385811909407397 ], [ -80.005316353286844, -2.365159505726147 ], [ -79.980561613218498, -2.36489449442149 ], [ -79.938512832929902, -2.314569237231322 ], [ -79.912128907579387, -2.31467576830036 ], [ -79.911736952832726, -2.297959328273055 ], [ -79.918250538840127, -2.305707293945238 ], [ -79.939916372136722, -2.301472246100436 ], [ -79.981446961417674, -2.344683290062165 ], [ -80.020574730633669, -2.345444348958456 ], [ -80.032818818297599, -2.389976392822653 ], [ -80.049671798189394, -2.404605965015771 ], [ -80.066954670514974, -2.461828668385621 ], [ -80.10609480210519, -2.527607569007253 ], [ -80.147854058842441, -2.571229096991228 ], [ -80.159280384479473, -2.566740943810052 ], [ -80.173095054324548, -2.596475592923649 ], [ -80.209843350132985, -2.6051022168195 ], [ -80.220255079858404, -2.627172626188476 ], [ -80.243749153794084, -2.644936046102773 ], [ -80.258217294100916, -2.639236570538978 ], [ -80.253305535511217, -2.684465354085949 ], [ -80.240828587707412, -2.706952245934535 ], [ -80.251268133436255, -2.741973359027742 ], [ -80.27555093271377, -2.737208811985929 ] ] ], [ [ [ -79.816488168779358, -2.550805456464039 ], [ -79.839646420154651, -2.659496486708803 ], [ -79.854221435816314, -2.66506399241957 ], [ -79.887621226282263, -2.65210556533976 ], [ -79.859741042873807, -2.49697067169315 ], [ -79.848190250862956, -2.469553258227703 ], [ -79.816488168779358, -2.550805456464039 ] ] ], [ [ [ -79.808197791628828, -2.539075220539091 ], [ -79.815728675790268, -2.525586742981536 ], [ -79.814387046521375, -2.517417701617026 ], [ -79.799480422663223, -2.532156620371879 ], [ -79.808197791628828, -2.539075220539091 ] ] ], [ [ [ -79.812828247097144, -2.429695958316703 ], [ -79.802297618942347, -2.490207802343163 ], [ -79.784051144813574, -2.51871019592076 ], [ -79.795236945624481, -2.530587854381973 ], [ -79.813689056393599, -2.513545720267197 ], [ -79.84235196863537, -2.450652538820111 ], [ -79.834653552544211, -2.409109931092899 ], [ -79.812828247097144, -2.429695958316703 ] ] ] ] } },
{ "type": "Feature", "properties": { "DPA_DESPRO": "ZAMORA CHINCHIPE", "DPA_CANTON": "1901", "DPA_DESCAN": "ZAMORA", "DPA_PROVIN": "19", "DPA_ANIO": "2024", "fcode": "HA003" }, "geometry": { "type": "Polygon", "coordinates": [ [ [ -78.891919946331655, -4.807085702929289 ], [ -78.898492351430704, -4.832604211199972 ], [ -78.91244734819972, -4.849371205810482 ], [ -78.907361927191857, -4.862087180437912 ], [ -78.889849551481973, -4.872555505160258 ], [ -78.892198806104332, -4.887226873694546 ], [ -78.974352758009957, -4.896408805564876 ], [ -78.991320022541558, -4.965879562730003 ], [ -79.011894928016048, -5.011430473435005 ], [ -79.026607418353876, -5.015148347864158 ], [ -79.055364026268762, -4.987628386585711 ], [ -79.070777160112868, -4.990210530587596 ], [ -79.075888037608991, -4.969781902963653 ], [ -79.109221679855693, -4.978690802404677 ], [ -79.177253782986739, -4.959611259308249 ], [ -79.265557187020676, -4.966881205916881 ], [ -79.290773624035609, -4.938682704076043 ], [ -79.306265682375184, -4.898504674840616 ], [ -79.320151177622535, -4.900644849900457 ], [ -79.33398874004034, -4.883487630911218 ], [ -79.351873105458125, -4.880499982486052 ], [ -79.368248690860113, -4.834509381984189 ], [ -79.395516998488574, -4.831243177324899 ], [ -79.427669476674922, -4.747296182690771 ], [ -79.418833270956185, -4.725245898879244 ], [ -79.398319929030521, -4.718365298350021 ], [ -79.394755371745205, -4.678896603636321 ], [ -79.380718063004025, -4.656979674446235 ], [ -79.359257491118811, -4.649496078433373 ], [ -79.353114135677956, -4.625094820136302 ], [ -79.33327792994811, -4.606092934654856 ], [ -79.327416404348995, -4.577729182558361 ], [ -79.33726267720705, -4.547293500188924 ], [ -79.327828950239976, -4.531790442027949 ], [ -79.32749392609378, -4.509317265918328 ], [ -79.315348046908568, -4.510335027578511 ], [ -79.279851340269218, -4.473132229878357 ], [ -79.271425547333124, -4.47377312065703 ], [ -79.263275131875119, -4.488087706251204 ], [ -79.248288202338301, -4.482602098371113 ], [ -79.224033103670166, -4.492973339080546 ], [ -79.208836209455072, -4.510541666212555 ], [ -79.198241353961578, -4.482196908113552 ], [ -79.189325987198274, -4.474255640943709 ], [ -79.166371268390051, -4.475539978244221 ], [ -79.159117688192168, -4.451748247918164 ], [ -79.146655047300612, -4.447816938700147 ], [ -79.141736717385129, -4.432395874024621 ], [ -79.119944059402613, -4.426125826060555 ], [ -79.111362200651698, -4.406732244922615 ], [ -79.115341465772744, -4.390435677981156 ], [ -79.107418564167688, -4.358709851995025 ], [ -79.115706283833461, -4.341009735056523 ], [ -79.108954985332673, -4.333979984278264 ], [ -79.12101179485326, -4.308236116982295 ], [ -79.106159218807392, -4.289237566072529 ], [ -79.114729799287403, -4.267402289936659 ], [ -79.105806532159065, -4.260119550365727 ], [ -79.108981624410021, -4.224644477596772 ], [ -79.10056690172658, -4.209260318027743 ], [ -79.107936765213751, -4.185014960992478 ], [ -79.134793369397102, -4.161308965295987 ], [ -79.15997375961777, -4.153311841552281 ], [ -79.162738838158802, -4.114850129999223 ], [ -79.1535663658142, -4.066719378272445 ], [ -79.13991010702243, -4.056611139951207 ], [ -79.136387819649158, -4.035818266762814 ], [ -79.146078928359245, -4.017826197957961 ], [ -79.142948022600706, -3.973536456718279 ], [ -79.1514628344475, -3.963740072611732 ], [ -79.139485967297333, -3.949942120261057 ], [ -79.148321926839245, -3.925209846230004 ], [ -79.129573125709555, -3.878156533326476 ], [ -79.14542240046795, -3.856279376493704 ], [ -79.143017546393367, -3.822099373645488 ], [ -79.156991439975101, -3.818472062086314 ], [ -79.160369245200755, -3.804834556605696 ], [ -79.176639017139749, -3.794244364429744 ], [ -79.178989549815483, -3.765594215736497 ], [ -79.190527731324565, -3.752279160474752 ], [ -79.196140078007701, -3.726026840555705 ], [ -79.176319650435332, -3.711042955071853 ], [ -79.161472426587579, -3.714966798239218 ], [ -79.154149350403372, -3.692551117855816 ], [ -79.157673466341492, -3.663081857759561 ], [ -79.146864601166214, -3.659448267081073 ], [ -79.141198221231662, -3.666385845139723 ], [ -79.106400480354068, -3.647904900003168 ], [ -79.109515778247058, -3.632051396801576 ], [ -79.057886693240306, -3.610069967577032 ], [ -79.056276687683578, -3.598543130288034 ], [ -79.068964187732277, -3.590714694707722 ], [ -79.044867857368089, -3.576726509297128 ], [ -79.056721156087761, -3.572186410524735 ], [ -79.046081935944983, -3.549442615522768 ], [ -79.057129802696252, -3.54095145750192 ], [ -79.067307727791459, -3.502803948254712 ], [ -79.044271114125308, -3.482167288033709 ], [ -79.042862874101658, -3.472375103642306 ], [ -79.056041594767095, -3.459061249319387 ], [ -79.060886148789294, -3.438235538475875 ], [ -79.068846374481367, -3.438077752554056 ], [ -79.057556904325679, -3.42794039015043 ], [ -79.051012157776128, -3.399657937890604 ], [ -78.98975702891579, -3.353460016591624 ], [ -78.969376180591681, -3.353443888073048 ], [ -78.961648294023732, -3.343405660775139 ], [ -78.947266636092181, -3.342167395350354 ], [ -78.916174702264357, -3.367058700967304 ], [ -78.901568598214112, -3.394152375255147 ], [ -78.881371479492799, -3.40139828187662 ], [ -78.874753649845275, -3.421967147790536 ], [ -78.880658936312699, -3.446950859002202 ], [ -78.868854372365647, -3.45969905456101 ], [ -78.86438677695179, -3.489136100888149 ], [ -78.870521794159615, -3.502267314460072 ], [ -78.856151822694187, -3.51610207782778 ], [ -78.843709900785342, -3.516697123128496 ], [ -78.831800383311304, -3.549368690892834 ], [ -78.786327778221377, -3.550636111370253 ], [ -78.754676111767495, -3.568737665287802 ], [ -78.720784866824829, -3.561966123790912 ], [ -78.68424467434329, -3.587749862944296 ], [ -78.667253076293932, -3.549636890832802 ], [ -78.63119865079004, -3.534329135127877 ], [ -78.587258381706192, -3.551273390314502 ], [ -78.534955420517349, -3.537534859297638 ], [ -78.534808740088877, -3.528186216906736 ], [ -78.365199563942909, -3.529729176819825 ], [ -78.392094731054442, -3.560290824139514 ], [ -78.384238872870668, -3.567866705889139 ], [ -78.393487510513665, -3.581419457817263 ], [ -78.398229737305869, -3.622075600007991 ], [ -78.387058016950576, -3.641199970610187 ], [ -78.402088994347082, -3.651196091479002 ], [ -78.392802788113642, -3.677985208767893 ], [ -78.400065499582865, -3.689995799454932 ], [ -78.41681736742197, -3.685922316959085 ], [ -78.423419567538417, -3.692681898580029 ], [ -78.416385959722106, -3.719359018452696 ], [ -78.421834506210104, -3.724062782121952 ], [ -78.406269358580843, -3.743616672809793 ], [ -78.417271830776912, -3.766878412186358 ], [ -78.408591275063486, -3.772063567661923 ], [ -78.411904043567844, -3.788772890866906 ], [ -78.43467319266091, -3.819707158166507 ], [ -78.464292682929411, -3.827201053336418 ], [ -78.459178768832629, -3.837569969113567 ], [ -78.478649463533216, -3.867896010553858 ], [ -78.476817577773787, -3.881491337278383 ], [ -78.485510283890761, -3.894705708227188 ], [ -78.476722242107343, -3.907490976567729 ], [ -78.489976031639628, -3.936143594182049 ], [ -78.524413350068031, -3.937752882038954 ], [ -78.542969263920995, -3.975068953242954 ], [ -78.566689556024613, -3.993206041742578 ], [ -78.568024975988024, -4.047136335521028 ], [ -78.552129120008956, -4.052760707999467 ], [ -78.540124138719378, -4.07487259426577 ], [ -78.567500643123992, -4.102386572417689 ], [ -78.582649027973957, -4.135981311977027 ], [ -78.577739125787602, -4.19659753270635 ], [ -78.606624529541193, -4.219811158414656 ], [ -78.601216609656248, -4.252726224426742 ], [ -78.610900132144565, -4.264800718655328 ], [ -78.613900675484118, -4.289972373616172 ], [ -78.644995289543971, -4.315008364825633 ], [ -78.641703063021836, -4.333343490485862 ], [ -78.651208063447172, -4.361944493320789 ], [ -78.640760817600736, -4.373888768200858 ], [ -78.640846778448761, -4.401489821460601 ], [ -78.631738991083239, -4.415807614025701 ], [ -78.602216278740045, -4.410147238496593 ], [ -78.598846079072914, -4.42311353912069 ], [ -78.624201683728458, -4.442759224424924 ], [ -78.638766518026955, -4.483469466736887 ], [ -78.634627812572319, -4.501190672941488 ], [ -78.661520689584265, -4.530073679014707 ], [ -78.656155693045392, -4.563424298982271 ], [ -78.662871300459159, -4.570784012455964 ], [ -78.653057293799733, -4.585174307246884 ], [ -78.677828909576348, -4.592958202344681 ], [ -78.714336255036557, -4.628286363850254 ], [ -78.762536242266208, -4.628917433132372 ], [ -78.775131780371311, -4.642132258003942 ], [ -78.80394711777862, -4.636851123872924 ], [ -78.855309141558678, -4.666677600697309 ], [ -78.863419011769565, -4.690954831732521 ], [ -78.891035160481835, -4.720520545651043 ], [ -78.889279068290406, -4.763431916885044 ], [ -78.914869631056462, -4.780508772141553 ], [ -78.891919946331655, -4.807085702929289 ] ] ] } },
{ "type": "Feature", "properties": { "DPA_DESPRO": "TUNGURAHUA", "DPA_CANTON": "1801", "DPA_DESCAN": "AMBATO", "DPA_PROVIN": "18", "DPA_ANIO": "2024", "fcode": "HA003" }, "geometry": { "type": "Polygon", "coordinates": [ [ [ -78.542123746223879, -1.460938264204604 ], [ -78.539960908186529, -1.479847208909449 ], [ -78.563101956458055, -1.475648908582468 ], [ -78.635648055135334, -1.508403889005044 ], [ -78.636415542882261, -1.493164693226334 ], [ -78.688836377010091, -1.496417173941725 ], [ -78.692776981644371, -1.486735274244839 ], [ -78.726427694450607, -1.470161527135007 ], [ -78.772571088110567, -1.430128986629153 ], [ -78.800490018764009, -1.44754782895092 ], [ -78.813736481145014, -1.445217768561582 ], [ -78.832899102531556, -1.461583554004167 ], [ -78.843650792330209, -1.459575839415741 ], [ -78.85256091043334, -1.47089640340932 ], [ -78.886597590749076, -1.458778701658958 ], [ -78.909813177342059, -1.431039122482197 ], [ -78.916915159788147, -1.409962355873907 ], [ -78.931736960779872, -1.401965132605035 ], [ -78.926114326355474, -1.376395691670764 ], [ -78.938864317185519, -1.357864213206281 ], [ -78.934258434860624, -1.337730863269587 ], [ -78.915332168234983, -1.325214055677889 ], [ -78.914276114155598, -1.30889671729041 ], [ -78.893038946520008, -1.284657931208158 ], [ -78.885171413189596, -1.258658256337807 ], [ -78.894046409989969, -1.224381440821588 ], [ -78.884930768888609, -1.208293582552685 ], [ -78.863101836193408, -1.194000434157633 ], [ -78.859285581791838, -1.173583245301113 ], [ -78.845920051698386, -1.183051967909682 ], [ -78.796818547975803, -1.144477087208887 ], [ -78.78037008941395, -1.146121251206938 ], [ -78.745162374851716, -1.132277824370817 ], [ -78.725006439288109, -1.149905722663249 ], [ -78.673813449999216, -1.145053984870491 ], [ -78.665236136696592, -1.154622045065324 ], [ -78.65968008342324, -1.142357149190969 ], [ -78.625938319026758, -1.126424193362174 ], [ -78.613472855833933, -1.110125229710633 ], [ -78.585731523665416, -1.120956467037656 ], [ -78.567708088178023, -1.115657214506043 ], [ -78.570375816091868, -1.096333430373673 ], [ -78.562470228921626, -1.084108647778684 ], [ -78.567312677483216, -1.074369812208857 ], [ -78.576526831950588, -1.073919590630644 ], [ -78.55924870662416, -1.058860200434367 ], [ -78.523396658099173, -1.059294161520211 ], [ -78.502115492212226, -1.094184723682077 ], [ -78.465880132874631, -1.088051439883046 ], [ -78.446339236303217, -1.061249422867176 ], [ -78.445750890283222, -1.047486422232085 ], [ -78.434604057759202, -1.046430542647186 ], [ -78.410101658653915, -1.019391560495153 ], [ -78.403934389879808, -0.994269128029628 ], [ -78.374572972049322, -1.005810928564027 ], [ -78.361153376528961, -0.998695575079233 ], [ -78.326162668603132, -1.043827731801781 ], [ -78.332270869149539, -1.085137693172893 ], [ -78.342952370320688, -1.097693659138963 ], [ -78.334101823965781, -1.109963844084544 ], [ -78.33797928824147, -1.13516378959347 ], [ -78.359402953586738, -1.160993061996729 ], [ -78.351035326689498, -1.173716869252408 ], [ -78.322091878725914, -1.164863037526912 ], [ -78.311330520145205, -1.142846387936315 ], [ -78.26648605465239, -1.13920105032204 ], [ -78.264205407973819, -1.157028336609226 ], [ -78.246075999329051, -1.154179544942834 ], [ -78.229163840700792, -1.138940506167156 ], [ -78.190014326055319, -1.158719328859008 ], [ -78.188073178278742, -1.18275324854281 ], [ -78.169836749439824, -1.187703241169924 ], [ -78.152609721985897, -1.179575858526787 ], [ -78.134497828355151, -1.182292154464589 ], [ -78.129457255946846, -1.191525993891075 ], [ -78.116641606455062, -1.188837856707715 ], [ -78.124697799683361, -1.225586886112397 ], [ -78.118339716378827, -1.268753969060413 ], [ -78.110070610407334, -1.278847954385926 ], [ -78.121702368087099, -1.336935310790006 ], [ -78.119323964235249, -1.362452371399354 ], [ -78.129126332171012, -1.367455808364068 ], [ -78.128353705154439, -1.384181068498784 ], [ -78.148295387040164, -1.397255366796109 ], [ -78.143178797391357, -1.412719761862331 ], [ -78.151168514038744, -1.429419702352063 ], [ -78.192409809064245, -1.455405263258575 ], [ -78.196843240945512, -1.47486918274582 ], [ -78.217574730999758, -1.473751035415471 ], [ -78.22303233722549, -1.487167268056994 ], [ -78.265351060589467, -1.50334867008869 ], [ -78.276349957766712, -1.498310581695883 ], [ -78.279014493910438, -1.481985038880185 ], [ -78.297612259574223, -1.480038633967206 ], [ -78.317077607339399, -1.497509471482932 ], [ -78.345191640376271, -1.503554178891856 ], [ -78.348516213033093, -1.523592672977691 ], [ -78.364578299374813, -1.514236499919297 ], [ -78.36446666632898, -1.496963888863745 ], [ -78.387203052278991, -1.494159503547998 ], [ -78.395405754631327, -1.484602514075762 ], [ -78.423322428073575, -1.485347647376854 ], [ -78.493313333717566, -1.445390287394623 ], [ -78.498884919462469, -1.433953092692357 ], [ -78.513182500070485, -1.474183333060044 ], [ -78.542123746223879, -1.460938264204604 ] ], [ [ -78.642052087477069, -1.344468143565937 ], [ -78.642002676566236, -1.344513782357591 ], [ -78.6420593187419, -1.344454818150277 ], [ -78.642052087477069, -1.344468143565937 ] ], [ [ -78.64188582630068, -1.344618853936487 ], [ -78.641636921811582, -1.344819609115872 ], [ -78.641965795249973, -1.344547849134438 ], [ -78.64188582630068, -1.344618853936487 ] ], [ [ -78.641576887885307, -1.344880756649262 ], [ -78.641560757109602, -1.344900302556844 ], [ -78.641636921811582, -1.344819609115872 ], [ -78.641576887885307, -1.344880756649262 ] ], [ [ -78.641524692835134, -1.34494400084431 ], [ -78.641452293955666, -1.345076255945418 ], [ -78.641560757109602, -1.344900302556844 ], [ -78.641524692835134, -1.34494400084431 ] ], [ [ -78.641373944209249, -1.345210042867369 ], [ -78.64129573324081, -1.345304073038923 ], [ -78.641452293955666, -1.345076255945418 ], [ -78.641373944209249, -1.345210042867369 ] ], [ [ -78.641205618307652, -1.345414729813846 ], [ -78.641136283870324, -1.345546988737213 ], [ -78.64129573324081, -1.345304073038923 ], [ -78.641205618307652, -1.345414729813846 ] ], [ [ -78.640603747041496, -1.346209440807878 ], [ -78.6409090506436, -1.346086077153956 ], [ -78.640841458437393, -1.346121315286201 ], [ -78.640603747041496, -1.346209440807878 ] ], [ [ -78.640603747041496, -1.346209440807878 ], [ -78.640205949252788, -1.346337937284472 ], [ -78.640015036258816, -1.346456858104771 ], [ -78.640603747041496, -1.346209440807878 ] ], [ [ -78.639928576052199, -1.34658872770322 ], [ -78.63993029220002, -1.346949167719871 ], [ -78.639971537471581, -1.34715607343649 ], [ -78.639928576052199, -1.34658872770322 ] ], [ [ -78.640070801947459, -1.347461630995554 ], [ -78.640077735377304, -1.347490885212902 ], [ -78.639981668108931, -1.347187429751218 ], [ -78.640070801947459, -1.347461630995554 ] ], [ [ -78.640291080893078, -1.348207557064183 ], [ -78.640304895911513, -1.348257392920916 ], [ -78.64024250518996, -1.348041459490688 ], [ -78.640291080893078, -1.348207557064183 ] ], [ [ -78.64037305088813, -1.348503246573883 ], [ -78.64042900459053, -1.348705091043956 ], [ -78.640304895911513, -1.348257392920916 ], [ -78.64037305088813, -1.348503246573883 ] ], [ [ -78.640469224340563, -1.348827764448697 ], [ -78.640519200183988, -1.348995757224256 ], [ -78.640466751800375, -1.348820223050677 ], [ -78.640469224340563, -1.348827764448697 ] ], [ [ -78.640784041589441, -1.349962026686426 ], [ -78.640956024079941, -1.350602209345551 ], [ -78.641004999420616, -1.350799813021863 ], [ -78.640956024079941, -1.350602209345569 ], [ -78.640803322366466, -1.350035926546651 ], [ -78.640784041589441, -1.349962026686426 ] ], [ [ -78.641144630180889, -1.351352014934076 ], [ -78.641199669023337, -1.351574124298485 ], [ -78.641080593951784, -1.351116377594774 ], [ -78.641144630180889, -1.351352014934076 ] ], [ [ -78.641217914760531, -1.351633573787809 ], [ -78.641342779475352, -1.35204639768418 ], [ -78.641209841254408, -1.351607494010215 ], [ -78.641217914760531, -1.351633573787809 ] ], [ [ -78.641354034280766, -1.352083607366651 ], [ -78.641409723270201, -1.352294175009074 ], [ -78.641342779475352, -1.35204639768418 ], [ -78.641354034280766, -1.352083607366651 ] ], [ [ -78.64145900490125, -1.352504619787236 ], [ -78.641509851919679, -1.352706780453862 ], [ -78.641409723270201, -1.352294175009074 ], [ -78.64145900490125, -1.352504619787236 ] ], [ [ -78.64155052439061, -1.352904495465775 ], [ -78.641597838713878, -1.353102216989564 ], [ -78.641513301965304, -1.352720496836679 ], [ -78.64155052439061, -1.352904495465775 ] ], [ [ -78.641774042800421, -1.353718527524536 ], [ -78.64172205828919, -1.35353269925178 ], [ -78.641770204984311, -1.35370364646238 ], [ -78.641774042800421, -1.353718527524536 ] ], [ [ -78.641972079642173, -1.354392861014267 ], [ -78.642031368967906, -1.354601743763702 ], [ -78.641908417298481, -1.354204273230512 ], [ -78.641972079642173, -1.354392861014267 ] ], [ [ -78.642267162864101, -1.355417594462391 ], [ -78.642371221442204, -1.355930237793509 ], [ -78.642489789323847, -1.356536902355226 ], [ -78.642267162864101, -1.355417594462391 ] ], [ [ -78.642489789323847, -1.356536902355226 ], [ -78.642589630855596, -1.356935383773265 ], [ -78.642691858164, -1.357263064299567 ], [ -78.642489789323847, -1.356536902355226 ] ], [ [ -78.642812497856966, -1.357636020424993 ], [ -78.643030757660995, -1.358213788784717 ], [ -78.642691858164, -1.357263064299567 ], [ -78.642812497856966, -1.357636020424993 ] ], [ [ -78.640268055620041, -1.358060775670484 ], [ -78.63990223418763, -1.3580297403544 ], [ -78.640434064555023, -1.358074859829119 ], [ -78.640268055620041, -1.358060775670484 ] ], [ [ -78.639719321462394, -1.358062138138897 ], [ -78.639816555918003, -1.358020706069372 ], [ -78.639816555918017, -1.358020706069373 ], [ -78.639719321462394, -1.358062138138897 ] ], [ [ -78.639613439358982, -1.358087099783203 ], [ -78.639613439358968, -1.358087099783203 ], [ -78.639616453265333, -1.358086814136717 ], [ -78.639613439358982, -1.358087099783203 ] ], [ [ -78.638086476671617, -1.357916544156277 ], [ -78.638056836585122, -1.35792763091092 ], [ -78.638138156643379, -1.357905461003474 ], [ -78.638086476671617, -1.357916544156277 ] ], [ [ -78.637841650097045, -1.358198164026493 ], [ -78.63768450526122, -1.358357689977031 ], [ -78.637594370872165, -1.35843647504431 ], [ -78.637841650097045, -1.358198164026493 ] ], [ [ -78.63749743618294, -1.358520115161353 ], [ -78.637433363513125, -1.358563659743999 ], [ -78.637386176653052, -1.358589911988402 ], [ -78.63749743618294, -1.358520115161353 ] ], [ [ -78.63694949663379, -1.358648611360362 ], [ -78.636732656345401, -1.35860708176005 ], [ -78.637147029794832, -1.35863232501276 ], [ -78.63694949663379, -1.358648611360362 ] ], [ [ -78.636417331357251, -1.358585933287683 ], [ -78.636357667540736, -1.358620278941618 ], [ -78.636425769559125, -1.358583531131038 ], [ -78.636417331357251, -1.358585933287683 ] ], [ [ -78.636106964692061, -1.358851552181183 ], [ -78.636014676959405, -1.358937778720779 ], [ -78.636229536017481, -1.358727921899678 ], [ -78.636106964692061, -1.358851552181183 ] ], [ [ -78.63574545691506, -1.359179048439151 ], [ -78.635546202319375, -1.359324342149583 ], [ -78.635454539944888, -1.359379839382271 ], [ -78.63574545691506, -1.359179048439151 ] ], [ [ -78.634255748011, -1.359971610926874 ], [ -78.634154092930032, -1.360051823917587 ], [ -78.634358169095165, -1.359913648522936 ], [ -78.634255748011, -1.359971610926874 ] ], [ [ -78.634131167737934, -1.360073706729377 ], [ -78.634045217818169, -1.360155747623421 ], [ -78.634154092930032, -1.360051823917587 ], [ -78.634131167737934, -1.360073706729377 ] ], [ [ -78.633903239535087, -1.360316640847951 ], [ -78.633546750435698, -1.360719601690196 ], [ -78.633502131393129, -1.360775611400588 ], [ -78.633903239535087, -1.360316640847951 ] ], [ [ -78.633340771247646, -1.360978165735484 ], [ -78.63305469460343, -1.361353519514413 ], [ -78.632946450664804, -1.36147964913798 ], [ -78.633340771247646, -1.360978165735484 ] ], [ [ -78.63245724443297, -1.361757378603229 ], [ -78.631785815150394, -1.361918297251556 ], [ -78.632502542897768, -1.361743450164237 ], [ -78.63245724443297, -1.361757378603229 ] ], [ [ -78.631193487823623, -1.362086196393258 ], [ -78.631169123534647, -1.362096472542552 ], [ -78.63126106856383, -1.36206628663279 ], [ -78.631193487823623, -1.362086196393258 ] ], [ [ -78.629602250157475, -1.362871764666135 ], [ -78.629389414974028, -1.362999236884436 ], [ -78.629386479019146, -1.363001490076678 ], [ -78.629602250157475, -1.362871764666135 ] ], [ [ -78.629109353154305, -1.36320159719399 ], [ -78.6290947592029, -1.363213624056824 ], [ -78.629124339999677, -1.363196749718026 ], [ -78.629109353154305, -1.36320159719399 ] ], [ [ -78.629012335701674, -1.363285812182953 ], [ -78.628847055815896, -1.36338660565719 ], [ -78.629063060903945, -1.363239746694337 ], [ -78.629012335701674, -1.363285812182953 ] ], [ [ -78.628796909809409, -1.363417186183129 ], [ -78.628324709405476, -1.363596812126426 ], [ -78.628094070629245, -1.363672228303541 ], [ -78.628796909809409, -1.363417186183129 ] ], [ [ -78.627632612438745, -1.363972650817313 ], [ -78.627430645339842, -1.364245194454064 ], [ -78.627689173841731, -1.363906428695811 ], [ -78.627632612438745, -1.363972650817313 ] ], [ [ -78.627102745530166, -1.364644993393498 ], [ -78.6269652309512, -1.36480277375546 ], [ -78.627212757816636, -1.364509090027662 ], [ -78.627102745530166, -1.364644993393498 ] ], [ [ -78.62669598120776, -1.365078937117712 ], [ -78.626645685403304, -1.365113876166233 ], [ -78.626751814018135, -1.365028959317924 ], [ -78.62669598120776, -1.365078937117712 ] ], [ [ -78.626592625628092, -1.365135444914356 ], [ -78.626452200078617, -1.365172340006449 ], [ -78.626611737474477, -1.365128066015822 ], [ -78.626592625628092, -1.365135444914356 ] ], [ [ -78.626452200078617, -1.365172340006449 ], [ -78.626262712687677, -1.365214998685018 ], [ -78.626135859969551, -1.365250135500252 ], [ -78.626452200078617, -1.365172340006449 ] ], [ [ -78.625946550787376, -1.365322639873188 ], [ -78.625882279631654, -1.365352844175304 ], [ -78.626130318658824, -1.365251670314735 ], [ -78.625946550787376, -1.365322639873188 ] ], [ [ -78.625036044634513, -1.365658284824635 ], [ -78.624931624976853, -1.365687162309945 ], [ -78.625318941443339, -1.365580049593147 ], [ -78.625036044634513, -1.365658284824635 ] ], [ [ -78.624771372615172, -1.365709641254153 ], [ -78.624568769058158, -1.365715427382707 ], [ -78.624837617620543, -1.365704129828909 ], [ -78.624771372615172, -1.365709641254153 ] ], [ [ -78.62434507821763, -1.365708935926214 ], [ -78.623931177873828, -1.365696923672031 ], [ -78.624568769058158, -1.365715427382707 ], [ -78.62434507821763, -1.365708935926214 ] ], [ [ -78.623749685111136, -1.365701258217105 ], [ -78.623731016898716, -1.365819297415376 ], [ -78.623931177873828, -1.365696923672031 ], [ -78.623749685111136, -1.365701258217105 ] ], [ [ -78.623731016898716, -1.365819297415376 ], [ -78.623653279077203, -1.366140170700461 ], [ -78.623636680075052, -1.36617973063902 ], [ -78.623731016898716, -1.365819297415376 ] ], [ [ -78.623627820612256, -1.366200844271316 ], [ -78.623579712466778, -1.366268014525337 ], [ -78.623636680075052, -1.36617973063902 ], [ -78.623627820612256, -1.366200844271316 ] ], [ [ -78.623384236057973, -1.366424309659441 ], [ -78.623318349100813, -1.366485895693193 ], [ -78.623462320335278, -1.366375986677328 ], [ -78.623384236057973, -1.366424309659441 ] ], [ [ -78.622980194386756, -1.366870241851732 ], [ -78.622697886235997, -1.36688895866128 ], [ -78.623077515219165, -1.366848454368983 ], [ -78.622980194386756, -1.366870241851732 ] ], [ [ -78.622522609657665, -1.366900578600619 ], [ -78.622103628172354, -1.366933046356887 ], [ -78.622543142723416, -1.366899216939153 ], [ -78.622522609657665, -1.366900578600619 ] ], [ [ -78.620058464054253, -1.367504358405498 ], [ -78.619790138182466, -1.367630295187367 ], [ -78.620165235457932, -1.367463037352189 ], [ -78.620058464054253, -1.367504358405498 ] ], [ [ -78.619293993906396, -1.367887831797663 ], [ -78.619089498781634, -1.367988796264827 ], [ -78.618827736694996, -1.368096449881256 ], [ -78.619293993906396, -1.367887831797663 ] ], [ [ -78.618312149190103, -1.368360321797637 ], [ -78.618145928090556, -1.368466655148928 ], [ -78.618391283168307, -1.368317640004719 ], [ -78.618312149190103, -1.368360321797637 ] ], [ [ -78.617946268316658, -1.36859907889292 ], [ -78.617887619566346, -1.368643316016827 ], [ -78.618145928090556, -1.368466655148928 ], [ -78.617946268316658, -1.36859907889292 ] ], [ [ -78.617821932560545, -1.368727947692908 ], [ -78.617759675283196, -1.368858354690903 ], [ -78.617853962858803, -1.368681014621377 ], [ -78.617821932560545, -1.368727947692908 ] ], [ [ -78.617688078812648, -1.368993542310077 ], [ -78.617646857069531, -1.369067534649367 ], [ -78.617475303568597, -1.369311198946653 ], [ -78.617688078812648, -1.368993542310077 ] ], [ [ -78.616967149923127, -1.370013009708835 ], [ -78.616907522757899, -1.370092954051953 ], [ -78.616989404998392, -1.369983171261306 ], [ -78.616967149923127, -1.370013009708835 ] ], [ [ -78.616744924173602, -1.370275147385433 ], [ -78.616629782250953, -1.37038072061113 ], [ -78.616907522757899, -1.370092954051953 ], [ -78.616744924173602, -1.370275147385433 ] ], [ [ -78.616507048480798, -1.370411627166585 ], [ -78.616468102184143, -1.370426055690417 ], [ -78.616546956630643, -1.3703981713395 ], [ -78.616507048480798, -1.370411627166585 ] ], [ [ -78.616435747676661, -1.370437477084719 ], [ -78.616396793033033, -1.370460344772056 ], [ -78.616468102184143, -1.370426055690417 ], [ -78.616435747676661, -1.370437477084719 ] ], [ [ -78.616396793033033, -1.370460344772056 ], [ -78.616287091059291, -1.37057058319491 ], [ -78.616253256681446, -1.37059806518924 ], [ -78.616287091059277, -1.37057058319491 ], [ -78.616375239779615, -1.370477995183188 ], [ -78.616396793033033, -1.370460344772056 ] ], [ [ -78.616253256681446, -1.37059806518924 ], [ -78.615855398669751, -1.370872215209346 ], [ -78.615805823019983, -1.370916391898941 ], [ -78.615855398669737, -1.370872215209346 ], [ -78.616253256681446, -1.37059806518924 ] ], [ [ -78.615572580099368, -1.371127091794896 ], [ -78.615399967643839, -1.371297770267596 ], [ -78.615645947896269, -1.37106046625052 ], [ -78.615572580099368, -1.371127091794896 ] ], [ [ -78.615171894274113, -1.371509532175592 ], [ -78.61512964015543, -1.371557624107849 ], [ -78.615230384597439, -1.371460306336235 ], [ -78.615171894274113, -1.371509532175592 ] ], [ [ -78.614166934962526, -1.373706591519741 ], [ -78.615127808396849, -1.371559708941527 ], [ -78.615127808396863, -1.371559708941511 ], [ -78.614166934962526, -1.373706591519741 ] ], [ [ -78.614080586681851, -1.373714188180914 ], [ -78.614043755578493, -1.37373214673925 ], [ -78.614131080819391, -1.373705770857689 ], [ -78.614080586681851, -1.373714188180914 ] ], [ [ -78.614043755578493, -1.37373214673925 ], [ -78.613991125386406, -1.373770688336992 ], [ -78.613929473039803, -1.373813788664494 ], [ -78.614043755578493, -1.37373214673925 ] ], [ [ -78.613322769440998, -1.374289328044059 ], [ -78.613265856265656, -1.374339329002472 ], [ -78.613453865180389, -1.374185895866916 ], [ -78.613322769440998, -1.374289328044059 ] ], [ [ -78.613017616138137, -1.374599069512068 ], [ -78.612980764290242, -1.374626150524417 ], [ -78.613077972644788, -1.374545629853617 ], [ -78.613017616138137, -1.374599069512068 ] ], [ [ -78.612876133748983, -1.374634255671318 ], [ -78.612798034181651, -1.37463814624691 ], [ -78.61293448143077, -1.374622062440785 ], [ -78.612876133748983, -1.374634255671318 ] ], [ [ -78.611640153037897, -1.374378933930761 ], [ -78.611634901725296, -1.374375892456025 ], [ -78.611741866386964, -1.374435796282236 ], [ -78.611640153037897, -1.374378933930761 ] ], [ [ -78.611418921353092, -1.374263569652287 ], [ -78.611388325701625, -1.37425483756171 ], [ -78.611464823521686, -1.374282834446352 ], [ -78.611418921353092, -1.374263569652287 ] ], [ [ -78.610975606016027, -1.374115732970998 ], [ -78.610959460986706, -1.374106657473367 ], [ -78.611001569394332, -1.374125894942252 ], [ -78.610975606016027, -1.374115732970998 ] ], [ [ -78.610620299507175, -1.373952141084112 ], [ -78.610585212197336, -1.373943596678337 ], [ -78.610567708680492, -1.373942249363984 ], [ -78.610620299507175, -1.373952141084112 ] ], [ [ -78.610369932574073, -1.373986501201233 ], [ -78.610353060011775, -1.3739973440837 ], [ -78.610380411793315, -1.373981424408667 ], [ -78.610369932574073, -1.373986501201233 ] ], [ [ -78.610332353567898, -1.374004270873952 ], [ -78.610306180942388, -1.37400855718819 ], [ -78.610341088828065, -1.373999856717638 ], [ -78.610332353567898, -1.374004270873952 ] ], [ [ -78.609569169936876, -1.373888750356114 ], [ -78.609552874667855, -1.373888978906984 ], [ -78.609546149192695, -1.373890049621728 ], [ -78.609552874667855, -1.373888978906967 ], [ -78.609569169936861, -1.373888750356114 ], [ -78.609584921148226, -1.373886496443874 ], [ -78.609569169936876, -1.373888750356114 ] ], [ [ -78.609546149192695, -1.373890049621728 ], [ -78.609532479374067, -1.37389281364156 ], [ -78.609524780744465, -1.373896156770985 ], [ -78.609546149192695, -1.373890049621728 ] ], [ [ -78.609454062825421, -1.373932975091645 ], [ -78.609433669462675, -1.373942996353249 ], [ -78.609428944633422, -1.37394358728589 ], [ -78.609454062825421, -1.373932975091645 ] ], [ [ -78.609027825258892, -1.373554293508468 ], [ -78.60901536193856, -1.373542322809236 ], [ -78.609036132856758, -1.373564466616238 ], [ -78.609027825258892, -1.373554293508468 ] ], [ [ -78.608986861939769, -1.373526149836911 ], [ -78.608979292446747, -1.373524237263859 ], [ -78.608993137620885, -1.373528864758781 ], [ -78.608986861939769, -1.373526149836911 ] ], [ [ -78.608883499349417, -1.373517675283449 ], [ -78.608922710479604, -1.373515921378749 ], [ -78.608922710479604, -1.373515921378749 ], [ -78.608883499349417, -1.373517675283449 ] ], [ [ -78.608462209523154, -1.373251347888629 ], [ -78.608356099509436, -1.37321270990551 ], [ -78.608519959572575, -1.373273512842641 ], [ -78.608462209523154, -1.373251347888629 ] ], [ [ -78.60726009242056, -1.372496183315929 ], [ -78.60720016933972, -1.372425213134806 ], [ -78.607312648675304, -1.372557064618449 ], [ -78.60726009242056, -1.372496183315929 ] ], [ [ -78.606265815624695, -1.371622774804591 ], [ -78.6062532872579, -1.371623865888547 ], [ -78.606266001349582, -1.37162276683549 ], [ -78.606265815624695, -1.371622774804591 ] ], [ [ -78.60623278758905, -1.371634285660852 ], [ -78.606227451364276, -1.37163645876336 ], [ -78.60623991785566, -1.371629398952504 ], [ -78.60623278758905, -1.371634285660852 ] ], [ [ -78.606188779881137, -1.371672784106065 ], [ -78.606172828925168, -1.371687007210083 ], [ -78.60620741311493, -1.371657944938364 ], [ -78.606188779881137, -1.371672784106065 ] ], [ [ -78.606149722274623, -1.371698191363886 ], [ -78.606141917134053, -1.371699451585884 ], [ -78.606164339914798, -1.371691483542834 ], [ -78.606149722274623, -1.371698191363886 ] ], [ [ -78.606074722234084, -1.371708486930347 ], [ -78.606077532869406, -1.371707590054499 ], [ -78.606077532869421, -1.371707590054499 ], [ -78.606074722234084, -1.371708486930347 ] ], [ [ -78.60605367025525, -1.371712895602934 ], [ -78.606040718464357, -1.371713486383787 ], [ -78.606060813418836, -1.371711846805534 ], [ -78.60605367025525, -1.371712895602934 ] ], [ [ -78.605052891584535, -1.370357471659891 ], [ -78.605052891584535, -1.370357471659884 ], [ -78.605052943366189, -1.370358259104885 ], [ -78.605052891584535, -1.370357471659891 ] ], [ [ -78.604977081900884, -1.3700911956671 ], [ -78.604977081900884, -1.370091195667094 ], [ -78.60498739713384, -1.370101047151287 ], [ -78.604977081900884, -1.3700911956671 ] ], [ [ -78.604537216507879, -1.369409041460846 ], [ -78.604475390406066, -1.369329427888453 ], [ -78.604582828159522, -1.369453728900668 ], [ -78.604537216507879, -1.369409041460846 ] ], [ [ -78.604313173004016, -1.368870857746235 ], [ -78.604311596569701, -1.368865823558207 ], [ -78.604315704597767, -1.368877253803526 ], [ -78.604313173004016, -1.368870857746235 ] ], [ [ -78.603906656491091, -1.368081882211265 ], [ -78.603872402826568, -1.368002705018386 ], [ -78.603925201771091, -1.368117562734719 ], [ -78.603906656491091, -1.368081882211265 ] ], [ [ -78.603775082590914, -1.367797005424894 ], [ -78.603767926955413, -1.367780882051336 ], [ -78.603801288546293, -1.367845807870113 ], [ -78.603775082590914, -1.367797005424894 ] ], [ [ -78.6036024568551, -1.36754350714266 ], [ -78.603599128001392, -1.367525761447587 ], [ -78.603602610424701, -1.367550759531805 ], [ -78.6036024568551, -1.36754350714266 ] ], [ [ -78.603601045271404, -1.367507013143472 ], [ -78.603601242354841, -1.367511144304194 ], [ -78.603601242354841, -1.367511144304198 ], [ -78.603601045271404, -1.367507013143472 ] ], [ [ -78.603612842902635, -1.367483800314608 ], [ -78.603629936859861, -1.36747325506835 ], [ -78.603610629185084, -1.367486622849144 ], [ -78.603612842902635, -1.367483800314608 ] ], [ [ -78.603742438882151, -1.367363440239058 ], [ -78.603748622184469, -1.36735567807351 ], [ -78.603705593267989, -1.367402744076064 ], [ -78.603742438882151, -1.367363440239058 ] ], [ [ -78.603672153778248, -1.367186391739131 ], [ -78.603672153778248, -1.367186391739127 ], [ -78.603703603008725, -1.367223494441936 ], [ -78.603672153778248, -1.367186391739131 ] ], [ [ -78.60291131263439, -1.36627518591796 ], [ -78.602858976286228, -1.3662397773343 ], [ -78.603004817960368, -1.36633021078204 ], [ -78.60291131263439, -1.36627518591796 ] ], [ [ -78.602698481621886, -1.366155006133469 ], [ -78.602668057141727, -1.366154176495213 ], [ -78.602552560231445, -1.366134292422353 ], [ -78.602668057141727, -1.366154176495213 ], [ -78.602705317786075, -1.366156373415577 ], [ -78.602698481621886, -1.366155006133469 ] ], [ [ -78.601938853002864, -1.366015948925746 ], [ -78.601930494437738, -1.366018267241417 ], [ -78.60194449024074, -1.366014508302896 ], [ -78.601938853002864, -1.366015948925746 ] ], [ [ -78.601922980784266, -1.366021728068926 ], [ -78.601905377076477, -1.366033725410436 ], [ -78.601930494437738, -1.366018267241417 ], [ -78.601922980784266, -1.366021728068926 ] ], [ [ -78.601898345024225, -1.366040606286652 ], [ -78.601890960005392, -1.366047485904154 ], [ -78.601905377076477, -1.366033725410436 ], [ -78.601898345024225, -1.366040606286652 ] ], [ [ -78.601842263703759, -1.3661128923064 ], [ -78.601838714007357, -1.366115869898365 ], [ -78.601857136029295, -1.366091086396047 ], [ -78.601842263703759, -1.3661128923064 ] ], [ [ -78.601833308159058, -1.366120358802832 ], [ -78.601826794734208, -1.366121401719327 ], [ -78.601838714007357, -1.366115869898365 ], [ -78.601833308159058, -1.366120358802832 ] ], [ [ -78.601808402161822, -1.366133701081561 ], [ -78.601808402161808, -1.366133701081561 ], [ -78.601826794734208, -1.366121401719327 ], [ -78.601808402161822, -1.366133701081561 ] ], [ [ -78.601794089482496, -1.366136387639015 ], [ -78.601774906140903, -1.366138235878652 ], [ -78.601768661997809, -1.366140344798192 ], [ -78.601774906140903, -1.366138235878635 ], [ -78.601794089482482, -1.366136387639015 ], [ -78.601800759945633, -1.366133670803326 ], [ -78.601794089482496, -1.366136387639015 ] ], [ [ -78.601023841023022, -1.366323964202125 ], [ -78.600905387306767, -1.366354135757312 ], [ -78.600814996411998, -1.366380136771072 ], [ -78.601023841023022, -1.366323964202125 ] ], [ [ -78.600814996411998, -1.366380136771072 ], [ -78.600768852863482, -1.366396424362534 ], [ -78.600755873425044, -1.366404137189029 ], [ -78.600814996411998, -1.366380136771072 ] ], [ [ -78.600726467281277, -1.366426117377104 ], [ -78.600719944204045, -1.366437791383326 ], [ -78.600742583973812, -1.366412006987148 ], [ -78.600726467281277, -1.366426117377104 ] ], [ [ -78.600705573221205, -1.366458503111086 ], [ -78.600704195514894, -1.366459104696477 ], [ -78.600712343611775, -1.366445596395181 ], [ -78.600705573221205, -1.366458503111086 ] ], [ [ -78.600690620617229, -1.366468889580694 ], [ -78.600684807909118, -1.366471573826648 ], [ -78.600694615894582, -1.366465569067461 ], [ -78.600690620617229, -1.366468889580694 ] ], [ [ -78.600652964110353, -1.366478288725354 ], [ -78.600652754335215, -1.366478337905971 ], [ -78.600655945762213, -1.366475736317792 ], [ -78.600652964110353, -1.366478288725354 ] ], [ [ -78.600640946374966, -1.366484394427996 ], [ -78.600637811695705, -1.366490007383791 ], [ -78.600642783849366, -1.366482388770293 ], [ -78.600640946374966, -1.366484394427996 ] ], [ [ -78.600603376147433, -1.366516350291251 ], [ -78.600595981318122, -1.36651863702471 ], [ -78.600609330901747, -1.366513524271912 ], [ -78.600603376147433, -1.366516350291251 ] ], [ [ -78.600587376350006, -1.36652037114463 ], [ -78.600541798414113, -1.366522402532399 ], [ -78.600595981318122, -1.36651863702471 ], [ -78.600587376350006, -1.36652037114463 ] ], [ [ -78.600340250588431, -1.366563811254484 ], [ -78.600327839053236, -1.366571241716293 ], [ -78.600347649019554, -1.366560609750573 ], [ -78.600340250588431, -1.366563811254484 ] ], [ [ -78.600296020098796, -1.366598164853486 ], [ -78.600265980301501, -1.366618807476762 ], [ -78.600301934897743, -1.366592135425282 ], [ -78.600296020098796, -1.366598164853486 ] ], [ [ -78.60022326165064, -1.366659212583773 ], [ -78.6001917437721, -1.366713061330278 ], [ -78.600183492477242, -1.366723617839007 ], [ -78.60022326165064, -1.366659212583773 ] ], [ [ -78.600147054070163, -1.366746773570741 ], [ -78.600147054070149, -1.36674677357074 ], [ -78.600154932749987, -1.366744732292036 ], [ -78.600147054070163, -1.366746773570741 ] ], [ [ -78.600135805667463, -1.366746018320845 ], [ -78.600115741736545, -1.366743927043665 ], [ -78.600146444514849, -1.366746732643455 ], [ -78.600135805667463, -1.366746018320845 ] ], [ [ -78.599829979767705, -1.366731416796992 ], [ -78.599782791678805, -1.366728742500459 ], [ -78.599767213085727, -1.366731886957027 ], [ -78.599829979767705, -1.366731416796992 ] ], [ [ -78.599738736787486, -1.366738223763776 ], [ -78.599726545118102, -1.366744026464497 ], [ -78.599753401527863, -1.366733722495955 ], [ -78.599738736787486, -1.366738223763776 ] ], [ [ -78.599705806153935, -1.366764030311728 ], [ -78.599696511294653, -1.366772220488907 ], [ -78.599726545118102, -1.366744026464497 ], [ -78.599705806153935, -1.366764030311728 ] ], [ [ -78.599681364596634, -1.366791747265086 ], [ -78.599666768840621, -1.366815406449779 ], [ -78.599696511294653, -1.366772220488907 ], [ -78.599681364596634, -1.366791747265086 ] ], [ [ -78.599648604549614, -1.366841116670767 ], [ -78.599628482959631, -1.366876129051122 ], [ -78.599666768840621, -1.366815406449779 ], [ -78.599648604549614, -1.366841116670767 ] ], [ [ -78.599524381234076, -1.367022278901612 ], [ -78.599496787638358, -1.367050472657582 ], [ -78.599485029424244, -1.36705842804166 ], [ -78.599524381234076, -1.367022278901612 ] ], [ [ -78.599475439278905, -1.367064606677999 ], [ -78.599413506415203, -1.367095461376656 ], [ -78.599382281042736, -1.367107101458328 ], [ -78.599475439278905, -1.367064606677999 ] ], [ [ -78.599186042364295, -1.367113987981973 ], [ -78.59913267848215, -1.367107027345826 ], [ -78.599246770013096, -1.367120997611547 ], [ -78.599186042364295, -1.367113987981973 ] ], [ [ -78.598963582448548, -1.367093972514846 ], [ -78.598961003988762, -1.367094954077571 ], [ -78.59897052157821, -1.367092931849489 ], [ -78.598963582448548, -1.367093972514846 ] ], [ [ -78.598849596835166, -1.367169539067469 ], [ -78.598908332739654, -1.367128325788044 ], [ -78.598885173830567, -1.367143276027084 ], [ -78.598849596835166, -1.367169539067469 ] ], [ [ -78.598826769006777, -1.367184822283254 ], [ -78.598813924100227, -1.36719724558155 ], [ -78.598848841899098, -1.367170044506627 ], [ -78.598826769006777, -1.367184822283254 ] ], [ [ -78.598800127963173, -1.367211581535891 ], [ -78.598794415774378, -1.367220664773285 ], [ -78.598813924100227, -1.36719724558155 ], [ -78.598800127963173, -1.367211581535891 ] ], [ [ -78.598203474329779, -1.367097843325281 ], [ -78.598061991082602, -1.3671475993951 ], [ -78.598032793266171, -1.367156493773297 ], [ -78.598203474329779, -1.367097843325281 ] ], [ [ -78.597883320244222, -1.367193175288332 ], [ -78.597883320244208, -1.367193175288332 ], [ -78.597886895994279, -1.367192710583904 ], [ -78.597883320244222, -1.367193175288332 ] ], [ [ -78.597842962951077, -1.367194593571008 ], [ -78.597864357244774, -1.367192959129468 ], [ -78.597864357244788, -1.367192959129469 ], [ -78.597842962951077, -1.367194593571008 ] ], [ [ -78.597735432996998, -1.367193584933267 ], [ -78.597721059760929, -1.367194879338937 ], [ -78.597766429531717, -1.367192565797187 ], [ -78.597735432996998, -1.367193584933267 ] ], [ [ -78.597640493855451, -1.367200847249035 ], [ -78.597685983662558, -1.367194331475238 ], [ -78.597685983662572, -1.367194331475239 ], [ -78.597640493855451, -1.367200847249035 ] ], [ [ -78.597480315056828, -1.367185615604785 ], [ -78.597480218509972, -1.367185542147777 ], [ -78.597486533244549, -1.367187918747016 ], [ -78.597480315056828, -1.367185615604785 ] ], [ [ -78.597257974340579, -1.366966591689739 ], [ -78.597234167610708, -1.366940563940514 ], [ -78.597267359301057, -1.36697685158947 ], [ -78.597257974340579, -1.366966591689739 ] ], [ [ -78.596551687525249, -1.366328809344959 ], [ -78.596550447063564, -1.366320821006459 ], [ -78.596552876532172, -1.366332093247265 ], [ -78.596551687525249, -1.366328809344959 ] ], [ [ -78.596129845124764, -1.365806743393968 ], [ -78.596125081984312, -1.365801666670579 ], [ -78.596146366538164, -1.3658164211892 ], [ -78.596129845124764, -1.365806743393968 ] ], [ [ -78.595949994682371, -1.365543188209411 ], [ -78.595922755063782, -1.365514429509254 ], [ -78.595987705541788, -1.365577457841274 ], [ -78.595949994682371, -1.365543188209411 ] ], [ [ -78.595746803869133, -1.365264890060095 ], [ -78.59574680008599, -1.365264865190519 ], [ -78.595749581521559, -1.365278716587014 ], [ -78.595746803869133, -1.365264890060095 ] ], [ [ -78.595790959314613, -1.365042933158371 ], [ -78.595793225556207, -1.365035448225881 ], [ -78.595767809436367, -1.365119396965424 ], [ -78.595790959314613, -1.365042933158371 ] ], [ [ -78.595797224588665, -1.364899330129307 ], [ -78.595794930846196, -1.364896580010978 ], [ -78.595799806346093, -1.364905128697478 ], [ -78.595797224588665, -1.364899330129307 ] ], [ [ -78.595761548946925, -1.364866819797323 ], [ -78.595730541415179, -1.364852777747778 ], [ -78.59577114938962, -1.364873742681729 ], [ -78.595761548946925, -1.364866819797323 ] ], [ [ -78.595573482459926, -1.364775816740396 ], [ -78.595541127919446, -1.364757508813309 ], [ -78.595609126423412, -1.364799527324079 ], [ -78.595573482459926, -1.364775816740396 ] ], [ [ -78.595426487954285, -1.364657327803267 ], [ -78.595412835061794, -1.364637832666913 ], [ -78.595461824349172, -1.364695001005759 ], [ -78.595426487954285, -1.364657327803267 ] ], [ [ -78.595371435033371, -1.364221734161634 ], [ -78.595371435033371, -1.364221734161645 ], [ -78.595371371956077, -1.364223066754831 ], [ -78.595371435033371, -1.364221734161634 ] ], [ [ -78.595368917666988, -1.364199033165552 ], [ -78.595365144719196, -1.364186270466451 ], [ -78.595369362871722, -1.364200996739859 ], [ -78.595368917666988, -1.364199033165552 ] ], [ [ -78.595175733653122, -1.364080956109622 ], [ -78.595169456763983, -1.364075377096321 ], [ -78.595183737095368, -1.364082572245279 ], [ -78.595175733653122, -1.364080956109622 ] ], [ [ -78.59507481240955, -1.364004092352834 ], [ -78.595071429869137, -1.364001557959601 ], [ -78.595074842900587, -1.364004115199036 ], [ -78.59507481240955, -1.364004092352834 ] ], [ [ -78.594837556010347, -1.363920608472779 ], [ -78.594799023496492, -1.36389346822877 ], [ -78.594845219425196, -1.363927279917188 ], [ -78.594837556010347, -1.363920608472779 ] ], [ [ -78.594465354887959, -1.363683099273407 ], [ -78.594465354887944, -1.363683099273406 ], [ -78.594498332146742, -1.363682515075022 ], [ -78.594465354887959, -1.363683099273407 ] ], [ [ -78.594452765082593, -1.363682902204727 ], [ -78.594434597754727, -1.363682617214159 ], [ -78.594465188935374, -1.363683096675745 ], [ -78.594452765082593, -1.363682902204727 ] ], [ [ -78.59400421721962, -1.362732242098222 ], [ -78.59400434960537, -1.362728469972833 ], [ -78.59400421721962, -1.36273224209823 ], [ -78.59400421721962, -1.362732242098222 ] ], [ [ -78.593806067126778, -1.362215753924778 ], [ -78.593789844852935, -1.362209747031522 ], [ -78.593815670894941, -1.362219309674597 ], [ -78.593806067126778, -1.362215753924778 ] ], [ [ -78.593484831476928, -1.361830890875468 ], [ -78.593462257976014, -1.361819034012178 ], [ -78.593501949535067, -1.361839366756115 ], [ -78.593484831476928, -1.361830890875468 ] ], [ [ -78.593147590624014, -1.360620919423699 ], [ -78.593144153027509, -1.360610511809549 ], [ -78.593151275067584, -1.360644145826938 ], [ -78.593147590624014, -1.360620919423699 ] ], [ [ -78.593090060201803, -1.360365370339759 ], [ -78.593090028594006, -1.360364852264409 ], [ -78.593091474870306, -1.360378841126126 ], [ -78.593090060201803, -1.360365370339759 ] ], [ [ -78.59309203542017, -1.360347924790173 ], [ -78.593092392836425, -1.360345121094571 ], [ -78.59309147547215, -1.360350138425841 ], [ -78.59309203542017, -1.360347924790173 ] ], [ [ -78.593101373541856, -1.360189116598756 ], [ -78.593101373541856, -1.36018911659876 ], [ -78.5931008571863, -1.360221660945788 ], [ -78.593101373541856, -1.360189116598756 ] ], [ [ -78.592890208522689, -1.359882571199387 ], [ -78.592884638284445, -1.359882616226168 ], [ -78.592895232922373, -1.359882300547583 ], [ -78.592890208522689, -1.359882571199387 ] ], [ [ -78.592877613436329, -1.359883205762163 ], [ -78.592877613436329, -1.359883205762163 ], [ -78.592884638284445, -1.359882616226168 ], [ -78.592877613436329, -1.359883205762163 ] ], [ [ -78.592091604561659, -1.358903910797592 ], [ -78.592089723417971, -1.358888570454828 ], [ -78.592094591340285, -1.358921525040509 ], [ -78.592091604561659, -1.358903910797592 ] ], [ [ -78.592074262317212, -1.358685747862468 ], [ -78.59207460225818, -1.358690734242503 ], [ -78.59207460225818, -1.358690734242508 ], [ -78.592074262317212, -1.358685747862468 ] ], [ [ -78.591758511202542, -1.357990350558292 ], [ -78.591689225249553, -1.357880549359413 ], [ -78.591775974142791, -1.358020524746494 ], [ -78.591758511202542, -1.357990350558292 ] ], [ [ -78.591607287552264, -1.357785088866813 ], [ -78.591605373680011, -1.357783274981814 ], [ -78.59161178036419, -1.357787098946812 ], [ -78.591607287552264, -1.357785088866813 ] ], [ [ -78.591172191608536, -1.357607539665217 ], [ -78.591167043340008, -1.357605042096501 ], [ -78.59126200229538, -1.357652164202214 ], [ -78.591172191608536, -1.357607539665217 ] ], [ [ -78.591137380152944, -1.357583121440812 ], [ -78.591129896902203, -1.357576833482056 ], [ -78.591151999086762, -1.35759750395043 ], [ -78.591137380152944, -1.357583121440812 ] ], [ [ -78.591105202073692, -1.357566796867117 ], [ -78.59109474400573, -1.35756164034695 ], [ -78.591111345218962, -1.357571372356542 ], [ -78.591105202073692, -1.357566796867117 ] ], [ [ -78.590951709330838, -1.357475429008056 ], [ -78.590931277202401, -1.357452655797721 ], [ -78.590974297511792, -1.357495077625177 ], [ -78.590951709330838, -1.357475429008056 ] ], [ [ -78.590698776821085, -1.357047707840379 ], [ -78.590671038048129, -1.356972565006325 ], [ -78.590732596053741, -1.357139936382486 ], [ -78.590698776821085, -1.357047707840379 ] ], [ [ -78.590594075849154, -1.356443582296501 ], [ -78.590579420031446, -1.356371184246212 ], [ -78.59060837136046, -1.356514322194094 ], [ -78.590594075849154, -1.356443582296501 ] ], [ [ -78.590694576385758, -1.355797915725479 ], [ -78.590699961192939, -1.355793180923031 ], [ -78.590678770781608, -1.3558182842341 ], [ -78.590694576385758, -1.355797915725479 ] ], [ [ -78.59075288270607, -1.355646270713218 ], [ -78.590752967005571, -1.355645247875851 ], [ -78.590750171054452, -1.355657380362508 ], [ -78.59075288270607, -1.355646270713218 ] ], [ [ -78.590724343590111, -1.354829943560877 ], [ -78.590723958159089, -1.354827825089136 ], [ -78.590727662661024, -1.354843069120573 ], [ -78.590724343590111, -1.354829943560877 ] ], [ [ -78.590720451601953, -1.354629539240888 ], [ -78.590724127241131, -1.354620843574709 ], [ -78.590717281031061, -1.354635182867906 ], [ -78.590720451601953, -1.354629539240888 ] ], [ [ -78.590735254757632, -1.354608378782021 ], [ -78.590735532622418, -1.354607247155226 ], [ -78.590728922163635, -1.354616469776418 ], [ -78.590735254757632, -1.354608378782021 ] ], [ [ -78.590799336639392, -1.354268700192281 ], [ -78.590799920614103, -1.354254868960607 ], [ -78.590798607934246, -1.354272605614183 ], [ -78.590799336639392, -1.354268700192281 ] ], [ [ -78.59068613806734, -1.353331900402401 ], [ -78.590686037207803, -1.353330608209624 ], [ -78.590687281290343, -1.353346545082819 ], [ -78.59068613806734, -1.353331900402401 ] ], [ [ -78.590171987971985, -1.352369226551545 ], [ -78.590170992197685, -1.352362886129965 ], [ -78.590179129176292, -1.35241268611062 ], [ -78.590171987971985, -1.352369226551545 ] ], [ [ -78.590172757965561, -1.350883784759122 ], [ -78.590176250226861, -1.350881154374844 ], [ -78.590165623908206, -1.350889517538171 ], [ -78.590172757965561, -1.350883784759122 ] ], [ [ -78.590187976675153, -1.350873755577721 ], [ -78.590195496258403, -1.350872343929278 ], [ -78.590181694861215, -1.35087754023465 ], [ -78.590187976675153, -1.350873755577721 ] ], [ [ -78.590392074168236, -1.350788291983833 ], [ -78.59041284475812, -1.350777676272439 ], [ -78.590339441816212, -1.350817972135678 ], [ -78.590392074168236, -1.350788291983833 ] ], [ [ -78.590538397144954, -1.349951712764151 ], [ -78.590539066214774, -1.34994970647683 ], [ -78.590536656378333, -1.349964685019257 ], [ -78.590538397144954, -1.349951712764151 ] ], [ [ -78.590419776471762, -1.347944417780183 ], [ -78.590411510882163, -1.347911714690527 ], [ -78.590424267193598, -1.34796987488699 ], [ -78.590419776471762, -1.347944417780183 ] ], [ [ -78.589922181415361, -1.346776464795072 ], [ -78.589924040632624, -1.346794632757983 ], [ -78.589924040632624, -1.346794632757983 ], [ -78.589922181415361, -1.346776464795072 ] ], [ [ -78.589628285021533, -1.346172858882675 ], [ -78.58962715840363, -1.346166955035611 ], [ -78.589634338521734, -1.34619645906362 ], [ -78.589628285021533, -1.346172858882675 ] ], [ [ -78.589629382039291, -1.346072804917226 ], [ -78.589630220289521, -1.346068050691782 ], [ -78.589628481359227, -1.346076965846874 ], [ -78.589629382039291, -1.346072804917226 ] ], [ [ -78.58975333794416, -1.345848018156611 ], [ -78.589758231363447, -1.345836583899505 ], [ -78.589747236012002, -1.345858173066213 ], [ -78.58975333794416, -1.345848018156611 ] ], [ [ -78.589761401499018, -1.345787446267152 ], [ -78.589759038487017, -1.345773786566581 ], [ -78.589761602826627, -1.345789381556593 ], [ -78.589761401499018, -1.345787446267152 ] ], [ [ -78.589288156910172, -1.345452200024213 ], [ -78.589286341016717, -1.345449223269232 ], [ -78.589293199900766, -1.345462215968349 ], [ -78.589288156910172, -1.345452200024213 ] ], [ [ -78.589157338782357, -1.345019273364531 ], [ -78.589156419496817, -1.345011602702839 ], [ -78.589167723300292, -1.345091988777333 ], [ -78.589157338782357, -1.345019273364531 ] ], [ [ -78.588685441029085, -1.343797999304341 ], [ -78.588685548608964, -1.343787213828757 ], [ -78.588685441029085, -1.343797999304343 ], [ -78.588685441029085, -1.343797999304341 ] ], [ [ -78.588685641345293, -1.34352975197806 ], [ -78.588686010518032, -1.343439069206104 ], [ -78.588684537470627, -1.34369370131711 ], [ -78.588685641345293, -1.34352975197806 ] ], [ [ -78.588760430078452, -1.342750827338968 ], [ -78.588760465456687, -1.342750779383334 ], [ -78.588750939593481, -1.342763708728305 ], [ -78.588760430078452, -1.342750827338968 ] ], [ [ -78.588924093362721, -1.342594319586424 ], [ -78.588929430153755, -1.342588654589614 ], [ -78.588895671465878, -1.34262272600469 ], [ -78.588924093362721, -1.342594319586424 ] ], [ [ -78.589905018292299, -1.341763486678992 ], [ -78.589905018292299, -1.341763486678982 ], [ -78.589907187189965, -1.341809407143176 ], [ -78.589905018292299, -1.341763486678992 ] ], [ [ -78.589908209745445, -1.341613539195899 ], [ -78.589908209745445, -1.341613539195903 ], [ -78.589908189603221, -1.341614977295859 ], [ -78.589908209745445, -1.341613539195899 ] ], [ [ -78.589898453879343, -1.341394794958841 ], [ -78.589899878357457, -1.34139287646196 ], [ -78.589888036122005, -1.341402609877013 ], [ -78.589898453879343, -1.341394794958841 ] ], [ [ -78.590036021777976, -1.341359740801353 ], [ -78.590043553597198, -1.341355860964478 ], [ -78.590010588154371, -1.341362442789136 ], [ -78.590036021777976, -1.341359740801353 ] ], [ [ -78.590164430403732, -1.341337792548393 ], [ -78.590182582665307, -1.341342931263384 ], [ -78.590164430403718, -1.341337792548393 ], [ -78.590164430403732, -1.341337792548393 ] ], [ [ -78.59041153103, -1.34142317161838 ], [ -78.590428359406602, -1.341426536430114 ], [ -78.590304679269892, -1.341383425086129 ], [ -78.59041153103, -1.34142317161838 ] ], [ [ -78.59043123731891, -1.34142711146607 ], [ -78.590441364237151, -1.341428320107082 ], [ -78.590428359406602, -1.341426536430114 ], [ -78.59043123731891, -1.34142711146607 ] ], [ [ -78.591876281801873, -1.339948307617153 ], [ -78.591887367270303, -1.339938231713449 ], [ -78.591873958832409, -1.339950360425256 ], [ -78.591876281801873, -1.339948307617153 ] ], [ [ -78.591928387004216, -1.339901595639516 ], [ -78.591976680022071, -1.339858213552297 ], [ -78.592012595181089, -1.339834094465786 ], [ -78.591928387004216, -1.339901595639516 ] ], [ [ -78.59245208729979, -1.339567114504526 ], [ -78.592483268263223, -1.339559027434832 ], [ -78.59244080428941, -1.339571830083187 ], [ -78.59245208729979, -1.339567114504526 ] ], [ [ -78.592657212095787, -1.339521772332134 ], [ -78.592668819145629, -1.339522044143126 ], [ -78.592603165912806, -1.339530928043607 ], [ -78.592657212095787, -1.339521772332134 ] ], [ [ -78.59272075088802, -1.339512240936643 ], [ -78.592734550380698, -1.339503182809736 ], [ -78.592691000453712, -1.339517940576828 ], [ -78.59272075088802, -1.339512240936643 ] ], [ [ -78.592839615716287, -1.339297591689937 ], [ -78.592841101901854, -1.339287681637786 ], [ -78.59282770398066, -1.339342625132775 ], [ -78.592839615716287, -1.339297591689937 ] ], [ [ -78.592840738273551, -1.338991302820213 ], [ -78.592844334069497, -1.338985335211126 ], [ -78.59283401055518, -1.33900039687106 ], [ -78.592840738273551, -1.338991302820213 ] ], [ [ -78.59300787958162, -1.338888125181533 ], [ -78.59302752896437, -1.338874436578412 ], [ -78.59298554734967, -1.338897794070825 ], [ -78.59300787958162, -1.338888125181533 ] ], [ [ -78.593193449720033, -1.338695366985629 ], [ -78.593224647682447, -1.338630014894075 ], [ -78.593157413976627, -1.338751962195302 ], [ -78.593193449720033, -1.338695366985629 ] ], [ [ -78.593373118088238, -1.338252428878272 ], [ -78.593373125673409, -1.338252850526379 ], [ -78.593373125673409, -1.33825285052638 ], [ -78.593373118088238, -1.338252428878272 ] ], [ [ -78.593451278855014, -1.337938277221033 ], [ -78.59345822485875, -1.337926576707977 ], [ -78.593433398568393, -1.337971024997407 ], [ -78.593451278855014, -1.337938277221033 ] ], [ [ -78.593810996546523, -1.337658624769031 ], [ -78.593810996546509, -1.337658624769033 ], [ -78.593771387575288, -1.337651291898537 ], [ -78.593810996546523, -1.337658624769031 ] ], [ [ -78.59391163273034, -1.337648568535435 ], [ -78.593938122725746, -1.337631347440686 ], [ -78.593887190235648, -1.337654230088188 ], [ -78.59391163273034, -1.337648568535435 ] ], [ [ -78.593994531582084, -1.337372509624479 ], [ -78.593990151859757, -1.337362844016268 ], [ -78.59401218340453, -1.337446092026653 ], [ -78.593994531582084, -1.337372509624479 ] ], [ [ -78.593889940900809, -1.337093204067954 ], [ -78.593889940900809, -1.337093204067948 ], [ -78.593891287541069, -1.337120493966856 ], [ -78.593889940900809, -1.337093204067954 ] ], [ [ -78.593905383660285, -1.337042939423064 ], [ -78.593911197962157, -1.337034778204694 ], [ -78.593902854263987, -1.337047665236078 ], [ -78.593905383660285, -1.337042939423064 ] ], [ [ -78.594026212455773, -1.336406523249482 ], [ -78.594026190521973, -1.336405922879786 ], [ -78.59402705723862, -1.336422562412775 ], [ -78.594026212455773, -1.336406523249482 ] ], [ [ -78.594048777811082, -1.336057727411914 ], [ -78.594049805462049, -1.336082432678738 ], [ -78.594049805462049, -1.336082432678746 ], [ -78.594048777811082, -1.336057727411914 ] ], [ [ -78.594073102021753, -1.335747251555013 ], [ -78.59407417168876, -1.335742092706589 ], [ -78.594072800602561, -1.335751534432256 ], [ -78.594073102021753, -1.335747251555013 ] ], [ [ -78.594210574163398, -1.335180936453622 ], [ -78.594221704155345, -1.335179515603669 ], [ -78.594203568258578, -1.335183364723264 ], [ -78.594210574163398, -1.335180936453622 ] ], [ [ -78.594458624542469, -1.334765964858537 ], [ -78.594448963440911, -1.334753977437587 ], [ -78.594464512055239, -1.334784096154656 ], [ -78.594458624542469, -1.334765964858537 ] ], [ [ -78.594331555003052, -1.33459217771342 ], [ -78.594327713227983, -1.334588088190824 ], [ -78.594365691462713, -1.334633641713529 ], [ -78.594331555003052, -1.33459217771342 ] ], [ [ -78.595396526250596, -1.333295332380392 ], [ -78.595403011701535, -1.333288730160465 ], [ -78.595381263934371, -1.333307929840534 ], [ -78.595396526250596, -1.333295332380392 ] ], [ [ -78.595552285299519, -1.332893961887531 ], [ -78.595552285299519, -1.332893961887542 ], [ -78.595552271335492, -1.332894375761954 ], [ -78.595552285299519, -1.332893961887531 ] ], [ [ -78.595430076101223, -1.332343404550393 ], [ -78.595428408771824, -1.332339292201083 ], [ -78.595430446724549, -1.3323448275807 ], [ -78.595430076101223, -1.332343404550393 ] ], [ [ -78.595718061987725, -1.331771982668982 ], [ -78.595729219212117, -1.331771769400533 ], [ -78.595707593907719, -1.331772487625026 ], [ -78.595718061987725, -1.331771982668982 ] ], [ [ -78.595734873670054, -1.331772218834891 ], [ -78.595734873670068, -1.331772218834891 ], [ -78.595742788168053, -1.331772873818938 ], [ -78.595734873670054, -1.331772218834891 ] ], [ [ -78.595742788168053, -1.331772873818938 ], [ -78.595764799024934, -1.33177686005466 ], [ -78.595775829507971, -1.3317789490132 ], [ -78.595742788168053, -1.331772873818938 ] ], [ [ -78.595803769937504, -1.331784599776006 ], [ -78.595807672688835, -1.331785705406355 ], [ -78.5957855734232, -1.331781512172984 ], [ -78.595803769937504, -1.331784599776006 ] ], [ [ -78.595929804714203, -1.331779284637101 ], [ -78.595957181191878, -1.331770973712707 ], [ -78.59596571837541, -1.331768343718848 ], [ -78.595929804714203, -1.331779284637101 ] ], [ [ -78.596074927684199, -1.331740175084922 ], [ -78.596087830434783, -1.331739810818428 ], [ -78.596059568313578, -1.331744514212239 ], [ -78.596074927684199, -1.331740175084922 ] ], [ [ -78.596295864904775, -1.331665548779134 ], [ -78.596300232964253, -1.331662253738378 ], [ -78.596287402586015, -1.331669489722605 ], [ -78.596295864904775, -1.331665548779134 ] ], [ [ -78.596328446107364, -1.331633956920367 ], [ -78.596330580045191, -1.331629471184203 ], [ -78.596321265191094, -1.331642753204589 ], [ -78.596328446107364, -1.331633956920367 ] ], [ [ -78.596386137077729, -1.331506797732526 ], [ -78.59639242646017, -1.331492130476492 ], [ -78.596380132955858, -1.331518062445062 ], [ -78.596386137077729, -1.331506797732526 ] ], [ [ -78.596416104602866, -1.331412331632323 ], [ -78.596422016176973, -1.331397353054026 ], [ -78.596413501584777, -1.331440408634146 ], [ -78.596416104602866, -1.331412331632323 ] ], [ [ -78.59642784324717, -1.331358359790523 ], [ -78.596429991788057, -1.3313414322694 ], [ -78.596426069962391, -1.331381011339412 ], [ -78.59642784324717, -1.331358359790523 ] ], [ [ -78.596420874271985, -1.331205895887322 ], [ -78.596420487366032, -1.3311853131126 ], [ -78.596427031559983, -1.331226521386517 ], [ -78.596420874271985, -1.331205895887322 ] ], [ [ -78.596407627496518, -1.33085216851075 ], [ -78.596418479057789, -1.330841482098178 ], [ -78.596400791543175, -1.330860884688976 ], [ -78.596407627496518, -1.33085216851075 ] ], [ [ -78.596633920719697, -1.330509832364372 ], [ -78.596633920719697, -1.330509832364386 ], [ -78.596631884410328, -1.330527734432121 ], [ -78.596633920719697, -1.330509832364372 ] ], [ [ -78.596633208019625, -1.33047231059501 ], [ -78.596634349351504, -1.3304557996956 ], [ -78.596633208019625, -1.330472310595023 ], [ -78.596633208019625, -1.33047231059501 ] ], [ [ -78.59663783191634, -1.330442243315282 ], [ -78.596642361688424, -1.330429615390252 ], [ -78.596634349351504, -1.3304557996956 ], [ -78.59663783191634, -1.330442243315282 ] ], [ [ -78.596654100099755, -1.330378619254176 ], [ -78.596655822412004, -1.330373287677865 ], [ -78.596652914032575, -1.330383054954176 ], [ -78.596654100099755, -1.330378619254176 ] ], [ [ -78.5966888875477, -1.329952198174039 ], [ -78.5966888875477, -1.329952198174055 ], [ -78.596687380440784, -1.32997174771584 ], [ -78.5966888875477, -1.329952198174039 ] ], [ [ -78.596716511210843, -1.329664320241896 ], [ -78.596729087051543, -1.329624962062716 ], [ -78.596743134808534, -1.329591277462481 ], [ -78.596716511210843, -1.329664320241896 ] ], [ [ -78.59677805468796, -1.329501162220559 ], [ -78.596785428527113, -1.329486955207149 ], [ -78.596772225964841, -1.329519649031057 ], [ -78.59677805468796, -1.329501162220559 ] ], [ [ -78.596801441949637, -1.32945081113888 ], [ -78.596805046153463, -1.329444610081349 ], [ -78.596793502293195, -1.32946687697455 ], [ -78.596801441949637, -1.32945081113888 ] ], [ [ -78.596817804870568, -1.329423815146063 ], [ -78.596822759087758, -1.329418365133925 ], [ -78.596814555737367, -1.329428906719416 ], [ -78.596817804870568, -1.329423815146063 ] ], [ [ -78.596839254437285, -1.329404561746243 ], [ -78.596850443426121, -1.329394133266358 ], [ -78.596831901579236, -1.329409968442735 ], [ -78.596839254437285, -1.329404561746243 ] ], [ [ -78.597017994431198, -1.329385349486631 ], [ -78.597055769660841, -1.329385237724585 ], [ -78.596978128287333, -1.329385749730265 ], [ -78.597017994431198, -1.329385349486631 ] ], [ [ -78.597137289754741, -1.329383683836562 ], [ -78.597137346337135, -1.329383682988095 ], [ -78.597100977185917, -1.329384376820651 ], [ -78.597137289754741, -1.329383683836562 ] ], [ [ -78.597193093514221, -1.329389300374394 ], [ -78.597202186775121, -1.329391769356602 ], [ -78.597180296572304, -1.329387751902909 ], [ -78.597193093514221, -1.329389300374394 ] ], [ [ -78.597274213668683, -1.329406804848676 ], [ -78.597274213668669, -1.329406804848678 ], [ -78.597263593689675, -1.329404644001898 ], [ -78.597274213668683, -1.329406804848676 ] ], [ [ -78.597301130136259, -1.329397725064666 ], [ -78.597312119944789, -1.329391731951757 ], [ -78.597295473166, -1.329400753140538 ], [ -78.597301130136259, -1.329397725064666 ] ], [ [ -78.597361160320148, -1.328935404615672 ], [ -78.597355435966975, -1.328920268181203 ], [ -78.597361838400843, -1.328938608455258 ], [ -78.597361160320148, -1.328935404615672 ] ], [ [ -78.597332655873899, -1.328774602501523 ], [ -78.597328292123336, -1.328758586975893 ], [ -78.597333189607014, -1.328777089579171 ], [ -78.597332655873899, -1.328774602501523 ] ], [ [ -78.597108731407076, -1.328297764465896 ], [ -78.597096852595598, -1.328289689811858 ], [ -78.597124233419336, -1.328305647419165 ], [ -78.597108731407076, -1.328297764465896 ] ], [ [ -78.596779195607155, -1.328056598797118 ], [ -78.596757831030729, -1.328042773119456 ], [ -78.596733589057706, -1.328029206304225 ], [ -78.596757831030715, -1.328042773119439 ], [ -78.596779195607155, -1.328056598797118 ] ], [ [ -78.59662920471483, -1.327958564883384 ], [ -78.596627606525615, -1.327954647991882 ], [ -78.596634404304496, -1.327969326695022 ], [ -78.59662920471483, -1.327958564883384 ] ], [ [ -78.596642168364795, -1.327842196176982 ], [ -78.596645070481188, -1.327834382118112 ], [ -78.596636704444208, -1.327854032261051 ], [ -78.596642168364795, -1.327842196176982 ] ], [ [ -78.596765599506838, -1.327644316475969 ], [ -78.596766202463073, -1.327643763273002 ], [ -78.596744956471497, -1.327668238566592 ], [ -78.596765599506838, -1.327644316475969 ] ], [ [ -78.596801634940064, -1.327513042893767 ], [ -78.596807078706192, -1.327496034520626 ], [ -78.596797771773197, -1.327528285637694 ], [ -78.596801634940064, -1.327513042893767 ] ], [ [ -78.596946956297714, -1.327375173622007 ], [ -78.596960164610095, -1.327367146120314 ], [ -78.596931989721838, -1.327384797544942 ], [ -78.596946956297714, -1.327375173622007 ] ], [ [ -78.597015428594901, -1.327319718744417 ], [ -78.597027198806714, -1.327310050111908 ], [ -78.597013692722172, -1.327321388933297 ], [ -78.597015428594901, -1.327319718744417 ] ], [ [ -78.597050250249964, -1.327292990262376 ], [ -78.59706050194265, -1.327284973425078 ], [ -78.5970374154316, -1.327303005865484 ], [ -78.597050250249964, -1.327292990262376 ] ], [ [ -78.597055034288417, -1.327038419426479 ], [ -78.597051972112595, -1.327023112052609 ], [ -78.597055172775569, -1.327039970983664 ], [ -78.597055034288417, -1.327038419426479 ] ], [ [ -78.596527100445726, -1.32570298220245 ], [ -78.596523649524343, -1.325688562633068 ], [ -78.59652776109742, -1.325705929352852 ], [ -78.596527100445726, -1.32570298220245 ] ], [ [ -78.596169634528707, -1.325007090770572 ], [ -78.596160185352403, -1.324993202660971 ], [ -78.596181226512854, -1.325024809099973 ], [ -78.596169634528707, -1.325007090770572 ] ], [ [ -78.596143869027159, -1.32496455938819 ], [ -78.596139851247912, -1.324956511033928 ], [ -78.596152581548779, -1.324979583916498 ], [ -78.596143869027159, -1.32496455938819 ] ], [ [ -78.596047369308891, -1.324739756388119 ], [ -78.596045589480781, -1.32472926142698 ], [ -78.596051415173832, -1.324753887796549 ], [ -78.596047369308891, -1.324739756388119 ] ], [ [ -78.641420016702369, -1.344482705367443 ], [ -78.641420016702384, -1.344482705367426 ], [ -78.641439041039703, -1.34448216251539 ], [ -78.641420016702369, -1.344482705367443 ] ], [ [ -78.641094715847487, -1.344488335152721 ], [ -78.641094715847501, -1.344488335152721 ], [ -78.641198149884062, -1.344492221537824 ], [ -78.641094715847487, -1.344488335152721 ] ], [ [ -78.640895067580146, -1.344409055686461 ], [ -78.640800168154385, -1.344390806518814 ], [ -78.640938765117781, -1.344428143630648 ], [ -78.640895067580146, -1.344409055686461 ] ], [ [ -78.640613331422756, -1.344445028377461 ], [ -78.64061333142277, -1.344445028377444 ], [ -78.640659869952273, -1.344434047213628 ], [ -78.640613331422756, -1.344445028377461 ] ], [ [ -78.64026095512888, -1.344458949000594 ], [ -78.640013572627566, -1.344422881815454 ], [ -78.639953236371355, -1.344422030326585 ], [ -78.64026095512888, -1.344458949000594 ] ], [ [ -78.639167707079793, -1.344642268920475 ], [ -78.639215211821465, -1.344646408280676 ], [ -78.639215211821451, -1.344646408280677 ], [ -78.639167707079793, -1.344642268920475 ] ], [ [ -78.639119336962807, -1.344629260023278 ], [ -78.639119336962821, -1.344629260023278 ], [ -78.639160191479277, -1.344640247592577 ], [ -78.639119336962807, -1.344629260023278 ] ], [ [ -78.638869167120646, -1.34461434976007 ], [ -78.638869167120646, -1.344614349760054 ], [ -78.638913822718976, -1.344604890922795 ], [ -78.638869167120646, -1.34461434976007 ] ], [ [ -78.638722232256768, -1.344704662616018 ], [ -78.638626305213279, -1.344767977927711 ], [ -78.638764582461178, -1.344669589774617 ], [ -78.638722232256768, -1.344704662616018 ] ], [ [ -78.638572026385745, -1.344790235539969 ], [ -78.638516886356712, -1.344801154019046 ], [ -78.638626305213279, -1.344767977927711 ], [ -78.638572026385745, -1.344790235539969 ] ], [ [ -78.638167841341641, -1.344831404677873 ], [ -78.638167841341641, -1.344831404677856 ], [ -78.638180727884674, -1.344825181807431 ], [ -78.638167841341641, -1.344831404677873 ] ], [ [ -78.637493608455614, -1.34478902394009 ], [ -78.637493608455628, -1.34478902394009 ], [ -78.637546934574459, -1.344803836556332 ], [ -78.637493608455614, -1.34478902394009 ] ], [ [ -78.637182297261091, -1.34474137510884 ], [ -78.637130213152247, -1.344696848061206 ], [ -78.637218036127123, -1.344766998133465 ], [ -78.637182297261091, -1.34474137510884 ] ], [ [ -78.637045107964113, -1.344627660640914 ], [ -78.637045107964127, -1.344627660640897 ], [ -78.637079299948113, -1.344654487123564 ], [ -78.637045107964113, -1.344627660640914 ] ], [ [ -78.636970351811755, -1.344579400777398 ], [ -78.636925929500109, -1.34455483776785 ], [ -78.637006614034007, -1.344600625673209 ], [ -78.636970351811755, -1.344579400777398 ] ], [ [ -78.636858067759619, -1.344522250126763 ], [ -78.636827859292069, -1.344510145687017 ], [ -78.636925929500109, -1.34455483776785 ], [ -78.636858067759619, -1.344522250126763 ] ], [ [ -78.636799242383148, -1.344502674651563 ], [ -78.636765073270155, -1.344493160695811 ], [ -78.636827859292069, -1.344510145687017 ], [ -78.636799242383148, -1.344502674651563 ] ], [ [ -78.636460221122732, -1.344524606757932 ], [ -78.636460221122746, -1.344524606757916 ], [ -78.636497270125645, -1.344506611733035 ], [ -78.636460221122732, -1.344524606757932 ] ], [ [ -78.63585345103165, -1.344680111464524 ], [ -78.63585345103165, -1.344680111464508 ], [ -78.635873778424781, -1.344686882629513 ], [ -78.63585345103165, -1.344680111464524 ] ], [ [ -78.635559472592604, -1.3446186498481 ], [ -78.635559472592604, -1.344618649848083 ], [ -78.635652869953873, -1.344641525032488 ], [ -78.635559472592604, -1.3446186498481 ] ], [ [ -78.63540957688852, -1.344578223580014 ], [ -78.635337212304876, -1.344536834282515 ], [ -78.635452516750448, -1.344591112417177 ], [ -78.63540957688852, -1.344578223580014 ] ], [ [ -78.635337212304876, -1.344536834282515 ], [ -78.635257596442955, -1.344445599449593 ], [ -78.635224032641858, -1.34441471756372 ], [ -78.635257596442955, -1.344445599449576 ], [ -78.635337212304876, -1.344536834282515 ] ], [ [ -78.63508974496817, -1.344352916324451 ], [ -78.635089744968184, -1.344352916324451 ], [ -78.635135231873605, -1.34436497419786 ], [ -78.63508974496817, -1.344352916324451 ] ], [ [ -78.634986061118042, -1.344337525776573 ], [ -78.634934581886952, -1.344334663379529 ], [ -78.635040788709929, -1.344343448504298 ], [ -78.634986061118042, -1.344337525776573 ] ], [ [ -78.634852569074695, -1.344321602654921 ], [ -78.634794070790065, -1.344299164673242 ], [ -78.634886910882742, -1.344328932842278 ], [ -78.634852569074695, -1.344321602654921 ] ], [ [ -78.63472556462871, -1.344257852373397 ], [ -78.63472556462871, -1.34425785237338 ], [ -78.63474939379968, -1.344275218821748 ], [ -78.63472556462871, -1.344257852373397 ] ], [ [ -78.634055055052698, -1.343767331147823 ], [ -78.634138703684144, -1.343875182643502 ], [ -78.634106887396243, -1.343845568920245 ], [ -78.634080261771715, -1.343810092715289 ], [ -78.634055055052698, -1.343767331147823 ] ], [ [ -78.633998108105047, -1.343679392616833 ], [ -78.633998108105047, -1.343679392616816 ], [ -78.634023837064277, -1.343721722602364 ], [ -78.633998108105047, -1.343679392616833 ] ], [ [ -78.633912344008806, -1.343541093112828 ], [ -78.633912344008806, -1.343541093112811 ], [ -78.633947000952347, -1.343583030445723 ], [ -78.633912344008806, -1.343541093112828 ] ], [ [ -78.632864706618875, -1.343808054557227 ], [ -78.632864706618889, -1.343808054557227 ], [ -78.632908548819259, -1.343808099142271 ], [ -78.632864706618875, -1.343808054557227 ] ], [ [ -78.632156106218162, -1.343448801531171 ], [ -78.63193277423612, -1.343415473746643 ], [ -78.631888155525928, -1.34339455439987 ], [ -78.632156106218162, -1.343448801531171 ] ], [ [ -78.631707477001953, -1.34321354574782 ], [ -78.631764644712902, -1.343290319705368 ], [ -78.631750555048185, -1.343272104937979 ], [ -78.631707477001953, -1.34321354574782 ] ], [ [ -78.631632388282071, -1.343227488210289 ], [ -78.63163632562032, -1.343223664394751 ], [ -78.631632388282057, -1.343227488210304 ], [ -78.631632388282071, -1.343227488210289 ] ], [ [ -78.631632388282057, -1.343227488210306 ], [ -78.631608612176663, -1.343256736691938 ], [ -78.631632388282057, -1.343227488210304 ], [ -78.631632388282057, -1.343227488210306 ] ], [ [ -78.631601516912639, -1.343265018982116 ], [ -78.631585698006035, -1.343283485690034 ], [ -78.631608612176663, -1.343256736691938 ], [ -78.631601516912639, -1.343265018982116 ] ], [ [ -78.631433224997622, -1.343305686129304 ], [ -78.631386691686814, -1.3432975792975 ], [ -78.631479673874892, -1.343307277213259 ], [ -78.631433224997622, -1.343305686129304 ] ], [ [ -78.631333479517266, -1.343279461039379 ], [ -78.631272878922999, -1.343256023966444 ], [ -78.631386691686814, -1.3432975792975 ], [ -78.631333479517266, -1.343279461039379 ] ], [ [ -78.631173798224069, -1.343208215937469 ], [ -78.631173798224083, -1.343208215937469 ], [ -78.631221205553558, -1.343232967129849 ], [ -78.631173798224069, -1.343208215937469 ] ], [ [ -78.63088105137156, -1.342960426336603 ], [ -78.630845865535676, -1.34286442066957 ], [ -78.630864532931383, -1.342911653030892 ], [ -78.630881051371574, -1.342960426336603 ], [ -78.630896629858896, -1.342997589312562 ], [ -78.63088105137156, -1.342960426336603 ] ], [ [ -78.630816753270068, -1.342800733482661 ], [ -78.630768016756363, -1.342724646668174 ], [ -78.630825203772417, -1.342816754275717 ], [ -78.630816753270068, -1.342800733482661 ] ], [ [ -78.630697623301089, -1.342645680440532 ], [ -78.630697623301103, -1.342645680440532 ], [ -78.63073550722271, -1.34268289681272 ], [ -78.630697623301089, -1.342645680440532 ] ], [ [ -78.630556930352185, -1.342517021563168 ], [ -78.63049274157278, -1.342462023271678 ], [ -78.630593350263268, -1.342544941199072 ], [ -78.630556930352185, -1.342517021563168 ] ], [ [ -78.630460410431112, -1.342365617262709 ], [ -78.630460410431127, -1.342365617262709 ], [ -78.630465935031424, -1.342383231568474 ], [ -78.630460410431112, -1.342365617262709 ] ], [ [ -78.630125172409677, -1.342238148940133 ], [ -78.629958568952674, -1.342153269265486 ], [ -78.629922600527451, -1.342134056911692 ], [ -78.630059773074336, -1.342197013339362 ], [ -78.630125172409677, -1.342238148940133 ] ], [ [ -78.629718647708998, -1.341911154054138 ], [ -78.629638108917234, -1.341853576254173 ], [ -78.629753160262894, -1.341944321938671 ], [ -78.629718647708998, -1.341911154054138 ] ], [ [ -78.629497199693404, -1.341787352958754 ], [ -78.629497199693404, -1.341787352958737 ], [ -78.629538139361415, -1.341805612873269 ], [ -78.629497199693404, -1.341787352958754 ] ], [ [ -78.62929104028639, -1.341683731159746 ], [ -78.629291040286404, -1.341683731159746 ], [ -78.629336613232255, -1.341701316727612 ], [ -78.62929104028639, -1.341683731159746 ] ], [ [ -78.629140604170829, -1.341633678340794 ], [ -78.629045964847677, -1.341594427899572 ], [ -78.629188049885684, -1.341650184613812 ], [ -78.629140604170829, -1.341633678340794 ] ], [ [ -78.628925039931886, -1.341547276623165 ], [ -78.6289250399319, -1.341547276623165 ], [ -78.628957121926959, -1.341556356439339 ], [ -78.628925039931886, -1.341547276623165 ] ], [ [ -78.628772698287221, -1.341561263907231 ], [ -78.628772698287236, -1.341561263907231 ], [ -78.628797668377487, -1.341565149031342 ], [ -78.628772698287221, -1.341561263907231 ] ], [ [ -78.628505005992182, -1.341415892952371 ], [ -78.628505005992196, -1.341415892952371 ], [ -78.628548551691296, -1.341436379112449 ], [ -78.628505005992182, -1.341415892952371 ] ], [ [ -78.628266739213871, -1.341237450909598 ], [ -78.628179524116703, -1.341198115527963 ], [ -78.628297505502132, -1.341258799303861 ], [ -78.628266739213871, -1.341237450909598 ] ], [ [ -78.628145246487904, -1.341175663293568 ], [ -78.628114842265148, -1.341145124514456 ], [ -78.628179524116703, -1.341198115527963 ], [ -78.628145246487904, -1.341175663293568 ] ], [ [ -78.627405919389631, -1.340833080990515 ], [ -78.627405919389631, -1.340833080990498 ], [ -78.627432239661829, -1.340838515889446 ], [ -78.627405919389631, -1.340833080990515 ] ], [ [ -78.626989461001074, -1.340719059386663 ], [ -78.626989461001088, -1.340719059386663 ], [ -78.627026355306782, -1.340732683510439 ], [ -78.626989461001074, -1.340719059386663 ] ], [ [ -78.626936965111142, -1.340690443457843 ], [ -78.626874920950428, -1.340687107911762 ], [ -78.626960423991406, -1.34070229448648 ], [ -78.626936965111142, -1.340690443457843 ] ], [ [ -78.626859040884099, -1.340687091510142 ], [ -78.6268068538824, -1.340687528879475 ], [ -78.626874920950428, -1.340687107911762 ], [ -78.626859040884099, -1.340687091510142 ] ], [ [ -78.626564994574082, -1.340694881281929 ], [ -78.626564994574096, -1.340694881281929 ], [ -78.626574890380198, -1.340697344756377 ], [ -78.626564994574082, -1.340694881281929 ] ], [ [ -78.62636096450845, -1.340609727499664 ], [ -78.626263395983798, -1.340554324346576 ], [ -78.626375464242571, -1.340616614407411 ], [ -78.62636096450845, -1.340609727499664 ] ], [ [ -78.626113529548888, -1.34045690538005 ], [ -78.626038863499033, -1.340402642772579 ], [ -78.626170096495073, -1.34049503568622 ], [ -78.626113529548888, -1.34045690538005 ] ], [ [ -78.625992117545721, -1.340345155927804 ], [ -78.625992117545735, -1.340345155927787 ], [ -78.626002005208889, -1.340367521959088 ], [ -78.625992117545721, -1.340345155927804 ] ], [ [ -78.625992029927929, -1.340312115729811 ], [ -78.625992029927929, -1.340312115729819 ], [ -78.6259916762735, -1.340327740082837 ], [ -78.625992029927929, -1.340312115729811 ] ], [ [ -78.625978531556925, -1.340280606381985 ], [ -78.625935766666629, -1.340252711349623 ], [ -78.625991676541403, -1.340297633273814 ], [ -78.625978531556925, -1.340280606381985 ] ], [ [ -78.625849872241218, -1.340237122162171 ], [ -78.625849872241233, -1.340237122162171 ], [ -78.625889017988356, -1.340238798317738 ], [ -78.625849872241218, -1.340237122162171 ] ], [ [ -78.625663753882961, -1.340188422141244 ], [ -78.625663753882975, -1.340188422141244 ], [ -78.62571631840504, -1.340210059661022 ], [ -78.625663753882961, -1.340188422141244 ] ], [ [ -78.625569925213085, -1.340135895406215 ], [ -78.625526794698416, -1.340100371650773 ], [ -78.625614322452748, -1.340163607600595 ], [ -78.625569925213085, -1.340135895406215 ] ], [ [ -78.62549381943937, -1.340063963806872 ], [ -78.625463521194817, -1.340019529736095 ], [ -78.625526794698416, -1.340100371650773 ], [ -78.62549381943937, -1.340063963806872 ] ], [ [ -78.625414699977938, -1.339906712217812 ], [ -78.625355667525056, -1.339849156464495 ], [ -78.625422796034798, -1.339923567438453 ], [ -78.625414699977938, -1.339906712217812 ] ], [ [ -78.625303815482127, -1.339821683782316 ], [ -78.625172474293279, -1.339760596260818 ], [ -78.625355667525056, -1.339849156464495 ], [ -78.625303815482127, -1.339821683782316 ] ], [ [ -78.625107778167745, -1.339721685182589 ], [ -78.625078164318424, -1.33966792669907 ], [ -78.625134663741619, -1.339742524753783 ], [ -78.625107778167745, -1.339721685182589 ] ], [ [ -78.625034016583186, -1.339636694803722 ], [ -78.6250340165832, -1.339636694803722 ], [ -78.625058275113574, -1.339646321988434 ], [ -78.625034016583186, -1.339636694803722 ] ], [ [ -78.62489189398697, -1.339622365975172 ], [ -78.62489189398697, -1.339622365975155 ], [ -78.624944421783965, -1.339622419047478 ], [ -78.62489189398697, -1.339622365975172 ] ], [ [ -78.624235892775275, -1.339574934784328 ], [ -78.624235892775289, -1.339574934784328 ], [ -78.624239061239265, -1.339575247722344 ], [ -78.624235892775275, -1.339574934784328 ] ], [ [ -78.623934469080609, -1.339382200748046 ], [ -78.623934469080623, -1.339382200748046 ], [ -78.623974738817594, -1.339427178739751 ], [ -78.623934469080609, -1.339382200748046 ] ], [ [ -78.623362730872429, -1.338819622741889 ], [ -78.623362730872444, -1.338819622741889 ], [ -78.62351495623696, -1.33895815156049 ], [ -78.623362730872429, -1.338819622741889 ] ], [ [ -78.623157719610219, -1.33845496250157 ], [ -78.623157719610234, -1.33845496250157 ], [ -78.623164330900238, -1.338514550591756 ], [ -78.623157719610219, -1.33845496250157 ] ], [ [ -78.623167996555054, -1.338247533729265 ], [ -78.623163555974145, -1.338200157324987 ], [ -78.623159129037816, -1.338380120053585 ], [ -78.623167996555054, -1.338247533729265 ] ], [ [ -78.623151587005879, -1.338159487165835 ], [ -78.623096013660302, -1.338024686504113 ], [ -78.623163555974145, -1.338200157324987 ], [ -78.623151587005879, -1.338159487165835 ] ], [ [ -78.623034531097659, -1.337899671779039 ], [ -78.62283769026007, -1.337602058860282 ], [ -78.623041711550812, -1.337911982359493 ], [ -78.623034531097659, -1.337899671779039 ] ], [ [ -78.62283769026007, -1.337602058860282 ], [ -78.62271159297471, -1.337516465312618 ], [ -78.622624158804072, -1.337494331049289 ], [ -78.62283769026007, -1.337602058860282 ] ], [ [ -78.622399022770807, -1.337562633058225 ], [ -78.622399022770807, -1.337562633058208 ], [ -78.622491713815862, -1.337529659039699 ], [ -78.622399022770807, -1.337562633058225 ] ], [ [ -78.621999802575644, -1.337281710336214 ], [ -78.621999802575658, -1.337281710336214 ], [ -78.62205259906159, -1.337339272493281 ], [ -78.621999802575644, -1.337281710336214 ] ], [ [ -78.621904301061818, -1.337075219004912 ], [ -78.62182492743537, -1.33701424296219 ], [ -78.621942628371372, -1.33715718796012 ], [ -78.621904301061818, -1.337075219004912 ] ], [ [ -78.62182492743537, -1.33701424296219 ], [ -78.621473653221955, -1.336795382161629 ], [ -78.621292799929904, -1.336649404371691 ], [ -78.62182492743537, -1.33701424296219 ] ], [ [ -78.620946179702685, -1.336524185777109 ], [ -78.620946179702685, -1.336524185777092 ], [ -78.621057586742211, -1.336536167714379 ], [ -78.620946179702685, -1.336524185777109 ] ], [ [ -78.620739041966345, -1.336527057145145 ], [ -78.62073904196636, -1.336527057145128 ], [ -78.620783337685566, -1.336514482223364 ], [ -78.620739041966345, -1.336527057145145 ] ], [ [ -78.620604701466831, -1.336588263088026 ], [ -78.620508979738929, -1.336601265115338 ], [ -78.620503516580683, -1.33659887169842 ], [ -78.620604701466831, -1.336588263088026 ] ], [ [ -78.620472810604596, -1.33658189903237 ], [ -78.620472810604596, -1.336581899032353 ], [ -78.620480662060757, -1.336587098934258 ], [ -78.620472810604596, -1.33658189903237 ] ], [ [ -78.620028319922795, -1.33586226410812 ], [ -78.619924200475836, -1.335702889874354 ], [ -78.620146495490502, -1.336092260763558 ], [ -78.620028319922795, -1.33586226410812 ] ], [ [ -78.619822550938366, -1.335612529480815 ], [ -78.619764158725957, -1.335595537197819 ], [ -78.619864906777295, -1.335635257002461 ], [ -78.619822550938366, -1.335612529480815 ] ], [ [ -78.619125979822556, -1.335713418762433 ], [ -78.61912597982257, -1.335713418762433 ], [ -78.619140045565189, -1.335718062469172 ], [ -78.619125979822556, -1.335713418762433 ] ], [ [ -78.618563884733987, -1.335460445863557 ], [ -78.618231040697452, -1.335308506830588 ], [ -78.618885145537561, -1.335609657282922 ], [ -78.618563884733987, -1.335460445863557 ] ], [ [ -78.617317971856508, -1.335097349567829 ], [ -78.617317971856522, -1.335097349567829 ], [ -78.617332862517571, -1.335100590258947 ], [ -78.617317971856508, -1.335097349567829 ] ], [ [ -78.617132022433168, -1.335025913261484 ], [ -78.616931270549287, -1.334995835830125 ], [ -78.617262125417682, -1.335073490723383 ], [ -78.617132022433168, -1.335025913261484 ] ], [ [ -78.616446931498999, -1.334760834289604 ], [ -78.616446931499013, -1.334760834289604 ], [ -78.616503418570232, -1.334778782891989 ], [ -78.616446931498999, -1.334760834289604 ] ], [ [ -78.616164959779738, -1.334695167245987 ], [ -78.616164959779752, -1.334695167245987 ], [ -78.616205781353756, -1.334706815471308 ], [ -78.616164959779738, -1.334695167245987 ] ], [ [ -78.615965438350869, -1.334616786316454 ], [ -78.615965438350869, -1.334616786316438 ], [ -78.616037618112784, -1.334650054824207 ], [ -78.615965438350869, -1.334616786316454 ] ], [ [ -78.615233547040773, -1.334313758722491 ], [ -78.615233547040773, -1.334313758722474 ], [ -78.615336240917955, -1.334383314879447 ], [ -78.615233547040773, -1.334313758722491 ] ], [ [ -78.615131095955377, -1.334118997398089 ], [ -78.615071907181758, -1.333968936589098 ], [ -78.615184404089433, -1.334243598579782 ], [ -78.615131095955377, -1.334118997398089 ] ], [ [ -78.614992733158374, -1.333788876066049 ], [ -78.614992733158388, -1.333788876066049 ], [ -78.615025786890996, -1.333859398612934 ], [ -78.614992733158374, -1.333788876066049 ] ], [ [ -78.614779114228696, -1.333704621251999 ], [ -78.61477911422871, -1.333704621251982 ], [ -78.614876595769928, -1.333699097491867 ], [ -78.614779114228696, -1.333704621251999 ] ], [ [ -78.614405008713902, -1.333700646749738 ], [ -78.614328479153173, -1.33365925125238 ], [ -78.614469430374569, -1.333712389403101 ], [ -78.614405008713902, -1.333700646749738 ] ], [ [ -78.613855501650704, -1.333467272357743 ], [ -78.613855501650718, -1.333467272357743 ], [ -78.614056045064473, -1.333543464832412 ], [ -78.613855501650704, -1.333467272357743 ] ], [ [ -78.613464349901605, -1.33328617361141 ], [ -78.613411207224942, -1.333251875175177 ], [ -78.613491791073415, -1.333302399855123 ], [ -78.613464349901605, -1.33328617361141 ] ], [ [ -78.613336870892169, -1.333174213169594 ], [ -78.613336870892184, -1.333174213169594 ], [ -78.613352172956979, -1.333195977737814 ], [ -78.613336870892169, -1.333174213169594 ] ], [ [ -78.613300963574829, -1.333096831834536 ], [ -78.613300963574844, -1.333096831834536 ], [ -78.613313115287511, -1.333122950304183 ], [ -78.613300963574829, -1.333096831834536 ] ], [ [ -78.613256778589431, -1.333035797359678 ], [ -78.613256778589431, -1.333035797359661 ], [ -78.613272791813387, -1.333053068244007 ], [ -78.613256778589431, -1.333035797359678 ] ], [ [ -78.613105869818838, -1.33291380207517 ], [ -78.613105869818853, -1.33291380207517 ], [ -78.61312863118728, -1.332933371023195 ], [ -78.613105869818838, -1.33291380207517 ] ], [ [ -78.612954870332686, -1.332803020057633 ], [ -78.6129548703327, -1.332803020057633 ], [ -78.612988657972153, -1.332811496705448 ], [ -78.612954870332686, -1.332803020057633 ] ], [ [ -78.612891366220367, -1.332798256708453 ], [ -78.612851498313603, -1.332799016881136 ], [ -78.612924344122959, -1.332798880970151 ], [ -78.612891366220367, -1.332798256708453 ] ], [ [ -78.612821639932022, -1.332802734559903 ], [ -78.612786989443237, -1.332807048679308 ], [ -78.612851498313603, -1.332799016881136 ], [ -78.612821639932022, -1.332802734559903 ] ], [ [ -78.612370634292603, -1.332825872647831 ], [ -78.612370634292617, -1.332825872647814 ], [ -78.612412515834137, -1.332825073772462 ], [ -78.612370634292603, -1.332825872647831 ] ], [ [ -78.611794995354515, -1.33270434141683 ], [ -78.611794995354529, -1.33270434141683 ], [ -78.611813928094861, -1.332733087897056 ], [ -78.611794995354515, -1.33270434141683 ] ], [ [ -78.611759044588808, -1.33261899553444 ], [ -78.611759044588823, -1.332618995534441 ], [ -78.611770569759969, -1.332654973502295 ], [ -78.611759044588808, -1.33261899553444 ] ], [ [ -78.611639506390318, -1.332476985273858 ], [ -78.611565648428979, -1.332455724009246 ], [ -78.61169092805244, -1.332508596399995 ], [ -78.611639506390318, -1.332476985273858 ] ], [ [ -78.61150668621066, -1.332436079060624 ], [ -78.61150668621066, -1.332436079060607 ], [ -78.611530750186105, -1.332445960878091 ], [ -78.61150668621066, -1.332436079060624 ] ], [ [ -78.61145751957028, -1.332407464878814 ], [ -78.611398966070723, -1.332372843015678 ], [ -78.611466592373532, -1.33241268377947 ], [ -78.61145751957028, -1.332407464878814 ] ], [ [ -78.611398966070723, -1.332372843015678 ], [ -78.611335116610334, -1.33232298556838 ], [ -78.611299494548632, -1.332294513875629 ], [ -78.611398966070723, -1.332372843015678 ] ], [ [ -78.611040425588541, -1.332009861097307 ], [ -78.611040425588556, -1.332009861097307 ], [ -78.611084625134296, -1.332049157648352 ], [ -78.611040425588541, -1.332009861097307 ] ], [ [ -78.610908962168054, -1.331928354163106 ], [ -78.610908962168068, -1.331928354163106 ], [ -78.610956337316551, -1.33195478899773 ], [ -78.610908962168054, -1.331928354163106 ] ], [ [ -78.610823629780072, -1.331890283882822 ], [ -78.610745142664882, -1.33185250592946 ], [ -78.610715462740956, -1.331836989832376 ], [ -78.610823629780072, -1.331890283882822 ] ], [ [ -78.610680571794887, -1.33182341301433 ], [ -78.610646522219383, -1.331819341898888 ], [ -78.610715462740956, -1.331836989832376 ], [ -78.610680571794887, -1.33182341301433 ] ], [ [ -78.610544250484224, -1.331803369867613 ], [ -78.610544250484224, -1.331803369867596 ], [ -78.610560036634183, -1.331809754905364 ], [ -78.610544250484224, -1.331803369867613 ] ], [ [ -78.610490106671179, -1.331773597429359 ], [ -78.610490106671193, -1.331773597429359 ], [ -78.610499557697224, -1.331778864928472 ], [ -78.610490106671179, -1.331773597429359 ] ], [ [ -78.610227774715383, -1.331708269763208 ], [ -78.610227774715383, -1.331708269763191 ], [ -78.610253144938838, -1.331721467576734 ], [ -78.610227774715383, -1.331708269763208 ] ], [ [ -78.610080728270347, -1.331584493205952 ], [ -78.61016867944376, -1.331659015404871 ], [ -78.610111422665526, -1.331603217450062 ], [ -78.610080728270347, -1.331584493205952 ] ], [ [ -78.609790258548713, -1.331602489917504 ], [ -78.609790258548713, -1.331602489917487 ], [ -78.609853676631957, -1.331601279995101 ], [ -78.609790258548713, -1.331602489917504 ] ], [ [ -78.609732809195776, -1.331598357987068 ], [ -78.609706241514857, -1.331591956596181 ], [ -78.609760947328027, -1.331602355540509 ], [ -78.609732809195776, -1.331598357987068 ] ], [ [ -78.609660241520331, -1.331573844740287 ], [ -78.609660241520345, -1.331573844740287 ], [ -78.609681337074605, -1.331583790540507 ], [ -78.609660241520331, -1.331573844740287 ] ], [ [ -78.609569315212411, -1.331504580551722 ], [ -78.609569315212426, -1.331504580551722 ], [ -78.609586864236576, -1.331518994653626 ], [ -78.609569315212411, -1.331504580551722 ] ], [ [ -78.609421383769288, -1.33146326189715 ], [ -78.609354454303542, -1.331459523863763 ], [ -78.609455041872678, -1.331466247009423 ], [ -78.609421383769288, -1.33146326189715 ] ], [ [ -78.609299575830789, -1.331451236341631 ], [ -78.609299575830804, -1.331451236341631 ], [ -78.60932690972372, -1.331457515545339 ], [ -78.609299575830789, -1.331451236341631 ] ], [ [ -78.609110345489285, -1.331412064880729 ], [ -78.609110345489285, -1.331412064880713 ], [ -78.609137596029512, -1.331418159600865 ], [ -78.609110345489285, -1.331412064880729 ] ], [ [ -78.608945786723595, -1.331381332231791 ], [ -78.608945786723609, -1.331381332231791 ], [ -78.60897856275092, -1.331388148263889 ], [ -78.608945786723595, -1.331381332231791 ] ], [ [ -78.608864104020697, -1.331348404401795 ], [ -78.608814400392149, -1.331317960173854 ], [ -78.608886958335944, -1.331359254519221 ], [ -78.608864104020697, -1.331348404401795 ] ], [ [ -78.60865702064244, -1.331261833080648 ], [ -78.60865702064244, -1.331261833080631 ], [ -78.608691013750445, -1.331268519230348 ], [ -78.60865702064244, -1.331261833080648 ] ], [ [ -78.608589242178383, -1.331250963977163 ], [ -78.608556364503528, -1.331238735088684 ], [ -78.608621696839691, -1.331257598908502 ], [ -78.608589242178383, -1.331250963977163 ] ], [ [ -78.608495122702394, -1.331209151894205 ], [ -78.608495122702408, -1.331209151894188 ], [ -78.608516922673076, -1.331219766319322 ], [ -78.608495122702394, -1.331209151894205 ] ], [ [ -78.608353572037572, -1.331026808603193 ], [ -78.608364754803432, -1.331073215739693 ], [ -78.608359961038047, -1.331049463810347 ], [ -78.608353572037572, -1.331026808603193 ] ], [ [ -78.608243157358146, -1.330975252485819 ], [ -78.60824315735816, -1.330975252485819 ], [ -78.608269741653942, -1.330983946266313 ], [ -78.608243157358146, -1.330975252485819 ] ], [ [ -78.608129354652732, -1.330940776507927 ], [ -78.6080942445587, -1.33093101860761 ], [ -78.608166450182793, -1.33095180456611 ], [ -78.608129354652732, -1.330940776507927 ] ], [ [ -78.608055746491374, -1.330918710113667 ], [ -78.608020724884653, -1.330906602976093 ], [ -78.6080942445587, -1.33093101860761 ], [ -78.608055746491374, -1.330918710113667 ] ], [ [ -78.607987622002398, -1.330892298441645 ], [ -78.607957863094256, -1.330876810307977 ], [ -78.608020724884653, -1.330906602976093 ], [ -78.607987622002398, -1.330892298441645 ] ], [ [ -78.607957863094256, -1.330876810307977 ], [ -78.607896512048612, -1.33082735946387 ], [ -78.607872153473835, -1.330801738989573 ], [ -78.607957863094256, -1.330876810307977 ] ], [ [ -78.607642908369201, -1.330610533869603 ], [ -78.607621260114527, -1.330557204160265 ], [ -78.607660239358154, -1.330630286371772 ], [ -78.607642908369201, -1.330610533869603 ] ], [ [ -78.607618682387965, -1.330425925197394 ], [ -78.607618682387979, -1.330425925197394 ], [ -78.607619675455709, -1.330476514802079 ], [ -78.607618682387965, -1.330425925197394 ] ], [ [ -78.607548694187358, -1.330348394293039 ], [ -78.607548694187372, -1.330348394293039 ], [ -78.607571415285264, -1.330360229077197 ], [ -78.607548694187358, -1.330348394293039 ] ], [ [ -78.607353273230146, -1.330253465867065 ], [ -78.60735327323016, -1.330253465867065 ], [ -78.607375320807563, -1.33027174142078 ], [ -78.607353273230146, -1.330253465867065 ] ], [ [ -78.607250422916323, -1.330208193198018 ], [ -78.607250422916337, -1.330208193198018 ], [ -78.607284213813813, -1.330216829824661 ], [ -78.607250422916323, -1.330208193198018 ] ], [ [ -78.607167462074955, -1.330196013055777 ], [ -78.607167462074955, -1.33019601305576 ], [ -78.607209695038193, -1.330201261848031 ], [ -78.607167462074955, -1.330196013055777 ] ], [ [ -78.606853584388617, -1.330347197609886 ], [ -78.606853584388631, -1.33034719760987 ], [ -78.606875269308645, -1.330339182822842 ], [ -78.606853584388617, -1.330347197609886 ] ], [ [ -78.60670762373509, -1.330310614819283 ], [ -78.606707623735105, -1.330310614819283 ], [ -78.606738471079822, -1.330326162760278 ], [ -78.60670762373509, -1.330310614819283 ] ], [ [ -78.606618588412829, -1.330278440963044 ], [ -78.606618588412843, -1.330278440963044 ], [ -78.606651688284259, -1.330288371353072 ], [ -78.606618588412829, -1.330278440963044 ] ], [ [ -78.606487805831009, -1.33027384147938 ], [ -78.606487805831009, -1.330273841479364 ], [ -78.606488501021389, -1.330273799673521 ], [ -78.606487805831009, -1.33027384147938 ] ], [ [ -78.606370935820863, -1.330287272763181 ], [ -78.606370935820863, -1.330287272763164 ], [ -78.606380921552756, -1.330287082351551 ], [ -78.606370935820863, -1.330287272763181 ] ], [ [ -78.606302957489135, -1.330279847450719 ], [ -78.606302957489149, -1.330279847450719 ], [ -78.606329680212681, -1.330284645412191 ], [ -78.606302957489135, -1.330279847450719 ] ], [ [ -78.606207822458416, -1.330230560710604 ], [ -78.60620782245843, -1.330230560710604 ], [ -78.606227903854858, -1.330244339985955 ], [ -78.606207822458416, -1.330230560710604 ] ], [ [ -78.606033607611579, -1.330126106570876 ], [ -78.606033607611593, -1.330126106570876 ], [ -78.606053506559462, -1.330137221777357 ], [ -78.606033607611579, -1.330126106570876 ] ], [ [ -78.605919865763227, -1.330097684310777 ], [ -78.605895978247844, -1.330060480434506 ], [ -78.605897049241648, -1.330049791577184 ], [ -78.605919865763227, -1.330097684310777 ] ], [ [ -78.605932369106597, -1.329994678068255 ], [ -78.605932369106611, -1.329994678068255 ], [ -78.605932391322227, -1.329995855913778 ], [ -78.605932369106597, -1.329994678068255 ] ], [ [ -78.605873548586217, -1.329948557132442 ], [ -78.605873548586231, -1.329948557132442 ], [ -78.605890497935292, -1.329949580667117 ], [ -78.605873548586217, -1.329948557132442 ] ], [ [ -78.605798110769726, -1.329963157888295 ], [ -78.605798110769726, -1.329963157888278 ], [ -78.605811787103576, -1.329956208412074 ], [ -78.605798110769726, -1.329963157888295 ] ], [ [ -78.605730674787083, -1.329949374849871 ], [ -78.605730674787097, -1.329949374849871 ], [ -78.605742044857223, -1.329963560516339 ], [ -78.605730674787083, -1.329949374849871 ] ], [ [ -78.605693133823749, -1.329907657869416 ], [ -78.605693133823749, -1.329907657869399 ], [ -78.605708135885621, -1.329919080146397 ], [ -78.605693133823749, -1.329907657869416 ] ], [ [ -78.605656545730554, -1.329882751343513 ], [ -78.605656545730568, -1.329882751343513 ], [ -78.605663660534674, -1.329887549115369 ], [ -78.605656545730554, -1.329882751343513 ] ], [ [ -78.605619711017752, -1.329865850704292 ], [ -78.60560628073415, -1.329853438349777 ], [ -78.605640178768269, -1.329874795217583 ], [ -78.605619711017752, -1.329865850704292 ] ], [ [ -78.605569703736577, -1.32976300127976 ], [ -78.605498430810883, -1.329732622827123 ], [ -78.605476622960083, -1.329722849909056 ], [ -78.605550906104966, -1.329749810822363 ], [ -78.605569703736577, -1.32976300127976 ] ], [ [ -78.605432837969431, -1.329716804132311 ], [ -78.605432837969445, -1.329716804132294 ], [ -78.6054552753358, -1.329716403006466 ], [ -78.605432837969431, -1.329716804132311 ] ], [ [ -78.605361462261001, -1.32972037907266 ], [ -78.605361462261001, -1.329720379072643 ], [ -78.605376470333312, -1.329726494368175 ], [ -78.605361462261001, -1.32972037907266 ] ], [ [ -78.605299103778407, -1.32959909547216 ], [ -78.605299103778421, -1.32959909547216 ], [ -78.605302221085381, -1.329619679238476 ], [ -78.605299103778407, -1.32959909547216 ] ], [ [ -78.605300805973457, -1.329581140527244 ], [ -78.605319938143211, -1.329544502965216 ], [ -78.605323274903313, -1.329527503264429 ], [ -78.605300805973457, -1.329581140527244 ] ], [ [ -78.605322984422955, -1.329512066535246 ], [ -78.605321675990027, -1.329496088260676 ], [ -78.605323274903313, -1.329527503264429 ], [ -78.605322984422955, -1.329512066535246 ] ], [ [ -78.605311417409155, -1.329483242409121 ], [ -78.605293523122626, -1.329475821731695 ], [ -78.605321675990027, -1.329496088260676 ], [ -78.605311417409155, -1.329483242409121 ] ], [ [ -78.605237523281019, -1.329443125159322 ], [ -78.605237523281033, -1.329443125159322 ], [ -78.605254126948111, -1.329458011053384 ], [ -78.605237523281019, -1.329443125159322 ] ], [ [ -78.605220863635097, -1.329421092725571 ], [ -78.605188019924697, -1.329389580321239 ], [ -78.605177230625699, -1.329373863969338 ], [ -78.605220863635097, -1.329421092725571 ] ], [ [ -78.605153319585071, -1.329339647590246 ], [ -78.605153319585085, -1.329339647590229 ], [ -78.60516577552508, -1.329356585877206 ], [ -78.605153319585071, -1.329339647590246 ] ], [ [ -78.605079691061746, -1.329258798538174 ], [ -78.605079691061761, -1.329258798538191 ], [ -78.605090920984125, -1.329276747126282 ], [ -78.605079691061746, -1.329258798538174 ] ], [ [ -78.605069383075644, -1.329223602928668 ], [ -78.605069104551262, -1.329208805293802 ], [ -78.605070750427856, -1.329239952773661 ], [ -78.605069383075644, -1.329223602928668 ] ], [ [ -78.605068391496346, -1.329191044146335 ], [ -78.60506839149636, -1.329191044146351 ], [ -78.605068977707589, -1.329195045520698 ], [ -78.605068391496346, -1.329191044146335 ] ], [ [ -78.60504659440511, -1.329161733665943 ], [ -78.605030604317108, -1.329151343627947 ], [ -78.605059632814573, -1.329171647161698 ], [ -78.60504659440511, -1.329161733665943 ] ], [ [ -78.605013586178273, -1.329140639825891 ], [ -78.605013586178288, -1.329140639825874 ], [ -78.605015876219511, -1.329141756609808 ], [ -78.605013586178273, -1.329140639825891 ] ], [ [ -78.60491356024157, -1.329120064486549 ], [ -78.60491356024157, -1.329120064486532 ], [ -78.604933454081973, -1.329119685278291 ], [ -78.60491356024157, -1.329120064486549 ] ], [ [ -78.604755122651554, -1.329123086187639 ], [ -78.604755122651554, -1.329123086187622 ], [ -78.604814140796449, -1.329121960573028 ], [ -78.604755122651554, -1.329123086187639 ] ], [ [ -78.604713338027977, -1.329120549628195 ], [ -78.604732229302499, -1.329123230154782 ], [ -78.604732229302485, -1.329123230154782 ], [ -78.604713338027977, -1.329120549628195 ] ], [ [ -78.604666465870594, -1.329064554111082 ], [ -78.604666465870594, -1.329064554111065 ], [ -78.604672259588455, -1.32908514048112 ], [ -78.604666465870594, -1.329064554111082 ] ], [ [ -78.604563167522869, -1.328892709880242 ], [ -78.604515986710211, -1.328854110232475 ], [ -78.604578223783307, -1.328908452084834 ], [ -78.604563167522869, -1.328892709880242 ] ], [ [ -78.604469612496686, -1.32877815641045 ], [ -78.6044696124967, -1.32877815641045 ], [ -78.604481862876113, -1.328799632222097 ], [ -78.604469612496686, -1.32877815641045 ] ], [ [ -78.604457351059366, -1.328756039701009 ], [ -78.604427566700096, -1.328722335561803 ], [ -78.604411583064476, -1.328710851778995 ], [ -78.604457351059366, -1.328756039701009 ] ], [ [ -78.604348761301495, -1.328601552152913 ], [ -78.604348761301495, -1.328601552152896 ], [ -78.604351949524826, -1.328611139637348 ], [ -78.604348761301495, -1.328601552152913 ] ], [ [ -78.604243134835613, -1.328514704170551 ], [ -78.604208895559594, -1.328494278054913 ], [ -78.604307677377946, -1.328553207763079 ], [ -78.604243134835613, -1.328514704170551 ] ], [ [ -78.604075309375702, -1.32840020207196 ], [ -78.604075309375716, -1.32840020207196 ], [ -78.604087811913175, -1.328412579151603 ], [ -78.604075309375702, -1.32840020207196 ] ], [ [ -78.604025648471691, -1.32833684587192 ], [ -78.604025648471705, -1.32833684587192 ], [ -78.604038007841936, -1.328351465464042 ], [ -78.604025648471691, -1.32833684587192 ] ], [ [ -78.603981778114857, -1.328257295980132 ], [ -78.603981778114857, -1.328257295980114 ], [ -78.603990363175967, -1.32827977608686 ], [ -78.603981778114857, -1.328257295980132 ] ], [ [ -78.603973952852982, -1.328235762127263 ], [ -78.603968295913575, -1.328211172392592 ], [ -78.603963805147529, -1.32818522699603 ], [ -78.603973952852982, -1.328235762127263 ] ], [ [ -78.60395235765678, -1.328113460872672 ], [ -78.603952357656794, -1.328113460872672 ], [ -78.603956660385691, -1.328135088910704 ], [ -78.60395235765678, -1.328113460872672 ] ], [ [ -78.603930652726547, -1.328065886587321 ], [ -78.603919636028252, -1.328044767237166 ], [ -78.603943058520684, -1.328091047865326 ], [ -78.603930652726547, -1.328065886587321 ] ], [ [ -78.603797957461424, -1.327946698510889 ], [ -78.603738536449328, -1.327915240664501 ], [ -78.603718954679437, -1.327895636985143 ], [ -78.603797957461424, -1.327946698510889 ] ], [ [ -78.603655194712985, -1.327747789291934 ], [ -78.603655194712999, -1.327747789291934 ], [ -78.603661521308396, -1.327772739437867 ], [ -78.603655194712985, -1.327747789291934 ] ], [ [ -78.603643506345335, -1.327723742363822 ], [ -78.603625468988142, -1.327707310280413 ], [ -78.603652201810888, -1.327741630602006 ], [ -78.603643506345335, -1.327723742363822 ] ], [ [ -78.603412716639951, -1.327574306179695 ], [ -78.603370545365905, -1.327534006143675 ], [ -78.603387558585027, -1.327549875499035 ], [ -78.603412716639951, -1.327574306179678 ], [ -78.603432717852584, -1.327592880246192 ], [ -78.603412716639951, -1.327574306179695 ] ], [ [ -78.603227974898161, -1.327449810114663 ], [ -78.603227974898175, -1.327449810114663 ], [ -78.603257371747105, -1.32746434508147 ], [ -78.603227974898161, -1.327449810114663 ] ], [ [ -78.603163416765639, -1.327436878755 ], [ -78.603163416765653, -1.327436878754999 ], [ -78.603199822431066, -1.327439438058749 ], [ -78.603163416765639, -1.327436878755 ] ], [ [ -78.60287898771837, -1.327381521061315 ], [ -78.602860224356533, -1.32735611496129 ], [ -78.60289892112884, -1.327404344871011 ], [ -78.60287898771837, -1.327381521061315 ] ], [ [ -78.602842325983019, -1.32732874546554 ], [ -78.602829414133836, -1.327300294312917 ], [ -78.602860224356533, -1.32735611496129 ], [ -78.602842325983019, -1.32732874546554 ] ], [ [ -78.602803846338034, -1.327197778129737 ], [ -78.602803846338048, -1.327197778129737 ], [ -78.602821998880017, -1.327248453905721 ], [ -78.602803846338034, -1.327197778129737 ] ], [ [ -78.602741478563345, -1.327144959375535 ], [ -78.60274147856336, -1.327144959375535 ], [ -78.602770508343184, -1.327158274576307 ], [ -78.602741478563345, -1.327144959375535 ] ], [ [ -78.602705405444908, -1.327131912096145 ], [ -78.602631415619911, -1.327113942974624 ], [ -78.602600387227454, -1.327099999400425 ], [ -78.602705405444908, -1.327131912096145 ] ], [ [ -78.602572605778022, -1.327075565270555 ], [ -78.602572605778036, -1.327075565270555 ], [ -78.602582555915404, -1.327084917408595 ], [ -78.602572605778022, -1.327075565270555 ] ], [ [ -78.60252209648344, -1.327044550044168 ], [ -78.602522096483455, -1.327044550044168 ], [ -78.602544063241837, -1.327054319464005 ], [ -78.60252209648344, -1.327044550044168 ] ], [ [ -78.602389245009618, -1.327010305166437 ], [ -78.602389245009633, -1.327010305166437 ], [ -78.602411684417831, -1.327019825562546 ], [ -78.602389245009618, -1.327010305166437 ] ], [ [ -78.602326491011169, -1.32690898451755 ], [ -78.602341497300287, -1.326957074039557 ], [ -78.602331343100857, -1.326930063742017 ], [ -78.602326491011169, -1.32690898451755 ] ], [ [ -78.602320292153735, -1.326874590527428 ], [ -78.602314555694804, -1.326767530698174 ], [ -78.60230880942639, -1.326745236890399 ], [ -78.602314555694818, -1.326767530698174 ], [ -78.602320292153735, -1.326874590527428 ] ], [ [ -78.602093153602027, -1.32668320668813 ], [ -78.602093153602027, -1.326683206688114 ], [ -78.602128332809826, -1.326682535951486 ], [ -78.602093153602027, -1.32668320668813 ] ], [ [ -78.601772357770599, -1.32661606159168 ], [ -78.601772357770614, -1.32661606159168 ], [ -78.601786715665156, -1.326642565260429 ], [ -78.601772357770599, -1.32661606159168 ] ], [ [ -78.601685894847762, -1.326540338195113 ], [ -78.601622542383396, -1.326516849228809 ], [ -78.601715651036159, -1.326555666241267 ], [ -78.601685894847762, -1.326540338195113 ] ], [ [ -78.60159335579317, -1.326505057007439 ], [ -78.60158110990956, -1.326498421245943 ], [ -78.601622542383396, -1.326516849228809 ], [ -78.60159335579317, -1.326505057007439 ] ], [ [ -78.60154237179043, -1.326472745106154 ], [ -78.60154237179043, -1.326472745106137 ], [ -78.601555369120987, -1.326482115173302 ], [ -78.60154237179043, -1.326472745106154 ] ], [ [ -78.601497299604205, -1.326433518492034 ], [ -78.601480335564446, -1.326415822039007 ], [ -78.601519167558635, -1.326453531135595 ], [ -78.601497299604205, -1.326433518492034 ] ], [ [ -78.601458005873667, -1.326385966905591 ], [ -78.601478242644092, -1.326413638757936 ], [ -78.601478242644077, -1.326413638757928 ], [ -78.601458005873667, -1.326385966905591 ] ], [ [ -78.601441169869219, -1.326355936405116 ], [ -78.60142577358549, -1.326322144252245 ], [ -78.601458005873667, -1.326385966905591 ], [ -78.601441169869219, -1.326355936405116 ] ], [ [ -78.60141512283316, -1.326288502263477 ], [ -78.601401262743451, -1.326229115043741 ], [ -78.60142577358549, -1.326322144252245 ], [ -78.60141512283316, -1.326288502263477 ] ], [ [ -78.601381308825424, -1.326174462084533 ], [ -78.601381308825438, -1.326174462084533 ], [ -78.60139204206574, -1.326197061751476 ], [ -78.601381308825424, -1.326174462084533 ] ], [ [ -78.601306425041102, -1.326094464493062 ], [ -78.601306425041102, -1.326094464493045 ], [ -78.601348066971809, -1.326135890622762 ], [ -78.601306425041102, -1.326094464493062 ] ], [ [ -78.60122219717006, -1.325930578582776 ], [ -78.601248843254083, -1.326012936262511 ], [ -78.601239636440482, -1.325987001685199 ], [ -78.60122219717006, -1.325930578582776 ] ], [ [ -78.601203518531619, -1.325887168141395 ], [ -78.601203518531619, -1.325887168141378 ], [ -78.601213343731985, -1.325907943692822 ], [ -78.601203518531619, -1.325887168141395 ] ], [ [ -78.601137580493045, -1.325857995483949 ], [ -78.601137580493045, -1.325857995483932 ], [ -78.601139849062491, -1.32585808447436 ], [ -78.601137580493045, -1.325857995483949 ] ], [ [ -78.60104622658433, -1.32578492492809 ], [ -78.601064130841294, -1.325832271220085 ], [ -78.601051619851873, -1.325810985946362 ], [ -78.60104622658433, -1.32578492492809 ] ], [ [ -78.601045123364244, -1.325757288027205 ], [ -78.601042679581809, -1.325730237372465 ], [ -78.60104622658433, -1.32578492492809 ], [ -78.601045123364244, -1.325757288027205 ] ], [ [ -78.601038455921397, -1.3257029797896 ], [ -78.601038455921412, -1.3257029797896 ], [ -78.601040248209273, -1.325714547310934 ], [ -78.601038455921397, -1.3257029797896 ] ], [ [ -78.600991861333213, -1.325632151264471 ], [ -78.600991861333227, -1.325632151264471 ], [ -78.601015163427164, -1.325652322575023 ], [ -78.600991861333213, -1.325632151264471 ] ], [ [ -78.600926345737122, -1.325609183599125 ], [ -78.600926345737136, -1.325609183599125 ], [ -78.600959822768701, -1.32561523913548 ], [ -78.600926345737122, -1.325609183599125 ] ], [ [ -78.600860681809024, -1.32560222166007 ], [ -78.600860681809039, -1.32560222166007 ], [ -78.600888989772002, -1.325609602737798 ], [ -78.600860681809024, -1.32560222166007 ] ], [ [ -78.60073354590331, -1.325536582672309 ], [ -78.600733545903324, -1.325536582672309 ], [ -78.60076925490219, -1.325544356043102 ], [ -78.60073354590331, -1.325536582672309 ] ], [ [ -78.60034973213844, -1.325474959819859 ], [ -78.600349732138454, -1.325474959819859 ], [ -78.600383414259554, -1.325483465205003 ], [ -78.60034973213844, -1.325474959819859 ] ], [ [ -78.60023382244448, -1.325411559978896 ], [ -78.60023382244448, -1.325411559978879 ], [ -78.600262813195087, -1.325429890105717 ], [ -78.60023382244448, -1.325411559978896 ] ], [ [ -78.60010826915078, -1.325327222078185 ], [ -78.600080631910686, -1.325296313459778 ], [ -78.600117523939076, -1.325335041049685 ], [ -78.60010826915078, -1.325327222078185 ] ], [ [ -78.599865614365513, -1.325254131411342 ], [ -78.599865614365513, -1.325254131411325 ], [ -78.599882307058678, -1.325234316414293 ], [ -78.599865614365513, -1.325254131411342 ] ], [ [ -78.599847761665245, -1.325319255586618 ], [ -78.599847761665245, -1.325319255586602 ], [ -78.599849484495323, -1.325312404944357 ], [ -78.599847761665245, -1.325319255586618 ] ], [ [ -78.599717493759812, -1.325434878292922 ], [ -78.599717493759826, -1.325434878292906 ], [ -78.599738292643991, -1.325429067348913 ], [ -78.599717493759812, -1.325434878292922 ] ], [ [ -78.599633398266718, -1.325461894183259 ], [ -78.599633398266718, -1.325461894183243 ], [ -78.599634102529222, -1.325461752953837 ], [ -78.599633398266718, -1.325461894183259 ] ], [ [ -78.599325272384135, -1.325544482744585 ], [ -78.599284765369688, -1.3255239719486 ], [ -78.599345461799587, -1.325548552049089 ], [ -78.599325272384135, -1.325544482744585 ] ], [ [ -78.599179931464363, -1.325457721078454 ], [ -78.599179931464377, -1.325457721078438 ], [ -78.599220843896305, -1.325482508751223 ], [ -78.599179931464363, -1.325457721078454 ] ], [ [ -78.59900998222264, -1.325416476186002 ], [ -78.599118365343429, -1.325447453829168 ], [ -78.599085477641083, -1.325443147051623 ], [ -78.599055192435515, -1.325436310008644 ], [ -78.599031460423177, -1.325427081242165 ], [ -78.59900998222264, -1.325416476186002 ] ], [ [ -78.598947035541855, -1.325376549719604 ], [ -78.598848677180996, -1.325361490086972 ], [ -78.598820714625617, -1.325347087629297 ], [ -78.598947035541855, -1.325376549719604 ] ], [ [ -78.598735129515561, -1.3253010863686 ], [ -78.598735129515575, -1.3253010863686 ], [ -78.598765624914918, -1.325316266867778 ], [ -78.598735129515561, -1.3253010863686 ] ], [ [ -78.598664502173932, -1.325290938630722 ], [ -78.598619045702193, -1.325291805414593 ], [ -78.598702840991848, -1.325291993879223 ], [ -78.598664502173932, -1.325290938630722 ] ], [ [ -78.598302271217079, -1.32529606098554 ], [ -78.598302271217094, -1.32529606098554 ], [ -78.598337697221254, -1.32530850739942 ], [ -78.598302271217079, -1.32529606098554 ] ], [ [ -78.598217153965805, -1.325270667013349 ], [ -78.598246114021521, -1.325273261538298 ], [ -78.598217153965791, -1.32527066701335 ], [ -78.598217153965805, -1.325270667013349 ] ], [ [ -78.598038296388225, -1.325271385456093 ], [ -78.598038296388239, -1.325271385456093 ], [ -78.598075434327484, -1.32527345013133 ], [ -78.598038296388225, -1.325271385456093 ] ], [ [ -78.597768968780457, -1.32517781369747 ], [ -78.597736961115942, -1.325168564934206 ], [ -78.597770543762508, -1.325177964317235 ], [ -78.597768968780457, -1.32517781369747 ] ], [ [ -78.597655444681493, -1.325120102813513 ], [ -78.597655444681507, -1.325120102813513 ], [ -78.597680011229841, -1.325132836918033 ], [ -78.597655444681493, -1.325120102813513 ] ], [ [ -78.597366931985732, -1.325099682486015 ], [ -78.597366931985746, -1.325099682486015 ], [ -78.597391487466012, -1.325100600449991 ], [ -78.597366931985732, -1.325099682486015 ] ], [ [ -78.597318537282064, -1.325082469657135 ], [ -78.59729669933354, -1.325066830286121 ], [ -78.597342711520525, -1.325094089740422 ], [ -78.597318537282064, -1.325082469657135 ] ], [ [ -78.597227032305724, -1.324995053753928 ], [ -78.597227032305739, -1.324995053753928 ], [ -78.597247715127509, -1.325021090767004 ], [ -78.597227032305724, -1.324995053753928 ] ], [ [ -78.597205868288242, -1.324968813791993 ], [ -78.597158093924477, -1.324909955869496 ], [ -78.597136760863563, -1.324887571905499 ], [ -78.597205868288242, -1.324968813791993 ] ], [ [ -78.597088696710429, -1.324832204658086 ], [ -78.597061500368582, -1.324802821280882 ], [ -78.597113021570337, -1.324860861187007 ], [ -78.597088696710429, -1.324832204658086 ] ], [ [ -78.597043430200642, -1.324788870513099 ], [ -78.597018958531763, -1.324778348415018 ], [ -78.597061500368582, -1.324802821280882 ], [ -78.597043430200642, -1.324788870513099 ] ], [ [ -78.596992401731256, -1.32477124293066 ], [ -78.596990113915737, -1.324770630546273 ], [ -78.597018958531763, -1.324778348415018 ], [ -78.596992401731256, -1.32477124293066 ] ], [ [ -78.596604183257753, -1.324880782130188 ], [ -78.596537336373032, -1.324857439836109 ], [ -78.596638946484873, -1.324881958647156 ], [ -78.596604183257753, -1.324880782130188 ] ], [ [ -78.596537336373032, -1.324857439836109 ], [ -78.596476266630575, -1.324832707523516 ], [ -78.596447228880962, -1.32482317980173 ], [ -78.596537336373032, -1.324857439836109 ] ], [ [ -78.596319711721492, -1.32477625809364 ], [ -78.596319711721506, -1.32477625809364 ], [ -78.596352708321746, -1.324789563572925 ], [ -78.596319711721492, -1.32477625809364 ] ], [ [ -78.596240734296032, -1.324726503892552 ], [ -78.596240734296046, -1.324726503892552 ], [ -78.596258228384571, -1.324740839166938 ], [ -78.596240734296032, -1.324726503892552 ] ], [ [ -78.596161861650856, -1.324706871318622 ], [ -78.596123063189168, -1.324698249740656 ], [ -78.59619624465644, -1.324708362935767 ], [ -78.596161861650856, -1.324706871318622 ] ] ] } },
{ "type": "Feature", "properties": { "DPA_DESPRO": "ISLA", "DPA_CANTON": "ISLA", "DPA_DESCAN": "ISLA", "DPA_PROVIN": "ISLA", "DPA_ANIO": "2024", "fcode": "HA003" }, "geometry": { "type": "MultiPolygon", "coordinates": [ [ [ [ -80.889506277918798, -2.34092972926017 ], [ -80.890180873592968, -2.340522661001192 ], [ -80.889911091312513, -2.339979811005946 ], [ -80.889506277918798, -2.34092972926017 ] ] ], [ [ [ -80.890494289406377, -2.340001315829881 ], [ -80.890581405402202, -2.340150103880753 ], [ -80.890699091814128, -2.340065694190029 ], [ -80.890494289406377, -2.340001315829881 ] ] ], [ [ [ -80.83611739180887, -1.677787995913409 ], [ -80.83580272383378, -1.677788059841707 ], [ -80.83580269365585, -1.678149947777617 ], [ -80.83611739180887, -1.677787995913409 ] ] ], [ [ [ -80.835937533959225, -1.676204720990464 ], [ -80.836926559931598, -1.67647622007458 ], [ -80.836072399460804, -1.676114260365638 ], [ -80.835937533959225, -1.676204720990464 ] ] ], [ [ [ -80.856076651306267, -1.601246283335407 ], [ -80.855806867866065, -1.601065319981418 ], [ -80.85589684312643, -1.601291506696287 ], [ -80.856076651306267, -1.601246283335407 ] ] ], [ [ [ -80.869202978022258, -1.59093191035935 ], [ -80.859987558421949, -1.595048614034639 ], [ -80.866146156225753, -1.602467707225983 ], [ -80.872169893184989, -1.598667687370406 ], [ -80.869202978022258, -1.59093191035935 ] ] ], [ [ [ -80.842501377835021, -1.566955610870088 ], [ -80.843220643376455, -1.567340081180724 ], [ -80.842995934117553, -1.566774613518092 ], [ -80.842501377835021, -1.566955610870088 ] ] ], [ [ [ -80.842186717325973, -1.565869831213882 ], [ -80.842051883537152, -1.565643640713795 ], [ -80.841782166863027, -1.565847272976118 ], [ -80.842186717325973, -1.565869831213882 ] ] ], [ [ [ -81.060210957406156, -1.288843844678316 ], [ -81.059356990741421, -1.288346265392595 ], [ -81.059312050074126, -1.288572448017935 ], [ -81.060210957406156, -1.288843844678316 ] ] ], [ [ [ -81.049881992865764, -1.285675173597691 ], [ -81.049702189418412, -1.284453797312929 ], [ -81.049387597437729, -1.285629947851522 ], [ -81.049881992865764, -1.285675173597691 ] ] ], [ [ [ -81.068076206014197, -1.28404859675505 ], [ -81.068390802400401, -1.283370043683778 ], [ -81.067761592788784, -1.284093841475131 ], [ -81.068076206014197, -1.28404859675505 ] ] ], [ [ [ -81.08487083132988, -1.283188601655594 ], [ -81.084286501062749, -1.281786296054612 ], [ -81.084106725473006, -1.281876774586841 ], [ -81.08487083132988, -1.283188601655594 ] ] ], [ [ [ -81.082937616799697, -1.281786340373109 ], [ -81.082622972882362, -1.28088162472743 ], [ -81.082712895394167, -1.281876820274511 ], [ -81.082937616799697, -1.281786340373109 ] ] ], [ [ [ -81.072689559961688, -1.259349444704327 ], [ -81.05749862570228, -1.273146905216778 ], [ -81.050262759533126, -1.285315628697618 ], [ -81.083117339960836, -1.280067355352278 ], [ -81.072689559961688, -1.259349444704327 ] ] ], [ [ [ -80.914435463594316, -1.058503449116634 ], [ -80.914390537502356, -1.057915737043928 ], [ -80.914255787014866, -1.058548680484438 ], [ -80.914435463594316, -1.058503449116634 ] ] ], [ [ [ -80.912953217425766, -1.058186934018313 ], [ -80.912683749033789, -1.058232162757063 ], [ -80.912818479261929, -1.058367785180836 ], [ -80.912953217425766, -1.058186934018313 ] ] ], [ [ [ -80.244558562042442, -3.320091213427852 ], [ -80.239444561762497, -3.321986979733867 ], [ -80.246986226009881, -3.323521593784876 ], [ -80.244558562042442, -3.320091213427852 ] ] ], [ [ [ -80.258571553014889, -3.322164412751765 ], [ -80.255296940000278, -3.319818962735103 ], [ -80.254755829633922, -3.321220720997291 ], [ -80.258571553014889, -3.322164412751765 ] ] ], [ [ [ -80.441438582053109, -3.176960796530617 ], [ -80.441663243203436, -3.177594180853639 ], [ -80.441933293692585, -3.177503861397299 ], [ -80.441438582053109, -3.176960796530617 ] ] ], [ [ [ -80.439225554275097, -3.175132178827564 ], [ -80.439405530648528, -3.175177509894151 ], [ -80.43940557942399, -3.17508704390367 ], [ -80.439225554275097, -3.175132178827564 ] ] ], [ [ [ -80.437256567264399, -3.171394858727913 ], [ -80.434150731952371, -3.172931078634218 ], [ -80.439279642316237, -3.174969369472684 ], [ -80.437256567264399, -3.171394858727913 ] ] ], [ [ [ -80.810404108450143, -1.499276559495873 ], [ -80.809370177024704, -1.500543348731465 ], [ -80.810089416501015, -1.500905209261869 ], [ -80.810404108450143, -1.499276559495873 ] ] ], [ [ [ -80.793726430216068, -1.482673261857205 ], [ -80.793456760822835, -1.482447056714911 ], [ -80.793411783082519, -1.482763704274267 ], [ -80.793726430216068, -1.482673261857205 ] ] ], [ [ [ -80.78505025349348, -1.474891848672438 ], [ -80.783791609365281, -1.474937052414804 ], [ -80.784241120342941, -1.475570399538767 ], [ -80.78505025349348, -1.474891848672438 ] ] ], [ [ [ -80.771384703315206, -1.405852956357891 ], [ -80.771114958953603, -1.405581514172844 ], [ -80.771114932524711, -1.405852929763234 ], [ -80.771384703315206, -1.405852956357891 ] ] ], [ [ [ -80.761854579080079, -1.37680710713569 ], [ -80.759427098498861, -1.378843020449556 ], [ -80.762349086809863, -1.377621493726292 ], [ -80.761854579080079, -1.37680710713569 ] ] ], [ [ [ -80.326727909958521, -0.171813774314192 ], [ -80.326031191154811, -0.171892555237845 ], [ -80.326354223870823, -0.171945037475663 ], [ -80.326727909958521, -0.171813774314192 ] ] ], [ [ [ -80.325948469066262, -0.171018217565332 ], [ -80.325980575657496, -0.171791212500327 ], [ -80.326342846783035, -0.171217285677189 ], [ -80.325948469066262, -0.171018217565332 ] ] ], [ [ [ -80.055198673315999, 0.454723681636098 ], [ -80.047652801481348, 0.419499353400316 ], [ -80.053446990660063, 0.414977661349148 ], [ -80.062430114076605, 0.433878552058232 ], [ -80.060992857120326, 0.447353240338667 ], [ -80.055198673315999, 0.454723681636098 ] ] ], [ [ [ -80.060624271685313, 0.815845082543202 ], [ -80.060353742027146, 0.815865191693143 ], [ -80.060544155134451, 0.815673602666491 ], [ -80.060624271685313, 0.815845082543202 ] ] ], [ [ [ -80.052987645819641, 0.823513632918035 ], [ -80.052937589904005, 0.823337117109487 ], [ -80.053057819129904, 0.823357317646655 ], [ -80.052987645819641, 0.823513632918035 ] ] ], [ [ [ -80.053077802046616, 0.823594341639729 ], [ -80.053178018905854, 0.823498549824921 ], [ -80.053188022120239, 0.823569153937579 ], [ -80.053077802046616, 0.823594341639729 ] ] ], [ [ [ -80.002510637334154, -3.239595588346579 ], [ -80.001114670031996, -3.240634456364305 ], [ -80.001429081975971, -3.241222734973055 ], [ -80.002510637334154, -3.239595588346579 ] ] ], [ [ [ -80.044149335504102, 0.403808925889131 ], [ -80.045856123521745, 0.402678462413366 ], [ -80.054075752791789, 0.398518506844346 ], [ -80.044149335504102, 0.403808925889131 ] ] ], [ [ [ -80.04028658139265, 0.404396731141293 ], [ -80.040017120980636, 0.404984600608966 ], [ -80.039927253857158, 0.404306318517419 ], [ -80.04028658139265, 0.404396731141293 ] ] ], [ [ [ -79.879654959276451, 0.87217833305443 ], [ -79.879475290843416, 0.871997368178223 ], [ -79.879610081613734, 0.871997408564261 ], [ -79.879654959276451, 0.87217833305443 ] ] ], [ [ [ -79.879070691025092, 0.872766118708494 ], [ -79.879699741478902, 0.872675851853769 ], [ -79.879609773859073, 0.873037646962327 ], [ -79.879070691025092, 0.872766118708494 ] ] ], [ [ [ -78.979641929879818, 1.296028403681471 ], [ -78.978830408333209, 1.299825226505506 ], [ -78.9779765163657, 1.300412242439753 ], [ -78.979641929879818, 1.296028403681471 ] ] ], [ [ [ -78.974065956436533, 1.303890093803736 ], [ -78.974741409171386, 1.301765868911586 ], [ -78.976269020351012, 1.301224608125238 ], [ -78.974065956436533, 1.303890093803736 ] ] ], [ [ [ -78.961345209858194, 1.315362469793187 ], [ -78.96714216306836, 1.312067068569084 ], [ -78.968399803027523, 1.312113304768423 ], [ -78.961345209858194, 1.315362469793187 ] ] ], [ [ [ -78.965566447764147, 1.31654133681774 ], [ -78.965971652477464, 1.315366270358609 ], [ -78.966510547537524, 1.3155023355331 ], [ -78.965566447764147, 1.31654133681774 ] ] ], [ [ [ -78.963770134655874, 1.316087784558224 ], [ -78.962691320692755, 1.317081464236004 ], [ -78.961613536066196, 1.316809331789834 ], [ -78.963770134655874, 1.316087784558224 ] ] ], [ [ [ -78.959183528694012, 1.322322641751129 ], [ -78.963005189179896, 1.317759836222665 ], [ -78.965026599198637, 1.317580668966739 ], [ -78.959183528694012, 1.322322641751129 ] ] ], [ [ [ -78.909494963246956, 1.387739360433546 ], [ -78.9081479787463, 1.387150483746339 ], [ -78.910797310460111, 1.388011755196849 ], [ -78.909494963246956, 1.387739360433546 ] ] ], [ [ [ -78.896587777762008, 1.449622381421908 ], [ -78.896966963418492, 1.442881260771417 ], [ -78.89881428237797, 1.44149145729485 ], [ -78.896587777762008, 1.449622381421908 ] ] ], [ [ [ -78.891068252993136, 1.446952941140068 ], [ -78.891565127779145, 1.447412189327377 ], [ -78.890593477200767, 1.447039703527824 ], [ -78.891068252993136, 1.446952941140068 ] ] ] ] } },
{ "type": "Feature", "properties": { "DPA_DESPRO": "CARCHI", "DPA_CANTON": "0401", "DPA_DESCAN": "TULCÁN", "DPA_PROVIN": "04", "DPA_ANIO": "2024", "fcode": "HA003" }, "geometry": { "type": "Polygon", "coordinates": [ [ [ -77.807428225918926, 0.426442597797518 ], [ -77.813356704257373, 0.403605480156792 ], [ -77.796296677454677, 0.385188315218499 ], [ -77.797188022464567, 0.369439078872126 ], [ -77.81505590262168, 0.349454134604402 ], [ -77.834443753152698, 0.344278339066958 ], [ -77.838004029278736, 0.356601425203792 ], [ -77.864732980703877, 0.381143773290141 ], [ -77.923996717858628, 0.401650133198369 ], [ -77.944880025168914, 0.431488935980822 ], [ -77.991735399720923, 0.44766769869044 ], [ -78.011102884016609, 0.473558326516917 ], [ -78.089790530964606, 0.478774079603901 ], [ -78.104825882899675, 0.496013745204558 ], [ -78.111517232688982, 0.520450030420853 ], [ -78.129587365339503, 0.530321876145487 ], [ -78.125209400551768, 0.570748048451885 ], [ -78.142219410044092, 0.590608143900322 ], [ -78.133632417819726, 0.615067892936617 ], [ -78.143714120945745, 0.627316407404536 ], [ -78.152996091428335, 0.626701117987826 ], [ -78.168457755651104, 0.65951571910181 ], [ -78.187211816531459, 0.669212433223955 ], [ -78.2042464170908, 0.718019360777833 ], [ -78.267034007862904, 0.767013568322109 ], [ -78.271346104371304, 0.784395596345718 ], [ -78.302792166189079, 0.792347409009781 ], [ -78.326893334772123, 0.820086104690577 ], [ -78.340281380776986, 0.823766854562459 ], [ -78.353218785017617, 0.815272429848564 ], [ -78.364386095285468, 0.825633791245108 ], [ -78.386735032306007, 0.825041270001311 ], [ -78.417969485068085, 0.847299435304563 ], [ -78.435733231202789, 0.873320700081527 ], [ -78.451788232937972, 0.874582200868168 ], [ -78.461897975025352, 0.885561674345151 ], [ -78.487763646112228, 0.886424999607981 ], [ -78.532242309768606, 0.923071019564518 ], [ -78.530387262602218, 0.929631722284738 ], [ -78.546872835817567, 0.941723250674633 ], [ -78.53633249329053, 0.980573130793127 ], [ -78.549386093187223, 1.019761910271287 ], [ -78.541510682424189, 1.049543264257262 ], [ -78.524036021256165, 1.057969026108455 ], [ -78.522206120640135, 1.068656186372674 ], [ -78.499886931149248, 1.075054226384849 ], [ -78.507988565927164, 1.09651837167963 ], [ -78.500272064798239, 1.133646456525221 ], [ -78.50675671675593, 1.16015529926115 ], [ -78.513476627026847, 1.158803033092797 ], [ -78.512632312200665, 1.171990872049671 ], [ -78.495739578506559, 1.184884167942404 ], [ -78.50711139913868, 1.183092326122386 ], [ -78.506090594591569, 1.196783623427799 ], [ -78.493127950215538, 1.196759883081148 ], [ -78.489687913097512, 1.185217751425804 ], [ -78.478837901521231, 1.193321928433438 ], [ -78.455925900628728, 1.17570482231963 ], [ -78.438470530746557, 1.194071507513167 ], [ -78.425637076375509, 1.178123564557863 ], [ -78.438584492792927, 1.158332469982082 ], [ -78.431910820077547, 1.141269344348588 ], [ -78.421885728556902, 1.138183664311028 ], [ -78.41621609554791, 1.144607121120491 ], [ -78.425259632937454, 1.15376457028439 ], [ -78.418002769612571, 1.160093520889814 ], [ -78.395299306831106, 1.152290684707495 ], [ -78.374712672694386, 1.174410282382613 ], [ -78.346104376697127, 1.183349914912431 ], [ -78.337815243791951, 1.178603127043859 ], [ -78.325162038148321, 1.195839983096012 ], [ -78.311147371702276, 1.190884622365378 ], [ -78.305197045035797, 1.172599202999119 ], [ -78.295369290386574, 1.170705504583605 ], [ -78.29903502618069, 1.149063785107156 ], [ -78.279432618689626, 1.119756791761898 ], [ -78.282533040527881, 1.111493955386081 ], [ -78.265611300586272, 1.111879373001351 ], [ -78.264576267776576, 1.099566883593382 ], [ -78.250910600016425, 1.098998295997684 ], [ -78.252501929505911, 1.078905501612271 ], [ -78.262505815615938, 1.082613565882763 ], [ -78.27759655871246, 1.072170798811779 ], [ -78.281883860344905, 1.055896121458937 ], [ -78.202213324965442, 0.997087927747321 ], [ -78.191216636163119, 0.960833962332622 ], [ -78.199085600414492, 0.947044035423413 ], [ -78.153984664830816, 0.924009620594979 ], [ -78.13538588258605, 0.935911397007961 ], [ -78.11211934095148, 0.932241110142137 ], [ -78.10479374653471, 0.911066191559455 ], [ -78.089150288445524, 0.897068548831133 ], [ -78.071114038465439, 0.897222741486964 ], [ -77.98999863327721, 0.85698772816679 ], [ -77.966110581004799, 0.824355972672526 ], [ -77.866931862800584, 0.801507204418818 ], [ -77.84259693821663, 0.802302559902127 ], [ -77.819717076689344, 0.807838363627336 ], [ -77.803674494570828, 0.831205502400754 ], [ -77.764143147811325, 0.84197551119147 ], [ -77.746678260939987, 0.833095472414111 ], [ -77.714071466044231, 0.85088301257284 ], [ -77.684767296135092, 0.825028065061236 ], [ -77.664785673711279, 0.817768487158976 ], [ -77.676889245961476, 0.792201011048833 ], [ -77.661619220072481, 0.789996432615994 ], [ -77.68836970635482, 0.769125237857176 ], [ -77.697468916901343, 0.740741110543311 ], [ -77.672930254329842, 0.734988890042741 ], [ -77.662773996881796, 0.705928926914331 ], [ -77.610930536613935, 0.689020260734046 ], [ -77.56354289733531, 0.650742375987589 ], [ -77.534517324204671, 0.652856678615118 ], [ -77.531370749086634, 0.64865242949894 ], [ -77.566194479056193, 0.634499003523863 ], [ -77.616905994265807, 0.642132222501365 ], [ -77.637123768448959, 0.636030377580434 ], [ -77.672137852126951, 0.649298203507657 ], [ -77.685945457810476, 0.641160304776076 ], [ -77.687952774574669, 0.617948353413332 ], [ -77.655812935772104, 0.604059777585816 ], [ -77.677602790826228, 0.562557643330188 ], [ -77.709746846812152, 0.548915625076403 ], [ -77.720774351201513, 0.531478507050943 ], [ -77.727911422317689, 0.534009408590476 ], [ -77.77178921722907, 0.464854365769047 ], [ -77.783795017676923, 0.461364614564371 ], [ -77.794217060281369, 0.434719624592848 ], [ -77.807428225918926, 0.426442597797518 ] ] ] } },
{ "type": "Feature", "properties": { "DPA_DESPRO": "CAÑAR", "DPA_CANTON": "0301", "DPA_DESCAN": "AZOGUES", "DPA_PROVIN": "03", "DPA_ANIO": "2024", "fcode": "HA003" }, "geometry": { "type": "Polygon", "coordinates": [ [ [ -78.876647117373253, -2.840968604459317 ], [ -78.944533688809869, -2.828893997781063 ], [ -78.952785745652065, -2.768990388024716 ], [ -78.975045431685842, -2.747933041926153 ], [ -78.995210906982621, -2.748499917724134 ], [ -78.985459810385251, -2.719632716263586 ], [ -79.010203923469092, -2.713713241684498 ], [ -79.024086198744214, -2.678675118761808 ], [ -79.019025494066426, -2.663540433512869 ], [ -79.03450713916844, -2.646167342308293 ], [ -79.054414429750892, -2.637831994028455 ], [ -79.080263124677842, -2.648123731064687 ], [ -79.093935225449172, -2.696915552789311 ], [ -79.12003849111116, -2.716774657321193 ], [ -79.143630502163361, -2.714138885844784 ], [ -79.145328734547633, -2.731198425349278 ], [ -79.163672952960894, -2.730796100038068 ], [ -79.176721655051182, -2.745032329793647 ], [ -79.214747908833942, -2.723002897497454 ], [ -79.201971058136181, -2.705638072245646 ], [ -79.206330948676197, -2.692664854859329 ], [ -79.216541425148648, -2.68588605254359 ], [ -79.23263573297902, -2.693395516716789 ], [ -79.24069623507981, -2.677641561131385 ], [ -79.280220784636398, -2.650541742383246 ], [ -79.303752234264877, -2.619423020345357 ], [ -79.304176351127651, -2.572018242840772 ], [ -79.350942066478481, -2.577908594531511 ], [ -79.364683678364244, -2.572483171531141 ], [ -79.367368960804583, -2.567611149733434 ], [ -79.356056721551425, -2.567611467086186 ], [ -79.361927567494917, -2.544199058378878 ], [ -79.377058790906574, -2.542678831553981 ], [ -79.39513615301486, -2.497086793150967 ], [ -79.461720000371386, -2.500744062225876 ], [ -79.508925690441572, -2.539647946237975 ], [ -79.515943427247123, -2.526941878305035 ], [ -79.500835666280238, -2.525909890865933 ], [ -79.48847599936218, -2.510948969334331 ], [ -79.505663377139953, -2.499565463519875 ], [ -79.522338588837201, -2.505353434593476 ], [ -79.524194842083162, -2.487854837376834 ], [ -79.495162518324918, -2.476824703727143 ], [ -79.483509257544398, -2.463545293789369 ], [ -79.465123317700701, -2.46113915835402 ], [ -79.471177674997691, -2.448540649731788 ], [ -79.425254101703715, -2.43062399982545 ], [ -79.448122228756603, -2.420070058627611 ], [ -79.41868108593566, -2.378333427905351 ], [ -79.430636606786649, -2.380113306826884 ], [ -79.4336264117197, -2.373333358347417 ], [ -79.430542823599069, -2.359060459792966 ], [ -79.420049172664179, -2.359554018381755 ], [ -79.416019605374814, -2.335885682004024 ], [ -79.401854601269875, -2.342927937248903 ], [ -79.393335832969328, -2.358752356066597 ], [ -79.335965305254518, -2.371529826167487 ], [ -79.331538382935506, -2.385421347181415 ], [ -79.30603654950761, -2.401164946532255 ], [ -79.263729721773998, -2.389488888627201 ], [ -79.266069918625291, -2.375114798982516 ], [ -79.252403893978723, -2.352834466731488 ], [ -79.23001516536587, -2.345761473561467 ], [ -79.215901591483245, -2.353817636328723 ], [ -79.200820426640561, -2.328748458408658 ], [ -79.190086389068426, -2.32874833365692 ], [ -79.208801098396492, -2.312913186116669 ], [ -79.175368605671679, -2.303798553382658 ], [ -79.137768310296778, -2.211929915402137 ], [ -79.129706281132627, -2.243239011454362 ], [ -79.100274865187728, -2.254661417292406 ], [ -79.08923904159505, -2.286620025179007 ], [ -79.062000403335759, -2.300423004885381 ], [ -79.063465472847241, -2.314677248963239 ], [ -79.051097417473017, -2.322439511518764 ], [ -79.026914386510654, -2.363092453634159 ], [ -79.005696336465462, -2.377736023554309 ], [ -78.976883168162061, -2.377857777272927 ], [ -78.974305665675118, -2.392040083666069 ], [ -78.927910703485097, -2.405279587333439 ], [ -78.911991624259883, -2.419278816462012 ], [ -78.884879223695805, -2.392722576796525 ], [ -78.855732944774232, -2.390110160788715 ], [ -78.842236944507761, -2.398163472136732 ], [ -78.833199653080783, -2.383659455606689 ], [ -78.813813697768438, -2.377028089490888 ], [ -78.807654471757871, -2.385290788011312 ], [ -78.790254334321389, -2.385325803165735 ], [ -78.799203213517671, -2.408124304397969 ], [ -78.783395579792312, -2.434889824910302 ], [ -78.717972479706447, -2.425788770499793 ], [ -78.699913486268215, -2.448367900425962 ], [ -78.66082783796692, -2.452223143252489 ], [ -78.66916574284437, -2.469144339258886 ], [ -78.665247754053368, -2.478413239935933 ], [ -78.655137891236819, -2.476924991095244 ], [ -78.653809288468366, -2.495709639385761 ], [ -78.609209510823362, -2.525720712796224 ], [ -78.604183570483954, -2.543299943114657 ], [ -78.578094971309696, -2.546955362919148 ], [ -78.571649695416269, -2.564553520116863 ], [ -78.622168770541748, -2.593850256130611 ], [ -78.625280217604171, -2.607586517637835 ], [ -78.616775000283539, -2.627458333533766 ], [ -78.637331390379543, -2.648113098550792 ], [ -78.658353140774736, -2.654667884855135 ], [ -78.666842375591955, -2.677331279005857 ], [ -78.686682403015851, -2.669421422817777 ], [ -78.702662713972046, -2.68609964238117 ], [ -78.732506721033303, -2.691314725471257 ], [ -78.748035864852895, -2.674192995849537 ], [ -78.774728363917703, -2.675536248803201 ], [ -78.80085921606576, -2.712701515772789 ], [ -78.792624933542598, -2.734541765443586 ], [ -78.79501996625541, -2.774227053593528 ], [ -78.815404094382387, -2.778549952542005 ], [ -78.82160666703524, -2.810258611396675 ], [ -78.815412905489055, -2.82227458386898 ], [ -78.874962071159175, -2.819208276427172 ], [ -78.880933477793491, -2.829043528305579 ], [ -78.876647117373253, -2.840968604459317 ] ] ] } },
{ "type": "Feature", "properties": { "DPA_DESPRO": "CHIMBORAZO", "DPA_CANTON": "0601", "DPA_DESCAN": "RIOBAMBA", "DPA_PROVIN": "06", "DPA_ANIO": "2024", "fcode": "HA003" }, "geometry": { "type": "Polygon", "coordinates": [ [ [ -78.815994827734414, -2.377982125177443 ], [ -78.833199653080783, -2.383659455606689 ], [ -78.842236944507761, -2.398163472136732 ], [ -78.855732944774232, -2.390110160788715 ], [ -78.884879223695805, -2.392722576796525 ], [ -78.911991624259883, -2.419278816462012 ], [ -78.927910703485097, -2.405279587333439 ], [ -78.974305665675118, -2.392040083666069 ], [ -78.976883168162061, -2.377857777272927 ], [ -79.005631370337341, -2.377761765689906 ], [ -79.026833412773215, -2.363170088176023 ], [ -79.051097417473017, -2.322439511518764 ], [ -79.063465472847241, -2.314677248963239 ], [ -79.062000403335759, -2.300423004885381 ], [ -79.08923904159505, -2.286620025179007 ], [ -79.100274865187728, -2.254661417292406 ], [ -79.129706281132627, -2.243239011454378 ], [ -79.137073675598131, -2.212174266736793 ], [ -79.224017912434149, -2.210763953866937 ], [ -79.248926069152475, -2.220654851542762 ], [ -79.254567963944979, -2.216228049110818 ], [ -79.248336944495179, -2.196348889028264 ], [ -79.221160980052545, -2.199538652789811 ], [ -79.192562967116714, -2.191423103417775 ], [ -79.159245637681011, -2.203274290482011 ], [ -79.110783199520753, -2.201366545635235 ], [ -79.052033616975564, -2.149827055629406 ], [ -79.031616043354362, -2.118200024367129 ], [ -79.022953968536569, -2.076103666439885 ], [ -79.037773969029672, -2.060343189067567 ], [ -79.016554803129807, -1.995216843311059 ], [ -79.016702339470413, -1.959691455272234 ], [ -79.006643895295596, -1.924585615145207 ], [ -79.022876365943816, -1.856707305560936 ], [ -79.012594179577121, -1.839997439865743 ], [ -79.007479745753699, -1.803825344571556 ], [ -79.012597804805623, -1.774768030475368 ], [ -78.983396922681493, -1.754930944810344 ], [ -78.932487697039022, -1.757135380095231 ], [ -78.905971373640185, -1.732593873556109 ], [ -78.879919404198674, -1.740699997987587 ], [ -78.875577263337561, -1.721474016023781 ], [ -78.863341414549438, -1.718654968499147 ], [ -78.85125390483509, -1.628699138526674 ], [ -78.88766982618796, -1.629561346999124 ], [ -78.897691949265891, -1.60101683280442 ], [ -78.883967580847383, -1.539903625485709 ], [ -78.867691351356711, -1.512824512730553 ], [ -78.877794909866296, -1.49140167053858 ], [ -78.867736414729805, -1.491401684624547 ], [ -78.868104800764215, -1.482084273894609 ], [ -78.843650792330209, -1.459575839415741 ], [ -78.832899102531556, -1.461583554004167 ], [ -78.813736481145014, -1.445217768561582 ], [ -78.800490018764009, -1.44754782895092 ], [ -78.77258839730581, -1.430125745385737 ], [ -78.726427694450607, -1.470161527135007 ], [ -78.692776981644371, -1.486735274244839 ], [ -78.68836485487661, -1.496671599314766 ], [ -78.636415542882261, -1.493164693226334 ], [ -78.635648055135334, -1.508403889005044 ], [ -78.627272692484624, -1.508403517785105 ], [ -78.604390788978804, -1.490326979810978 ], [ -78.585820335061058, -1.490386771194498 ], [ -78.563101956458055, -1.475648908582468 ], [ -78.539960908186529, -1.479847208909449 ], [ -78.542047667810351, -1.460115635489954 ], [ -78.513182500070485, -1.474183333060044 ], [ -78.498884919462469, -1.433953092692357 ], [ -78.493313333717566, -1.445390287394623 ], [ -78.423322428073575, -1.485347647376854 ], [ -78.395405754631327, -1.484602514075762 ], [ -78.387203052278991, -1.494159503547998 ], [ -78.36446666632898, -1.496963888863745 ], [ -78.36459756034138, -1.514185970607687 ], [ -78.357540504476873, -1.51919439511995 ], [ -78.36468260733038, -1.533026641082115 ], [ -78.376491781210859, -1.53603080434821 ], [ -78.370382683519409, -1.575106779022046 ], [ -78.377274474982798, -1.585113796506991 ], [ -78.363480085690725, -1.607073001115009 ], [ -78.363812104434686, -1.644873007203382 ], [ -78.371735239655663, -1.656679354430475 ], [ -78.409410513963451, -1.665100035042995 ], [ -78.416598068837658, -1.686362927356015 ], [ -78.43221780130402, -1.685411896369599 ], [ -78.467590367388681, -1.75190866020221 ], [ -78.457755684354055, -1.762953487409284 ], [ -78.445869073524094, -1.762122136041702 ], [ -78.437986727260736, -1.791933197973373 ], [ -78.420265671402817, -1.805112508629605 ], [ -78.421249997125258, -1.827823022502555 ], [ -78.397108413379598, -1.852238789348486 ], [ -78.403646160802495, -1.878679974152884 ], [ -78.420090492273758, -1.884413981671195 ], [ -78.419804919923436, -1.894780564226568 ], [ -78.429719642646788, -1.897651883240565 ], [ -78.433172465728987, -1.90904289469542 ], [ -78.457326574473967, -1.921489678322017 ], [ -78.463590177590419, -1.949855937594147 ], [ -78.48931379605861, -1.958972152096037 ], [ -78.478939307272498, -2.00332133129233 ], [ -78.458700605368918, -1.989931037461964 ], [ -78.441892243908342, -2.011637470406814 ], [ -78.451469741800153, -2.030798471255215 ], [ -78.452507501217468, -2.064147325566065 ], [ -78.433287546294409, -2.090041636211863 ], [ -78.450159815121381, -2.117971015754545 ], [ -78.482844994461516, -2.129994789595494 ], [ -78.493682755050955, -2.121379959030231 ], [ -78.513454265590596, -2.133076506992042 ], [ -78.516574223705291, -2.154585388735715 ], [ -78.504207156790144, -2.158857037780944 ], [ -78.501222260970891, -2.205984883414271 ], [ -78.487503215547548, -2.217303871037362 ], [ -78.505077582164446, -2.246494892600607 ], [ -78.536345996182547, -2.242052291123716 ], [ -78.544190410755604, -2.253562413087916 ], [ -78.53692234640009, -2.279048013491628 ], [ -78.550246583214999, -2.305134982268549 ], [ -78.596066788243036, -2.312776684573004 ], [ -78.606691428980284, -2.302710928067693 ], [ -78.622329849629693, -2.302663921936833 ], [ -78.631797624096066, -2.308766851578035 ], [ -78.64032248843796, -2.333936277300928 ], [ -78.653297148882473, -2.335864942075315 ], [ -78.664641219392507, -2.350592016491419 ], [ -78.692491740305869, -2.332776563474769 ], [ -78.711883709216053, -2.334421955476961 ], [ -78.716799284522068, -2.315507591054435 ], [ -78.724308811137945, -2.315776439398332 ], [ -78.740415720483625, -2.329383965664317 ], [ -78.750777336860722, -2.32446212085032 ], [ -78.759371636251387, -2.330539037112608 ], [ -78.764004459400894, -2.351816502265469 ], [ -78.784215447514484, -2.358939044765671 ], [ -78.79690076080162, -2.381978307389145 ], [ -78.807493592720334, -2.385344954053263 ], [ -78.815994827734414, -2.377982125177443 ] ] ] } },
{ "type": "Feature", "properties": { "DPA_DESPRO": "COTOPAXI", "DPA_CANTON": "0501", "DPA_DESCAN": "LATACUNGA", "DPA_PROVIN": "05", "DPA_ANIO": "2024", "fcode": "HA003" }, "geometry": { "type": "Polygon", "coordinates": [ [ [ -78.413323419372333, -0.949498826117025 ], [ -78.404298644158729, -0.963502871155571 ], [ -78.395438519590442, -0.963304105922805 ], [ -78.393955105935859, -0.990840307218869 ], [ -78.40952828040983, -0.998235046470804 ], [ -78.410101658653915, -1.019391560495153 ], [ -78.434604057759202, -1.046430542647186 ], [ -78.445750890283222, -1.047486422232085 ], [ -78.446339236303217, -1.061249422867176 ], [ -78.465877825993033, -1.088050417498502 ], [ -78.502115492212226, -1.094184723682077 ], [ -78.523396658099173, -1.059294161520211 ], [ -78.55925278192143, -1.058861166321735 ], [ -78.575958353714555, -1.071782862245809 ], [ -78.56244023217225, -1.08447931923861 ], [ -78.570375816091868, -1.096333430373673 ], [ -78.567471510004168, -1.115400910642057 ], [ -78.576075236457029, -1.120035099055979 ], [ -78.613462616757488, -1.11012114643388 ], [ -78.667536049300992, -1.155240748075408 ], [ -78.673813449999216, -1.145053984870491 ], [ -78.725006439288109, -1.149905722663249 ], [ -78.744802933617663, -1.132243309306058 ], [ -78.78037008941395, -1.146121251206938 ], [ -78.789473054811609, -1.141867188522936 ], [ -78.831934312902916, -1.165952461356249 ], [ -78.832996684969089, -1.175150683710986 ], [ -78.845920051698386, -1.183051967909682 ], [ -78.859285581791838, -1.173583245301113 ], [ -78.869470997123983, -1.192257896708224 ], [ -78.893725972490643, -1.192557308927263 ], [ -78.891662941572449, -1.202985710046765 ], [ -78.924839372699466, -1.213036485479771 ], [ -78.945305646842485, -1.204938697978204 ], [ -78.957394188926969, -1.216068740544302 ], [ -78.972017272263301, -1.211443943720214 ], [ -78.98587907366047, -1.219994441830317 ], [ -79.013715185412224, -1.213946449345792 ], [ -79.068777451132192, -1.179844899974653 ], [ -79.088627299716563, -1.155823660571225 ], [ -79.106796202753813, -1.149885998332897 ], [ -79.112215118753042, -1.15600473071173 ], [ -79.122115469699821, -1.15176231202195 ], [ -79.133478327830957, -1.162887709093992 ], [ -79.143719790469618, -1.155164341102066 ], [ -79.220492973472417, -1.174760853250685 ], [ -79.26061386680999, -1.207696314670381 ], [ -79.288804695813269, -1.205569765338695 ], [ -79.286736052350349, -1.178956529170798 ], [ -79.299493151949193, -1.177202051026325 ], [ -79.297039834651031, -1.168534210606754 ], [ -79.315031683961635, -1.166657322547708 ], [ -79.339942771085632, -1.125854973957804 ], [ -79.332568699233718, -1.123236603929585 ], [ -79.332489490784113, -1.113198625404371 ], [ -79.326521709063201, -1.115288231309783 ], [ -79.308432333843442, -1.059612822297206 ], [ -79.312077999128036, -1.034977285803149 ], [ -79.29370890235343, -1.008894901317125 ], [ -79.293291242231305, -0.987612334493122 ], [ -79.320513844969696, -0.998248027247195 ], [ -79.306292236150696, -0.928761275594473 ], [ -79.298927777665483, -0.928853889128294 ], [ -79.287064171388096, -0.90858563091686 ], [ -79.28674120501546, -0.890470382754656 ], [ -79.243609444306202, -0.878758056181957 ], [ -79.236014830357547, -0.837388245871756 ], [ -79.224307987743472, -0.835479527383028 ], [ -79.220421276462829, -0.81150042066283 ], [ -79.186833893220623, -0.799198341052711 ], [ -79.186624583565475, -0.763952351874457 ], [ -79.17420529838644, -0.759016467259248 ], [ -79.139238239082545, -0.712771898504146 ], [ -79.128916002716878, -0.649380993555526 ], [ -79.096967470433384, -0.603615927514039 ], [ -79.083487061276685, -0.566795642228453 ], [ -79.112828751075, -0.541417739848359 ], [ -79.100969648646583, -0.525037044544565 ], [ -79.070149319470119, -0.523613493226099 ], [ -79.045488080309283, -0.487190111676932 ], [ -79.031401711967405, -0.4833295146636 ], [ -79.030560814704003, -0.469505386604734 ], [ -79.014717673457696, -0.449504728213263 ], [ -79.011515639606813, -0.41797812991659 ], [ -78.973302771676742, -0.408591711684016 ], [ -78.96451324131553, -0.40035695029429 ], [ -78.968629794683309, -0.382362803568291 ], [ -78.962115600058965, -0.369463906898074 ], [ -78.955222332524357, -0.361767678868259 ], [ -78.932920833054609, -0.360889999760538 ], [ -78.941252583700958, -0.331491994610005 ], [ -78.918332627571417, -0.340316962365322 ], [ -78.906823602109341, -0.35965833258025 ], [ -78.915805369974265, -0.372149594349158 ], [ -78.899602578836209, -0.385578951315534 ], [ -78.893089162747529, -0.412794900493117 ], [ -78.875094920064214, -0.414268901748759 ], [ -78.861557626965535, -0.43375969724776 ], [ -78.856671531941558, -0.464963069235865 ], [ -78.838444540875315, -0.477787983451282 ], [ -78.832304026024858, -0.524698584134935 ], [ -78.795382530735679, -0.543573774023731 ], [ -78.778331691613374, -0.538493155325469 ], [ -78.733421189781879, -0.55965583859954 ], [ -78.728328546492207, -0.5890247435123 ], [ -78.739131409790616, -0.621964896768148 ], [ -78.715858207768463, -0.663064162942975 ], [ -78.671788631738607, -0.651909396947445 ], [ -78.657527492031861, -0.636544799727123 ], [ -78.648119971169578, -0.642808666475078 ], [ -78.639833439223111, -0.620033785476231 ], [ -78.611549263898766, -0.597488036414788 ], [ -78.579408147446202, -0.617866163656612 ], [ -78.571378727293251, -0.610227699744916 ], [ -78.559664533397353, -0.612753683150371 ], [ -78.551364652976986, -0.633831274156682 ], [ -78.537823796300103, -0.619698408155248 ], [ -78.537860791582759, -0.626590168189573 ], [ -78.515916878671277, -0.634620783159062 ], [ -78.498860219677397, -0.633733407271506 ], [ -78.499769530866061, -0.625746226791374 ], [ -78.49294414334112, -0.624635788423235 ], [ -78.487790146718467, -0.63679054340951 ], [ -78.473556136098836, -0.613205922110512 ], [ -78.456628294580668, -0.608906176357908 ], [ -78.45082096877853, -0.620760611179724 ], [ -78.429896111458149, -0.600899746532977 ], [ -78.419894570167585, -0.613452090952576 ], [ -78.416283270383275, -0.60763024797347 ], [ -78.406905940712235, -0.612384190997906 ], [ -78.40910375137841, -0.62347727397246 ], [ -78.378763358230472, -0.635521461975171 ], [ -78.363521907002266, -0.661790515712261 ], [ -78.371507057997221, -0.672866638139106 ], [ -78.396374972880409, -0.676349237468036 ], [ -78.396566154228694, -0.704241960568518 ], [ -78.411222656008349, -0.719429277194304 ], [ -78.39291882528255, -0.747424840626036 ], [ -78.39794198189378, -0.769334404352778 ], [ -78.388738004608001, -0.804290839493267 ], [ -78.403054229082997, -0.870977034989624 ], [ -78.427627174182334, -0.878421428820751 ], [ -78.421332198583087, -0.905358228741691 ], [ -78.407433355988644, -0.913821628021634 ], [ -78.429751903027579, -0.944893493762284 ], [ -78.413323419372333, -0.949498826117025 ] ] ] } },
{ "type": "Feature", "properties": { "DPA_DESPRO": "GALÁPAGOS", "DPA_CANTON": "2001", "DPA_DESCAN": "SAN CRISTÓBAL", "DPA_PROVIN": "20", "DPA_ANIO": "2024", "fcode": "HA003" }, "geometry": { "type": "MultiPolygon", "coordinates": [ [ [ [ -91.358828222123208, -0.737114397383776 ], [ -91.359104024654357, -0.737604208546455 ], [ -91.359195766454746, -0.73706669412703 ], [ -91.358828222123208, -0.737114397383776 ] ] ], [ [ [ -91.358305817490617, -0.736865595696739 ], [ -91.358799773912565, -0.736542109859976 ], [ -91.358269392513364, -0.736486475775258 ], [ -91.358305817490617, -0.736865595696739 ] ] ], [ [ [ -91.339687226824026, -0.717917629429532 ], [ -91.339803588804955, -0.717104482781792 ], [ -91.339497162392576, -0.717835716884967 ], [ -91.339687226824026, -0.717917629429532 ] ] ], [ [ [ -91.340164258432111, -0.71701413965838 ], [ -91.340838955155377, -0.716601681182121 ], [ -91.340692608799998, -0.716361704298818 ], [ -91.340164258432111, -0.71701413965838 ] ] ], [ [ [ -91.340478753763577, -0.716232574783271 ], [ -91.338903879807944, -0.716096621157686 ], [ -91.338582516810476, -0.716647431838165 ], [ -91.340478753763577, -0.716232574783271 ] ] ], [ [ [ -91.272758193894916, -0.692888321894055 ], [ -91.273056720678781, -0.693104563355807 ], [ -91.273856058535827, -0.692098623682295 ], [ -91.272758193894916, -0.692888321894055 ] ] ], [ [ [ -91.272417996231496, -0.691897428775517 ], [ -91.272201986232631, -0.69154448487907 ], [ -91.272014412618745, -0.69204821059323 ], [ -91.272417996231496, -0.691897428775517 ] ] ], [ [ [ -91.275734951872437, -0.690252513727223 ], [ -91.275223897056463, -0.690490434178431 ], [ -91.274875361736321, -0.690942464917153 ], [ -91.275734951872437, -0.690252513727223 ] ] ], [ [ [ -91.271059914463564, -0.689880217178409 ], [ -91.271547659017543, -0.69026129274397 ], [ -91.27165052620505, -0.6899867801043 ], [ -91.271059914463564, -0.689880217178409 ] ] ], [ [ [ -91.271623517020402, -0.6886576971212 ], [ -91.27147609816501, -0.689414916857257 ], [ -91.272022457336988, -0.687929144869058 ], [ -91.271623517020402, -0.6886576971212 ] ] ], [ [ [ -91.271235889868464, -0.687157296117412 ], [ -91.269833356669992, -0.688339899932011 ], [ -91.270460576255402, -0.688562681013291 ], [ -91.271235889868464, -0.687157296117412 ] ] ], [ [ [ -91.268617690397718, -0.686733302855554 ], [ -91.269407201791267, -0.688055788958889 ], [ -91.268867486855598, -0.686560488949632 ], [ -91.268617690397718, -0.686733302855554 ] ] ], [ [ [ -91.091077680784053, -0.637806531385642 ], [ -91.090686779522443, -0.63778685390034 ], [ -91.090967027551841, -0.638027120401925 ], [ -91.091077680784053, -0.637806531385642 ] ] ], [ [ [ -91.074303940020997, -0.612040209731059 ], [ -91.074062271398788, -0.611925557847252 ], [ -91.074201409061828, -0.612163959459807 ], [ -91.074303940020997, -0.612040209731059 ] ] ], [ [ [ -91.081511850981641, -0.605455388159876 ], [ -91.081307045131496, -0.605234685490398 ], [ -91.081163245441147, -0.605475970122518 ], [ -91.081511850981641, -0.605455388159876 ] ] ], [ [ [ -91.081070976180897, -0.605539685105898 ], [ -91.080653758272092, -0.605021327704566 ], [ -91.08094930685364, -0.605686577612827 ], [ -91.081070976180897, -0.605539685105898 ] ] ], [ [ [ -91.079150040823095, -0.600442733463942 ], [ -91.079200171874788, -0.599640256397644 ], [ -91.078779740766933, -0.600600388413726 ], [ -91.079150040823095, -0.600442733463942 ] ] ], [ [ [ -91.078683172593927, -0.599086873538491 ], [ -91.078065392618939, -0.598796762408641 ], [ -91.078461642573345, -0.599429765261103 ], [ -91.078683172593927, -0.599086873538491 ] ] ], [ [ [ -91.089865593481051, -0.59840025352933 ], [ -91.091093858872568, -0.598550966505822 ], [ -91.090649351012189, -0.597970569757583 ], [ -91.089865593481051, -0.59840025352933 ] ] ], [ [ [ -91.077442381444371, -0.598564430298454 ], [ -91.077881267348488, -0.598511779407615 ], [ -91.077800413643686, -0.598293833396725 ], [ -91.077442381444371, -0.598564430298454 ] ] ], [ [ [ -91.080319382851783, -0.598510649416908 ], [ -91.080380318454417, -0.598661945339845 ], [ -91.080418725564627, -0.598509328058889 ], [ -91.080319382851783, -0.598510649416908 ] ] ], [ [ [ -91.090143859801557, -0.597818972438402 ], [ -91.090150869906608, -0.597616752584104 ], [ -91.090054547208666, -0.597713561398485 ], [ -91.090143859801557, -0.597818972438402 ] ] ], [ [ [ -91.091251487916551, -0.595451519048735 ], [ -91.090813434469496, -0.594903677126462 ], [ -91.090803781938277, -0.59554757325723 ], [ -91.091251487916551, -0.595451519048735 ] ] ], [ [ [ -91.090512631221969, -0.594611327041196 ], [ -91.090234956302965, -0.594712322381708 ], [ -91.090606941444491, -0.594880185810423 ], [ -91.090512631221969, -0.594611327041196 ] ] ], [ [ [ -91.430112613657641, -0.494850883873223 ], [ -91.430137196048335, -0.494992246117066 ], [ -91.430202611927498, -0.494929045137673 ], [ -91.430112613657641, -0.494850883873223 ] ] ], [ [ [ -91.340384349430437, 0.163880567929167 ], [ -91.325460650273044, 0.137468360185344 ], [ -91.310392484851718, 0.132620508004411 ], [ -91.289141084905381, 0.061315789495155 ], [ -91.238060293789786, 0.006411492462628 ], [ -91.220698442377767, -0.000173805247801 ], [ -91.214788853812507, -0.01798323899324 ], [ -91.198858406357274, -0.021753212821281 ], [ -91.18525388738685, -0.093262715256636 ], [ -91.193953257832433, -0.150257330323546 ], [ -91.176399684243478, -0.220758717345292 ], [ -91.149438682590954, -0.25042482318199 ], [ -91.135205216952343, -0.262941393786383 ], [ -91.121957372906536, -0.269476610474429 ], [ -91.115068502157158, -0.276786758329634 ], [ -91.110969323905024, -0.29544320623551 ], [ -91.099214489725412, -0.302858676168038 ], [ -91.10996706862575, -0.3071914066653 ], [ -91.042439723042008, -0.344535987457183 ], [ -90.998010708045172, -0.380958888904147 ], [ -90.96353287913611, -0.42898302925829 ], [ -90.956854275836307, -0.422331742413556 ], [ -90.949434987176275, -0.426065531446752 ], [ -90.949764288276924, -0.42519845131916 ], [ -90.949108943157981, -0.425488507989295 ], [ -90.948862939977801, -0.424498400748622 ], [ -90.947995198266653, -0.42407728784997 ], [ -90.949615288369515, -0.432961061582801 ], [ -90.947199311685253, -0.432749105191789 ], [ -90.946726070340659, -0.432497442601753 ], [ -90.946432468866504, -0.432854048342718 ], [ -90.951655980181741, -0.433032142194036 ], [ -90.954731158798808, -0.434684319267462 ], [ -90.956237437789966, -0.451596341419216 ], [ -90.942222148984655, -0.471550151483985 ], [ -90.94266769316107, -0.50354205149755 ], [ -90.953454650026032, -0.514436857675309 ], [ -90.949844550542736, -0.545991710578927 ], [ -90.955887226872775, -0.560925655977636 ], [ -90.970566618284622, -0.564290657284818 ], [ -90.980847735466909, -0.58034101965054 ], [ -90.969764958624665, -0.573454115659473 ], [ -90.955668090917825, -0.577470907089771 ], [ -90.957773548210866, -0.613267951397019 ], [ -90.949396805248938, -0.620014455280543 ], [ -90.94297808627887, -0.615423510381236 ], [ -90.934618342770861, -0.628200167418416 ], [ -90.928766901016814, -0.623563598699499 ], [ -90.920020731162154, -0.629158229737793 ], [ -90.905987093201261, -0.611163890038719 ], [ -90.904734174149624, -0.618636685096001 ], [ -90.893662705964317, -0.607608215349053 ], [ -90.892877099072891, -0.623234984949267 ], [ -90.881233626801233, -0.628561985188986 ], [ -90.882788255420067, -0.642673134409392 ], [ -90.865045333658486, -0.647596557050583 ], [ -90.868980002782664, -0.653631467565552 ], [ -90.855523405490217, -0.660899574724648 ], [ -90.860774870491326, -0.671944477698778 ], [ -90.841312590831905, -0.684722585875421 ], [ -90.855137431394425, -0.704591466964437 ], [ -90.826985585010291, -0.705367949113776 ], [ -90.821886152691761, -0.714163887023732 ], [ -90.830824057454308, -0.718191831109224 ], [ -90.828576874587483, -0.727008120098676 ], [ -90.806459860224848, -0.724984007878876 ], [ -90.81401220579167, -0.738920446145268 ], [ -90.788075069267549, -0.740301926063049 ], [ -90.789991776190504, -0.749784682099238 ], [ -90.780905425750305, -0.758078662599678 ], [ -90.786208788462858, -0.767130847523726 ], [ -90.784427692554218, -0.770141759900681 ], [ -90.796090262482082, -0.77367068573389 ], [ -90.796864286669575, -0.783255446211847 ], [ -90.825051217947959, -0.790812688580967 ], [ -90.829192578074142, -0.828786794025918 ], [ -90.840287382013656, -0.835664291893402 ], [ -90.838278601885563, -0.859200126671801 ], [ -90.852101965176971, -0.883486671513613 ], [ -90.849671661586726, -0.915263861093915 ], [ -90.883289656861962, -0.915135815848817 ], [ -90.904561901444254, -0.953054085211269 ], [ -90.926780495308009, -0.95918191323215 ], [ -90.929364832088993, -0.964080281177874 ], [ -90.953332085586098, -0.960113184604074 ], [ -90.958918312596694, -0.97052332820577 ], [ -90.956690730719814, -0.962217175428947 ], [ -90.964490247700752, -0.958379666680961 ], [ -90.994830237787426, -0.959532692881277 ], [ -90.997500566613553, -0.971315458921608 ], [ -91.017292561034566, -0.988574061880176 ], [ -91.06022441194898, -1.000395878523361 ], [ -91.061732294975755, -1.012247141072063 ], [ -91.079709682174865, -1.005593104558842 ], [ -91.129353860507024, -1.025085697128788 ], [ -91.136998063748237, -1.021385301354493 ], [ -91.139896050082939, -1.032204338732528 ], [ -91.16460553976971, -1.035431815300584 ], [ -91.162869705160304, -1.048045056558735 ], [ -91.173763019644184, -1.04470252120853 ], [ -91.177104322915739, -1.051199195926075 ], [ -91.182807570154054, -1.04410962492382 ], [ -91.214283868142175, -1.045399391204954 ], [ -91.228985145188176, -1.029133563175307 ], [ -91.300004241769614, -1.017172940838713 ], [ -91.349068569498726, -1.014577687471277 ], [ -91.379989165020689, -1.022432365661947 ], [ -91.420720179309654, -1.011832359095497 ], [ -91.443776108971292, -0.997838238390908 ], [ -91.447779078866148, -0.956980947372854 ], [ -91.486066942183271, -0.94032580708227 ], [ -91.512382398205332, -0.907470947365362 ], [ -91.510021404201083, -0.881548076733627 ], [ -91.488216316031753, -0.847094230598074 ], [ -91.455005934067842, -0.82145835048798 ], [ -91.433688878360996, -0.787124257216332 ], [ -91.371466302726375, -0.753914880664435 ], [ -91.368235807894123, -0.741723062942069 ], [ -91.358325525428796, -0.737999756306812 ], [ -91.348074234589788, -0.723307458610961 ], [ -91.342160980078305, -0.724581322835342 ], [ -91.341737141520042, -0.717599235397929 ], [ -91.338154152843842, -0.72093541713203 ], [ -91.340070530971843, -0.718244872223952 ], [ -91.333373935701104, -0.713553210334222 ], [ -91.330669144732099, -0.718291888396625 ], [ -91.330340364288162, -0.700951615078356 ], [ -91.320135986020674, -0.690178533006101 ], [ -91.267751526818827, -0.694172506239183 ], [ -91.269783357258831, -0.688733258814697 ], [ -91.250572385831447, -0.68821879153644 ], [ -91.242949412917753, -0.673462375493282 ], [ -91.217752205466013, -0.66632528050007 ], [ -91.203330634939917, -0.678853451493495 ], [ -91.189341737380062, -0.679872651002272 ], [ -91.184033940588051, -0.691585949961756 ], [ -91.170220865678829, -0.688095206379729 ], [ -91.141518329950017, -0.666665400188207 ], [ -91.142718370658343, -0.654177143543924 ], [ -91.12550047980487, -0.654163915196557 ], [ -91.109546504197425, -0.635615653206251 ], [ -91.092843614868784, -0.644552443609538 ], [ -91.087104362247558, -0.637840128538 ], [ -91.089899558879409, -0.629243448665673 ], [ -91.071805260898486, -0.616374924410583 ], [ -91.075723189386437, -0.605511101367197 ], [ -91.080894829324208, -0.603003376542361 ], [ -91.070528762563583, -0.597760941978175 ], [ -91.069026542284988, -0.594047167928587 ], [ -91.082884093775306, -0.595040429938125 ], [ -91.089407835531318, -0.584290851064165 ], [ -91.096214310525852, -0.588444487791048 ], [ -91.101604038945226, -0.570836807640464 ], [ -91.130485246580974, -0.557423801885543 ], [ -91.220653003972728, -0.477617188952942 ], [ -91.228154717907088, -0.453586948537004 ], [ -91.22572567249037, -0.392876736818473 ], [ -91.23809019297488, -0.396749415058563 ], [ -91.239094683050368, -0.388372549702507 ], [ -91.272479235726422, -0.373301447199391 ], [ -91.284361173114078, -0.351558445448852 ], [ -91.335184092567744, -0.333778940437078 ], [ -91.357730584836418, -0.303111490727694 ], [ -91.369503172578405, -0.260177954255955 ], [ -91.381180561592956, -0.268231415545369 ], [ -91.387943434425452, -0.260465036332618 ], [ -91.396654015478546, -0.223428488009796 ], [ -91.392823826683781, -0.207964555351099 ], [ -91.381290061192971, -0.205596637912851 ], [ -91.404953880861953, -0.163539203280317 ], [ -91.404930772017323, -0.064308812324483 ], [ -91.418975362490144, -0.030681248425809 ], [ -91.438638259971313, -0.017480383312776 ], [ -91.470458488172426, -0.014688923650717 ], [ -91.561366674676762, -0.053914555242191 ], [ -91.594308762325042, -0.01126872282773 ], [ -91.587793218116204, 0.005883116407851 ], [ -91.521753593270162, 0.036665249715121 ], [ -91.491105660999764, 0.078961896810715 ], [ -91.4907229538602, 0.098976866784303 ], [ -91.391686665002084, 0.124322373158177 ], [ -91.36042295251319, 0.153993251894072 ], [ -91.367431299145323, 0.15387089063355 ], [ -91.363079059736521, 0.162147163299028 ], [ -91.36216324483938, 0.159762654930527 ], [ -91.349691691251039, 0.157706145787131 ], [ -91.340384349430437, 0.163880567929167 ] ] ], [ [ [ -91.487200151610764, -0.264747706755087 ], [ -91.443763786605132, -0.262950777365141 ], [ -91.441920455070942, -0.275740672335213 ], [ -91.437152355039643, -0.271037203357922 ], [ -91.413052312892177, -0.285950559813102 ], [ -91.395057693571459, -0.329147445241087 ], [ -91.385310110533936, -0.334437778403276 ], [ -91.388854572814978, -0.343636813211111 ], [ -91.380871025277102, -0.34781010420468 ], [ -91.382746032877193, -0.358644216421962 ], [ -91.380733696992124, -0.358044896103765 ], [ -91.383163930410859, -0.359703215534282 ], [ -91.384506396162706, -0.355608019797343 ], [ -91.388466905430064, -0.359566333953968 ], [ -91.379443286124626, -0.361880356698976 ], [ -91.38390128250694, -0.369769875045502 ], [ -91.376853327731055, -0.394662146743566 ], [ -91.395133798023451, -0.433360340120552 ], [ -91.389342457664711, -0.436259419911044 ], [ -91.387014278099784, -0.453788048850511 ], [ -91.388702115771409, -0.457303897771798 ], [ -91.401724913639171, -0.474128593002922 ], [ -91.408221569796893, -0.476766004179065 ], [ -91.417788090074467, -0.487700863945068 ], [ -91.424058591868103, -0.489562848673747 ], [ -91.424625991720447, -0.492663039248355 ], [ -91.427739236694947, -0.493235533714433 ], [ -91.427947816114269, -0.494091043671607 ], [ -91.430388975766533, -0.494750743781132 ], [ -91.430542606739294, -0.495470493388873 ], [ -91.495186822273638, -0.505969229664647 ], [ -91.609674997451947, -0.480783508167745 ], [ -91.650963520377815, -0.395900851080932 ], [ -91.658507598573507, -0.307117827013962 ], [ -91.617867177887007, -0.295996091962494 ], [ -91.559545406465233, -0.296749255482427 ], [ -91.509138878902576, -0.282213521641427 ], [ -91.487200151610764, -0.264747706755087 ] ] ], [ [ [ -91.381210755468885, -0.357275001947544 ], [ -91.381785434503442, -0.357694188222875 ], [ -91.381841459369753, -0.357357320663124 ], [ -91.381210755468885, -0.357275001947544 ] ] ], [ [ [ -91.132689085411158, -0.263491159016312 ], [ -91.132505668546486, -0.263517445053736 ], [ -91.132661020617746, -0.26376839640159 ], [ -91.132689085411158, -0.263491159016312 ] ] ], [ [ [ -91.334803500968789, 0.15716143891542 ], [ -91.334508492874519, 0.157266952775717 ], [ -91.334514879632394, 0.157154633744253 ], [ -91.334803500968789, 0.15716143891542 ] ] ], [ [ [ -91.350311243249905, 0.158944345746367 ], [ -91.349858436034921, 0.158596585198814 ], [ -91.350444018519752, 0.158863327434396 ], [ -91.350311243249905, 0.158944345746367 ] ] ], [ [ [ -91.352031850703426, 0.158977764766047 ], [ -91.352158203730411, 0.159467301485836 ], [ -91.35208030790541, 0.15961877460361 ], [ -91.351849481903784, 0.159154912447318 ], [ -91.352031850703426, 0.158977764766047 ] ] ], [ [ [ -91.356281478567738, 0.161019419106955 ], [ -91.356838034131513, 0.161457172869973 ], [ -91.356079434099755, 0.161196203818994 ], [ -91.356281478567738, 0.161019419106955 ] ] ], [ [ [ -91.360581743548138, 0.16126123191098 ], [ -91.361072183301459, 0.161726925353588 ], [ -91.360467100859623, 0.1614978019336 ], [ -91.360581743548138, 0.16126123191098 ] ] ], [ [ [ -91.360453439323848, 0.162711269509045 ], [ -91.361482924124459, 0.161287891972248 ], [ -91.361119548836015, 0.162530813409594 ], [ -91.360453439323848, 0.162711269509045 ] ] ], [ [ [ -91.358820760873044, 0.162772270335372 ], [ -91.358891275005149, 0.161686413750239 ], [ -91.360526531973377, 0.163067049889961 ], [ -91.358820760873044, 0.162772270335372 ] ] ], [ [ [ -91.339940550172059, 0.164363724761274 ], [ -91.339520500647183, 0.164425185593501 ], [ -91.340036064062133, 0.164062947218712 ], [ -91.339940550172059, 0.164363724761274 ] ] ], [ [ [ -91.339311637580224, 0.164533870264 ], [ -91.33913991075174, 0.164197347688691 ], [ -91.339322809326205, 0.164132430783607 ], [ -91.339311637580224, 0.164533870264 ] ] ], [ [ [ -91.338924657490224, 0.164444669069497 ], [ -91.338607835507773, 0.164351856666166 ], [ -91.338755799447952, 0.16418203198026 ], [ -91.338924657490224, 0.164444669069497 ] ] ], [ [ [ -91.81795075787241, 1.394353105297985 ], [ -91.811537366771276, 1.381042871597803 ], [ -91.82429588997762, 1.374612949234547 ], [ -91.81724289192212, 1.384669037359836 ], [ -91.825835750739088, 1.390865179033901 ], [ -91.81795075787241, 1.394353105297985 ] ] ], [ [ [ -91.990498614668496, 1.671582172034588 ], [ -91.990512617193602, 1.671445857984234 ], [ -91.990621296217824, 1.671446276433325 ], [ -91.990498614668496, 1.671582172034588 ] ] ], [ [ [ -91.990761488648701, 1.67187231675739 ], [ -91.9905684395371, 1.672326769486987 ], [ -91.990403934919073, 1.67215752725655 ], [ -91.990761488648701, 1.67187231675739 ] ] ], [ [ [ -91.998468651981014, 1.672324238488631 ], [ -91.99823689044527, 1.672365911581948 ], [ -91.99839434289251, 1.672262416831849 ], [ -91.998468651981014, 1.672324238488631 ] ] ], [ [ [ -91.998778275553619, 1.672251487747843 ], [ -91.998825017779382, 1.672609003493634 ], [ -91.998613146027139, 1.672248871277674 ], [ -91.998778275553619, 1.672251487747843 ] ] ], [ [ [ -92.00806535494705, 1.677800990094263 ], [ -92.008024485857064, 1.678094598577868 ], [ -92.007872122121057, 1.677909532624726 ], [ -92.00806535494705, 1.677800990094263 ] ] ], [ [ [ -92.007613586415872, 1.67452868727262 ], [ -91.999123664561026, 1.67981526036558 ], [ -91.998575990067224, 1.674967941916893 ], [ -92.007613586415872, 1.67452868727262 ] ] ], [ [ [ -92.00825606540954, 1.680735026122242 ], [ -92.008108207870976, 1.680705189789404 ], [ -92.008215215936303, 1.680632967556174 ], [ -92.00825606540954, 1.680735026122242 ] ] ], [ [ [ -90.955689812979088, -0.612150613395667 ], [ -90.955927560946989, -0.611895192028039 ], [ -90.955522336436587, -0.611840425979076 ], [ -90.955689812979088, -0.612150613395667 ] ] ], [ [ [ -90.956477100294023, -0.611045772002218 ], [ -90.95651761379051, -0.611978058211495 ], [ -90.956781452148064, -0.611842355816778 ], [ -90.956477100294023, -0.611045772002218 ] ] ], [ [ [ -90.949681882251951, -0.546039484477484 ], [ -90.949307360613801, -0.546036371668302 ], [ -90.94925964072047, -0.546385808812535 ], [ -90.949681882251951, -0.546039484477484 ] ] ], [ [ [ -90.953657990802213, -0.436017285036887 ], [ -90.953792518542869, -0.437053659703199 ], [ -90.95415920419201, -0.436126103186419 ], [ -90.953657990802213, -0.436017285036887 ] ] ], [ [ [ -90.952571763591664, -0.436486513167545 ], [ -90.952445469936862, -0.436549950402165 ], [ -90.952501316370146, -0.43661135683893 ], [ -90.952571763591664, -0.436486513167545 ] ] ], [ [ [ -90.952908987652066, -0.436232087145404 ], [ -90.952903732444739, -0.436401071553522 ], [ -90.953003120051861, -0.43619947378866 ], [ -90.952908987652066, -0.436232087145404 ] ] ], [ [ [ -90.953382549039333, -0.435303384093063 ], [ -90.953260870041944, -0.435907413282786 ], [ -90.953833119077814, -0.435373488870367 ], [ -90.953382549039333, -0.435303384093063 ] ] ], [ [ [ -90.951173200496598, -0.434515627777543 ], [ -90.950868201890643, -0.434166543439537 ], [ -90.950863928886648, -0.434361657889984 ], [ -90.951173200496598, -0.434515627777543 ] ] ], [ [ [ -90.95033424268675, -0.434262599397826 ], [ -90.950899165021752, -0.433915198730747 ], [ -90.950541884929834, -0.433943401123138 ], [ -90.95033424268675, -0.434262599397826 ] ] ], [ [ [ -90.951291339875723, -0.434045593729153 ], [ -90.951198270539635, -0.43380189989608 ], [ -90.951111608960275, -0.434107749183365 ], [ -90.951291339875723, -0.434045593729153 ] ] ], [ [ [ -90.948084315302637, -0.432762727559379 ], [ -90.948172510310258, -0.432763655991042 ], [ -90.948176286332, -0.432749010327113 ], [ -90.948084315302637, -0.432762727559379 ] ] ], [ [ [ -90.948365128555352, -0.432536858400124 ], [ -90.948536001771217, -0.43268012121686 ], [ -90.94866491624559, -0.432554479892025 ], [ -90.948365128555352, -0.432536858400124 ] ] ], [ [ [ -90.947877273277925, -0.43252334399738 ], [ -90.947833896173464, -0.432516460641031 ], [ -90.947815480194294, -0.43253146442947 ], [ -90.947877273277925, -0.43252334399738 ] ] ], [ [ [ -90.948634254132983, -0.432354836129136 ], [ -90.948557353066704, -0.432440708835733 ], [ -90.948629198414864, -0.432451036400891 ], [ -90.948634254132983, -0.432354836129136 ] ] ], [ [ [ -90.948926961146284, -0.432318207635589 ], [ -90.948744273067888, -0.432358663519372 ], [ -90.948876545143975, -0.432437270759036 ], [ -90.948926961146284, -0.432318207635589 ] ] ], [ [ [ -90.94853745267163, -0.432296763566635 ], [ -90.948447547166793, -0.432307498282803 ], [ -90.948518759885502, -0.432338168184485 ], [ -90.94853745267163, -0.432296763566635 ] ] ], [ [ [ -90.947736602962024, -0.432279820140773 ], [ -90.948255267470358, -0.432278965111499 ], [ -90.948044485395343, -0.431918244011208 ], [ -90.947736602962024, -0.432279820140773 ] ] ], [ [ [ -90.948908623482097, -0.432043974215405 ], [ -90.948861443770895, -0.432151283803921 ], [ -90.948908876532457, -0.432106541455426 ], [ -90.948908623482097, -0.432043974215405 ] ] ], [ [ [ -90.948218404188083, -0.431761059908119 ], [ -90.948044337804262, -0.43180115745965 ], [ -90.948194315408699, -0.431831848309864 ], [ -90.948218404188083, -0.431761059908119 ] ] ], [ [ [ -90.948861993710167, -0.431439177708287 ], [ -90.948468632110007, -0.43171754817077 ], [ -90.948918130727193, -0.431759984295778 ], [ -90.948861993710167, -0.431439177708287 ] ] ], [ [ [ -90.9481112798547, -0.430001561127143 ], [ -90.948077672340958, -0.430068278415673 ], [ -90.948085036422754, -0.430071716076318 ], [ -90.9481112798547, -0.430001561127143 ] ] ], [ [ [ -90.947783958869849, -0.429838183867547 ], [ -90.947634082719091, -0.429765901808138 ], [ -90.947663410659572, -0.429917716375145 ], [ -90.947783958869849, -0.429838183867547 ] ] ], [ [ [ -90.947729179678063, -0.426781519998109 ], [ -90.947629804354392, -0.426941707938437 ], [ -90.947798127690675, -0.426883617090124 ], [ -90.947729179678063, -0.426781519998109 ] ] ], [ [ [ -90.947782196453304, -0.426673308548087 ], [ -90.947824123644395, -0.426731365113319 ], [ -90.947855025189639, -0.426707594351693 ], [ -90.947782196453304, -0.426673308548087 ] ] ], [ [ [ -90.947669953895229, -0.426588921578952 ], [ -90.947787266247786, -0.42652114111778 ], [ -90.947665737829752, -0.426572283418901 ], [ -90.947669953895229, -0.426588921578952 ] ] ], [ [ [ -90.947822089485342, -0.425593496455337 ], [ -90.947844596530189, -0.425730841785597 ], [ -90.947875980732277, -0.425577326492592 ], [ -90.947822089485342, -0.425593496455337 ] ] ], [ [ [ -90.949960072745043, -0.425219932291246 ], [ -90.949848735966768, -0.425103448360602 ], [ -90.949826267830147, -0.425158143529432 ], [ -90.949960072745043, -0.425219932291246 ] ] ], [ [ [ -90.949700646353008, -0.425064801433763 ], [ -90.949748892701962, -0.424660027675928 ], [ -90.949470282917957, -0.425048103277248 ], [ -90.949700646353008, -0.425064801433763 ] ] ], [ [ [ -90.949822812544951, -0.423957523890661 ], [ -90.949999813028455, -0.424032886795514 ], [ -90.950065842567597, -0.423964912775592 ], [ -90.949822812544951, -0.423957523890661 ] ] ], [ [ [ -90.94803407650646, -0.423774138243653 ], [ -90.948095844597916, -0.423861224152311 ], [ -90.948082930753614, -0.423787532653802 ], [ -90.94803407650646, -0.423774138243653 ] ] ], [ [ [ -90.948596721440097, -0.423877813069511 ], [ -90.948505082565575, -0.423651480477929 ], [ -90.94847367024893, -0.423910149158468 ], [ -90.948596721440097, -0.423877813069511 ] ] ], [ [ [ -90.95005317169344, -0.423649179787089 ], [ -90.950027562817567, -0.423698902511237 ], [ -90.950066908167429, -0.423668985517888 ], [ -90.95005317169344, -0.423649179787089 ] ] ], [ [ [ -90.94774048933462, -0.423404173350655 ], [ -90.948116983904413, -0.423387637101354 ], [ -90.948087118902194, -0.423228771196745 ], [ -90.94774048933462, -0.423404173350655 ] ] ], [ [ [ -90.949856599832501, -0.423208627740392 ], [ -90.949678926461587, -0.423304871888901 ], [ -90.949706397787267, -0.423345295157843 ], [ -90.949856599832501, -0.423208627740392 ] ] ], [ [ [ -90.94877413725203, -0.423391700655802 ], [ -90.948773598312258, -0.423052102898711 ], [ -90.948694658949535, -0.423371516399745 ], [ -90.94877413725203, -0.423391700655802 ] ] ], [ [ [ -90.95112662324604, -0.422554180701117 ], [ -90.951293281396389, -0.42233695808726 ], [ -90.951080112769915, -0.422510137151589 ], [ -90.95112662324604, -0.422554180701117 ] ] ], [ [ [ -90.954701077803236, -0.422478005214498 ], [ -90.954963953598636, -0.422495614889275 ], [ -90.954710582283354, -0.422194014420882 ], [ -90.954701077803236, -0.422478005214498 ] ] ], [ [ [ -90.95161404985879, -0.422146448588523 ], [ -90.951712667176977, -0.422136166966595 ], [ -90.95166651321496, -0.422101526878078 ], [ -90.95161404985879, -0.422146448588523 ] ] ], [ [ [ -90.951385491656595, -0.422101361581041 ], [ -90.95140289417462, -0.422178490369952 ], [ -90.951411977108336, -0.422133827354218 ], [ -90.951385491656595, -0.422101361581041 ] ] ], [ [ [ -90.952957762704017, -0.422020856907041 ], [ -90.953131645205417, -0.42199603925366 ], [ -90.952927692381422, -0.421952223949105 ], [ -90.952957762704017, -0.422020856907041 ] ] ], [ [ [ -90.952633533264134, -0.421704138275659 ], [ -90.952601006438385, -0.421762085595168 ], [ -90.952664509523245, -0.421740764541756 ], [ -90.952633533264134, -0.421704138275659 ] ] ], [ [ [ -90.952894705679043, -0.421709089530956 ], [ -90.952998366279829, -0.421643295192748 ], [ -90.952860593858901, -0.421647146247396 ], [ -90.952894705679043, -0.421709089530956 ] ] ], [ [ [ -90.953810939148184, -0.421481486723765 ], [ -90.953791143256069, -0.421626235716515 ], [ -90.953836410036587, -0.421620190081415 ], [ -90.953810939148184, -0.421481486723765 ] ] ], [ [ [ -90.952275352525632, -0.421398893190044 ], [ -90.952359937757691, -0.421468172763634 ], [ -90.952325560550179, -0.421389774237505 ], [ -90.952275352525632, -0.421398893190044 ] ] ], [ [ [ -90.952844499119678, -0.421374270581622 ], [ -90.952611503228823, -0.421461730702941 ], [ -90.952730861278582, -0.42146592020772 ], [ -90.952844499119678, -0.421374270581622 ] ] ], [ [ [ -90.953848536005893, -0.421271281581054 ], [ -90.953872326639058, -0.421308990763446 ], [ -90.953872787411996, -0.421263150689401 ], [ -90.953848536005893, -0.421271281581054 ] ] ], [ [ [ -90.960751321511083, -0.38335948000236 ], [ -90.961676469878412, -0.38829512074394 ], [ -90.963079923416601, -0.384707138960928 ], [ -90.960751321511083, -0.38335948000236 ] ] ], [ [ [ -90.869599875572803, -1.029975783600892 ], [ -90.870957386020876, -1.03014250840549 ], [ -90.869587963866522, -1.029924513239942 ], [ -90.869599875572803, -1.029975783600892 ] ] ], [ [ [ -90.881792731960786, -1.024923682630315 ], [ -90.881150141180782, -1.027681682141216 ], [ -90.882743730333516, -1.025358377629178 ], [ -90.881792731960786, -1.024923682630315 ] ] ], [ [ [ -90.872182940335875, -1.00761359120829 ], [ -90.863067758214967, -1.013286388096526 ], [ -90.862527979292977, -1.023733120568799 ], [ -90.872965132398605, -1.010578563946946 ], [ -90.884776963484967, -1.020458469561761 ], [ -90.872182940335875, -1.00761359120829 ] ] ], [ [ [ -90.927302640572151, -0.963323343049188 ], [ -90.925185556712449, -0.964225273715392 ], [ -90.92642411188416, -0.964644738143658 ], [ -90.927302640572151, -0.963323343049188 ] ] ], [ [ [ -90.781804437276733, -0.862014825025492 ], [ -90.772334562890222, -0.866483358258152 ], [ -90.781529733145561, -0.868308095905362 ], [ -90.781804437276733, -0.862014825025492 ] ] ], [ [ [ -90.811537574314031, -0.853240747502388 ], [ -90.812138939391005, -0.853102769354447 ], [ -90.811462136798582, -0.853074717803163 ], [ -90.811537574314031, -0.853240747502388 ] ] ], [ [ [ -90.810512867583711, -0.852532005846025 ], [ -90.810317169786785, -0.852530357337882 ], [ -90.810534658621364, -0.852590693661776 ], [ -90.810512867583711, -0.852532005846025 ] ] ], [ [ [ -90.810232905752741, -0.852408169925448 ], [ -90.810007257536, -0.852325047642986 ], [ -90.810195588584278, -0.852489514700774 ], [ -90.810232905752741, -0.852408169925448 ] ] ], [ [ [ -90.80306867023549, -0.848130297403244 ], [ -90.795996192113734, -0.849691801518127 ], [ -90.802776398129325, -0.851515112116072 ], [ -90.80306867023549, -0.848130297403244 ] ] ], [ [ [ -90.812558907902357, -0.846701680482993 ], [ -90.808468026370747, -0.848746243813657 ], [ -90.813615240738827, -0.850269817629094 ], [ -90.812558907902357, -0.846701680482993 ] ] ], [ [ [ -90.80560616084351, -0.787338198194958 ], [ -90.805494083621937, -0.787157688095877 ], [ -90.805309766820997, -0.78738279195072 ], [ -90.80560616084351, -0.787338198194958 ] ] ], [ [ [ -90.804737448944067, -0.786966258799347 ], [ -90.804822249894343, -0.787269616618654 ], [ -90.804922291406541, -0.787281783471249 ], [ -90.804737448944067, -0.786966258799347 ] ] ], [ [ [ -90.795310809670255, -0.77905121609008 ], [ -90.795206596184869, -0.779291369264957 ], [ -90.795382205481232, -0.779227455709704 ], [ -90.795310809670255, -0.77905121609008 ] ] ], [ [ [ -90.783715965820988, -0.769269523771075 ], [ -90.783790852175628, -0.769643656892202 ], [ -90.784363820843254, -0.769132988332189 ], [ -90.783715965820988, -0.769269523771075 ] ] ], [ [ [ -90.784391375974209, -0.768816314032641 ], [ -90.78455870257757, -0.76861290013558 ], [ -90.784440226559937, -0.768477321788076 ], [ -90.784391375974209, -0.768816314032641 ] ] ], [ [ [ -90.788450324056996, -0.74976527534305 ], [ -90.788553339993712, -0.749574391490623 ], [ -90.788419941995656, -0.749641133524905 ], [ -90.788450324056996, -0.74976527534305 ] ] ], [ [ [ -90.81037835732711, -0.737633425753032 ], [ -90.810272174134894, -0.738057560079965 ], [ -90.810509433138719, -0.737725524381921 ], [ -90.81037835732711, -0.737633425753032 ] ] ], [ [ [ -90.806126486905782, -0.736832848741903 ], [ -90.805473048394248, -0.737184203642641 ], [ -90.805883250651689, -0.737087130596428 ], [ -90.806126486905782, -0.736832848741903 ] ] ], [ [ [ -90.805064815629265, -0.724532379519125 ], [ -90.805580481153186, -0.723627123379626 ], [ -90.805362656186077, -0.723522959125389 ], [ -90.805064815629265, -0.724532379519125 ] ] ], [ [ [ -90.944329081828045, -0.434162856811556 ], [ -90.942993567238688, -0.433213863187036 ], [ -90.942791869352348, -0.434474727224765 ], [ -90.944329081828045, -0.434162856811556 ] ] ], [ [ [ -90.94475606705744, -0.433423654585143 ], [ -90.944796299128086, -0.433437408506378 ], [ -90.944804742913718, -0.43343126237661 ], [ -90.94475606705744, -0.433423654585143 ] ] ], [ [ [ -90.944500064050885, -0.433236969277221 ], [ -90.944491148890577, -0.433325391752351 ], [ -90.944566676228945, -0.433336985008816 ], [ -90.944500064050885, -0.433236969277221 ] ] ], [ [ [ -90.945002475646348, -0.433222278884247 ], [ -90.945161966946273, -0.433274400621555 ], [ -90.945186417690067, -0.433194209561049 ], [ -90.945002475646348, -0.433222278884247 ] ] ], [ [ [ -90.943734799313916, -0.433156472267746 ], [ -90.943875320018179, -0.432953981932847 ], [ -90.94383753021495, -0.432873232037362 ], [ -90.943734799313916, -0.433156472267746 ] ] ], [ [ [ -90.947552123690414, -0.432969451801956 ], [ -90.947466695937663, -0.433030820267798 ], [ -90.947477366447799, -0.433094475203656 ], [ -90.947552123690414, -0.432969451801956 ] ] ], [ [ [ -90.944789219322573, -0.433046454519971 ], [ -90.944690986189272, -0.432969486019944 ], [ -90.944633310666248, -0.433029866325548 ], [ -90.944789219322573, -0.433046454519971 ] ] ], [ [ [ -90.944863919127684, -0.432801270867 ], [ -90.944950766359995, -0.432803735515581 ], [ -90.944865720632848, -0.432780656789173 ], [ -90.944863919127684, -0.432801270867 ] ] ], [ [ [ -90.944240478362175, -0.432678588795023 ], [ -90.944208838387055, -0.432776137441957 ], [ -90.944264522338131, -0.432776152295775 ], [ -90.944240478362175, -0.432678588795023 ] ] ], [ [ [ -90.946989201104785, -0.432564692407735 ], [ -90.947005539610259, -0.432594624720646 ], [ -90.947037064709974, -0.432587580897244 ], [ -90.946989201104785, -0.432564692407735 ] ] ], [ [ [ -90.945588495449911, -0.432564220652489 ], [ -90.945677146227794, -0.432539018711071 ], [ -90.945578891185193, -0.432541343425103 ], [ -90.945588495449911, -0.432564220652489 ] ] ], [ [ [ -90.946754373654386, -0.432449982794291 ], [ -90.946858361298482, -0.432504983569468 ], [ -90.946883147850059, -0.432510505275986 ], [ -90.946754373654386, -0.432449982794291 ] ] ], [ [ [ -90.946779271909904, -0.432376211536273 ], [ -90.946671770836474, -0.432359907951223 ], [ -90.946671315849272, -0.432386127439195 ], [ -90.946779271909904, -0.432376211536273 ] ] ], [ [ [ -90.945212667785782, -0.432431209206211 ], [ -90.945140579180602, -0.432321245141846 ], [ -90.945125270668626, -0.43247024384648 ], [ -90.945212667785782, -0.432431209206211 ] ] ], [ [ [ -90.947752721698308, -0.431786882658987 ], [ -90.947860108251788, -0.431896223330392 ], [ -90.947963745497816, -0.431580251792851 ], [ -90.947752721698308, -0.431786882658987 ] ] ], [ [ [ -90.946815486506466, -0.430960780911022 ], [ -90.946884821141097, -0.430959624027549 ], [ -90.946896685109749, -0.43092861521218 ], [ -90.946815486506466, -0.430960780911022 ] ] ], [ [ [ -90.947626804403924, -0.430785777043743 ], [ -90.947613404509127, -0.430851686235424 ], [ -90.94765024328828, -0.430795005592563 ], [ -90.947626804403924, -0.430785777043743 ] ] ], [ [ [ -90.947354906091448, -0.430589594428112 ], [ -90.947324362139042, -0.4306213212089 ], [ -90.947368821256447, -0.430612293002434 ], [ -90.947354906091448, -0.430589594428112 ] ] ], [ [ [ -90.94733134053196, -0.429712205159347 ], [ -90.947372907502753, -0.429437173668472 ], [ -90.947151503646495, -0.429503116731005 ], [ -90.94733134053196, -0.429712205159347 ] ] ], [ [ [ -90.947512051329625, -0.429342999175237 ], [ -90.947442632567743, -0.429321642840203 ], [ -90.947458880349501, -0.42935012745495 ], [ -90.947512051329625, -0.429342999175237 ] ] ], [ [ [ -90.946665260827913, -0.427822268872916 ], [ -90.946547645856484, -0.427671153643654 ], [ -90.946470134038492, -0.428029716470537 ], [ -90.946665260827913, -0.427822268872916 ] ] ], [ [ [ -90.945971523489789, -0.42759586334158 ], [ -90.946008237617477, -0.427670104765897 ], [ -90.945980686880503, -0.427588994691932 ], [ -90.945971523489789, -0.42759586334158 ] ] ], [ [ [ -90.946587891555112, -0.42730154927456 ], [ -90.946953117221938, -0.427447575809691 ], [ -90.946962656641986, -0.4273752473122 ], [ -90.946587891555112, -0.42730154927456 ] ] ], [ [ [ -90.945611599959705, -0.427102194068512 ], [ -90.945535495097204, -0.427230923577374 ], [ -90.945651544287983, -0.427185023715739 ], [ -90.945611599959705, -0.427102194068512 ] ] ], [ [ [ -90.947352811879725, -0.426990819400588 ], [ -90.947281794029237, -0.426220467707758 ], [ -90.947104062222081, -0.426201794209502 ], [ -90.947352811879725, -0.426990819400588 ] ] ], [ [ [ -90.846706355139929, -0.172448945404927 ], [ -90.842954653394841, -0.173725267786258 ], [ -90.848036332256157, -0.175012188877673 ], [ -90.846706355139929, -0.172448945404927 ] ] ], [ [ [ -90.818942969581755, -0.156939308351238 ], [ -90.819668594157278, -0.156733165744317 ], [ -90.819289938439582, -0.15632972949316 ], [ -90.818942969581755, -0.156939308351238 ] ] ], [ [ [ -90.762734108325105, 0.639034759985972 ], [ -90.729657884162606, 0.59902731923566 ], [ -90.718040189366135, 0.565256912199726 ], [ -90.722135641803874, 0.541023742334087 ], [ -90.779951742714189, 0.552419820692575 ], [ -90.789280353510094, 0.626502427134216 ], [ -90.779110390038824, 0.643885939332843 ], [ -90.762734108325105, 0.639034759985972 ] ] ], [ [ [ -90.424994327517282, -1.220449582468595 ], [ -90.421357138753649, -1.232812758400556 ], [ -90.380397411537984, -1.248454004232358 ], [ -90.352268055902101, -1.277214038970811 ], [ -90.399646139053971, -1.344218477604544 ], [ -90.433438955847592, -1.360168286859798 ], [ -90.454684046593897, -1.359894849893703 ], [ -90.499391965107037, -1.339833912382383 ], [ -90.511239133876515, -1.31575851241439 ], [ -90.494934651344352, -1.29626260322105 ], [ -90.478555223797215, -1.232465801957593 ], [ -90.468191248506486, -1.229940516955099 ], [ -90.455124352028079, -1.239677613128328 ], [ -90.424994327517282, -1.220449582468595 ] ], [ [ -90.488600080332859, -1.279480416053904 ], [ -90.488909512523421, -1.280617315534121 ], [ -90.488369611019493, -1.279609167638069 ], [ -90.488600080332859, -1.279480416053904 ] ] ], [ [ [ -90.361743470485919, -1.26220883417501 ], [ -90.361558800006662, -1.262353336919529 ], [ -90.361796825405349, -1.262369125366113 ], [ -90.361743470485919, -1.26220883417501 ] ] ], [ [ [ -90.387565234839371, -1.236965900677655 ], [ -90.384367510096595, -1.238769744866969 ], [ -90.38712118641287, -1.239181261126791 ], [ -90.387565234839371, -1.236965900677655 ] ] ], [ [ [ -90.363941485542895, -1.23358416762038 ], [ -90.360114110227713, -1.231919413521912 ], [ -90.359579971721033, -1.233432951584342 ], [ -90.363941485542895, -1.23358416762038 ] ] ], [ [ [ -90.44331467164784, -1.226197410760129 ], [ -90.442590622793119, -1.228284811700728 ], [ -90.445780697434714, -1.227150784277571 ], [ -90.44331467164784, -1.226197410760129 ] ] ], [ [ [ -90.440843686750924, -1.225270335249253 ], [ -90.440491726496504, -1.22512737392787 ], [ -90.440694635462052, -1.225540976456844 ], [ -90.440843686750924, -1.225270335249253 ] ] ], [ [ [ -90.422271948488827, -1.216225548010047 ], [ -90.42394879638978, -1.216041698791834 ], [ -90.423671786655277, -1.215461821042606 ], [ -90.422271948488827, -1.216225548010047 ] ] ], [ [ [ -90.75107214467198, -0.850101380043886 ], [ -90.748535183503435, -0.849150030755406 ], [ -90.747520357499354, -0.849618805544986 ], [ -90.75107214467198, -0.850101380043886 ] ] ], [ [ [ -90.412361728040025, -0.763785252122871 ], [ -90.412527959899123, -0.765063688215779 ], [ -90.413379790420933, -0.76556753281531 ], [ -90.412361728040025, -0.763785252122871 ] ] ], [ [ [ -90.422340800607415, -0.75729543834035 ], [ -90.421985128939625, -0.756447363100814 ], [ -90.421616260675378, -0.756509504786519 ], [ -90.422340800607415, -0.75729543834035 ] ] ], [ [ [ -90.425794552013997, -0.756321841603462 ], [ -90.425922159382438, -0.755975939347994 ], [ -90.425123290090255, -0.755775268505251 ], [ -90.425794552013997, -0.756321841603462 ] ] ], [ [ [ -90.54351075177776, -0.611818066844965 ], [ -90.543235692511701, -0.611499769409476 ], [ -90.543067024671032, -0.611792190700046 ], [ -90.54351075177776, -0.611818066844965 ] ] ], [ [ [ -90.670180016255159, -0.587676670247494 ], [ -90.644529377792381, -0.60723351645139 ], [ -90.642461090692706, -0.619370797262313 ], [ -90.657079091059003, -0.634488704915417 ], [ -90.684810841428103, -0.621439210468565 ], [ -90.688049362511862, -0.600629543839637 ], [ -90.670180016255159, -0.587676670247494 ] ] ], [ [ [ -90.539705524973257, -0.60118799994217 ], [ -90.539561667788334, -0.60142276518373 ], [ -90.539667879660655, -0.601441976945782 ], [ -90.539705524973257, -0.60118799994217 ] ] ], [ [ [ -90.654009598630651, -0.599551145925112 ], [ -90.653968698370591, -0.598594912857259 ], [ -90.653709048985078, -0.598497171310154 ], [ -90.654009598630651, -0.599551145925112 ] ] ], [ [ [ -90.684291865470186, -0.591950663660303 ], [ -90.684070940886386, -0.591133366029308 ], [ -90.683801617914014, -0.591394143831387 ], [ -90.684291865470186, -0.591950663660303 ] ] ], [ [ [ -90.539363255676136, -0.561152894476093 ], [ -90.534177737732008, -0.560035479307751 ], [ -90.535161109825012, -0.562147557737528 ], [ -90.539363255676136, -0.561152894476093 ] ] ], [ [ [ -90.516446623750383, -0.535387941153159 ], [ -90.517971959048978, -0.535503716914465 ], [ -90.517248826781156, -0.534815572634375 ], [ -90.516446623750383, -0.535387941153159 ] ] ], [ [ [ -90.515960870451551, -0.534071610374471 ], [ -90.515704494356171, -0.534607503815791 ], [ -90.516278844865454, -0.534192859445485 ], [ -90.515960870451551, -0.534071610374471 ] ] ], [ [ [ -90.517514202730624, -0.531759585626844 ], [ -90.51724927519551, -0.534278888721288 ], [ -90.518685159462251, -0.532081116902502 ], [ -90.517514202730624, -0.531759585626844 ] ] ], [ [ [ -90.472335943516995, -0.519822753689127 ], [ -90.472409735486096, -0.520070978152813 ], [ -90.472434335575983, -0.520073067914519 ], [ -90.472335943516995, -0.519822753689127 ] ] ], [ [ [ -90.471687192158882, -0.519766634293629 ], [ -90.472039089562145, -0.519671782245167 ], [ -90.47173462125636, -0.519481761938428 ], [ -90.471826897801009, -0.5193084419014 ], [ -90.471665869133901, -0.519427955662806 ], [ -90.471687192158882, -0.519766634293629 ] ] ], [ [ [ -90.472512860083071, -0.519033767995507 ], [ -90.472391429832058, -0.518689354910022 ], [ -90.472460485945064, -0.519109941458662 ], [ -90.472512860083071, -0.519033767995507 ] ] ], [ [ [ -90.478563424271059, -0.518641761675986 ], [ -90.474719896252864, -0.518843582962693 ], [ -90.473128851796872, -0.520188678486094 ], [ -90.478563424271059, -0.518641761675986 ] ] ], [ [ [ -90.525751065099783, -0.515016701420359 ], [ -90.524947493288664, -0.515199061864965 ], [ -90.525405100221334, -0.517147828181249 ], [ -90.525751065099783, -0.515016701420359 ] ] ], [ [ [ -90.527485263277114, -0.513705664979669 ], [ -90.527748374087764, -0.51455035612823 ], [ -90.528729625025633, -0.513500216835593 ], [ -90.527485263277114, -0.513705664979669 ] ] ], [ [ [ -90.529789188691126, -0.513491347802633 ], [ -90.529068077428931, -0.513573772527507 ], [ -90.529855737175225, -0.513652592731801 ], [ -90.529789188691126, -0.513491347802633 ] ] ], [ [ [ -90.374725765417324, -0.421968433977449 ], [ -90.369797724949336, -0.424734646296805 ], [ -90.371435407011219, -0.425757465272423 ], [ -90.374725765417324, -0.421968433977449 ] ] ], [ [ [ -90.631882580716109, -0.419286112865865 ], [ -90.626718126516053, -0.417639800573621 ], [ -90.62670364747018, -0.418312334998109 ], [ -90.631882580716109, -0.419286112865865 ] ] ], [ [ [ -90.632569482790132, -0.416630777132681 ], [ -90.630929523311025, -0.416889715220143 ], [ -90.631891319921067, -0.418001959765043 ], [ -90.632569482790132, -0.416630777132681 ] ] ], [ [ [ -90.62740576926852, -0.413080394550828 ], [ -90.628185416436324, -0.414353210834791 ], [ -90.628378220935048, -0.414283122537135 ], [ -90.62740576926852, -0.413080394550828 ] ] ], [ [ [ -90.704467821818298, -0.397965802753323 ], [ -90.697056126988116, -0.41024757198419 ], [ -90.705549803779419, -0.427656653242979 ], [ -90.720553567482753, -0.414150090267154 ], [ -90.704467821818298, -0.397965802753323 ] ] ], [ [ [ -90.577454424483818, -0.375628047068741 ], [ -90.578283163104132, -0.375010631381104 ], [ -90.577622764480694, -0.375018130987315 ], [ -90.577454424483818, -0.375628047068741 ] ] ], [ [ [ -90.57240535102811, -0.374666860169688 ], [ -90.573509202207106, -0.374686783027262 ], [ -90.573446846859525, -0.374514480337626 ], [ -90.57240535102811, -0.374666860169688 ] ] ], [ [ [ -90.584083853303724, -0.367825257144697 ], [ -90.582035160679894, -0.371409375404377 ], [ -90.585765356220833, -0.371719000009795 ], [ -90.584083853303724, -0.367825257144697 ] ] ], [ [ [ -90.570105483675249, -0.36888615259257 ], [ -90.570979396919967, -0.366203489639995 ], [ -90.569239268519766, -0.367673407599992 ], [ -90.570105483675249, -0.36888615259257 ] ] ], [ [ [ -90.566017448322228, -0.365552493987258 ], [ -90.567486484519904, -0.363799399808857 ], [ -90.566604046405146, -0.362816700504706 ], [ -90.566017448322228, -0.365552493987258 ] ] ], [ [ [ -90.563947582762353, -0.357779135213345 ], [ -90.56543818353029, -0.359324131884365 ], [ -90.565895478184558, -0.359646498373915 ], [ -90.563947582762353, -0.357779135213345 ] ] ], [ [ [ -90.567148968127341, -0.348420542464193 ], [ -90.56542504384349, -0.352949491720777 ], [ -90.56827053930553, -0.351424712342788 ], [ -90.567148968127341, -0.348420542464193 ] ] ], [ [ [ -90.672918041254661, -0.348600228713428 ], [ -90.671668396826504, -0.34996149117196 ], [ -90.672908768877434, -0.350159410674138 ], [ -90.672918041254661, -0.348600228713428 ] ] ], [ [ [ -90.558541530439612, -0.348687663565603 ], [ -90.558817599780738, -0.347037929385374 ], [ -90.557665885286482, -0.348151962679419 ], [ -90.558541530439612, -0.348687663565603 ] ] ], [ [ [ -90.557740770742555, -0.34215955152456 ], [ -90.560862492440179, -0.343549293397283 ], [ -90.560944043643886, -0.34274239772918 ], [ -90.557740770742555, -0.34215955152456 ] ] ], [ [ [ -90.547018628316366, -0.280054133241777 ], [ -90.541390805101813, -0.285091875991619 ], [ -90.559519431114452, -0.289952262239681 ], [ -90.559756343881034, -0.28631906658109 ], [ -90.547018628316366, -0.280054133241777 ] ] ], [ [ [ -90.790047086339726, -0.145997292958648 ], [ -90.749582055085554, -0.150175468414043 ], [ -90.739254491103978, -0.163763931222946 ], [ -90.703410774483984, -0.17222813391935 ], [ -90.697327055948151, -0.188775308764682 ], [ -90.646871053215207, -0.195897611508891 ], [ -90.6459770033197, -0.203429392028467 ], [ -90.606574385759814, -0.216901159800399 ], [ -90.605446410415311, -0.225036674874193 ], [ -90.582498990246464, -0.237352396260854 ], [ -90.575328032623233, -0.281615523985319 ], [ -90.55065123849684, -0.299496139449345 ], [ -90.546365938819719, -0.317510907485039 ], [ -90.567962764134876, -0.328455537039756 ], [ -90.57919965008449, -0.363735139907329 ], [ -90.605015578885101, -0.374973928631197 ], [ -90.653876917355518, -0.363449465523482 ], [ -90.67119413546142, -0.346594593580742 ], [ -90.692267090692354, -0.357422023071304 ], [ -90.702577330642185, -0.352233323263294 ], [ -90.740833623357943, -0.360405167825043 ], [ -90.771905930332224, -0.334241299013024 ], [ -90.784776921670471, -0.337450807909595 ], [ -90.790970055547774, -0.326265821480767 ], [ -90.802326147907607, -0.335259847481498 ], [ -90.82123467914009, -0.326356095009215 ], [ -90.833429586493395, -0.329328198160239 ], [ -90.829827549753631, -0.298361115245859 ], [ -90.844895172631638, -0.290421423860628 ], [ -90.847622736542959, -0.274729229795134 ], [ -90.870503023302547, -0.268854343952712 ], [ -90.870132045824207, -0.247759139095941 ], [ -90.854378086766772, -0.241215649752947 ], [ -90.831465671894421, -0.208082650810938 ], [ -90.838200333471391, -0.177989369224152 ], [ -90.827166044021297, -0.170884193043528 ], [ -90.82903673443731, -0.162637772543253 ], [ -90.824279237347056, -0.166107095591 ], [ -90.815866713304374, -0.155295929901108 ], [ -90.790047086339726, -0.145997292958648 ] ] ], [ [ [ -90.499193284622407, -0.119319673049498 ], [ -90.514029876018853, -0.146181501504527 ], [ -90.518966022803241, -0.131253589875449 ], [ -90.499193284622407, -0.119319673049498 ] ] ], [ [ [ -90.405125745360237, 0.307199907716361 ], [ -90.405560968636053, 0.307614224789457 ], [ -90.405047161655318, 0.307694536652022 ], [ -90.405125745360237, 0.307199907716361 ] ] ], [ [ [ -90.485305883711661, 0.387272479834343 ], [ -90.460843854380457, 0.385666246255407 ], [ -90.401291402175602, 0.322838950699934 ], [ -90.418428371155713, 0.296164418484185 ], [ -90.480857534857208, 0.277054849371882 ], [ -90.503152759237636, 0.286898370460833 ], [ -90.509000112207147, 0.300799465803595 ], [ -90.539861039310253, 0.314082516488048 ], [ -90.543104363004446, 0.345202361624943 ], [ -90.536607560825459, 0.362215211331193 ], [ -90.485305883711661, 0.387272479834343 ] ] ], [ [ [ -89.646417499586676, -1.409496365962504 ], [ -89.646233857934973, -1.409174930520338 ], [ -89.645932654801626, -1.409554129984932 ], [ -89.646417499586676, -1.409496365962504 ] ] ], [ [ [ -89.654625621678363, -1.407492836739357 ], [ -89.654996399912918, -1.407973296202907 ], [ -89.655027908864, -1.407488127173622 ], [ -89.654625621678363, -1.407492836739357 ] ] ], [ [ [ -89.73661146394285, -1.377522465978531 ], [ -89.735202470820951, -1.378304520858681 ], [ -89.735231822330078, -1.379239353661491 ], [ -89.73661146394285, -1.377522465978531 ] ] ], [ [ [ -89.665987831811094, -1.344796368253932 ], [ -89.624046477164129, -1.378731426742698 ], [ -89.618031823082546, -1.394637059813203 ], [ -89.625907759297391, -1.394555832734535 ], [ -89.629732200253798, -1.410391420906885 ], [ -89.679600859816446, -1.401627868810864 ], [ -89.685443296839935, -1.404387709132434 ], [ -89.689681340022872, -1.395091528716539 ], [ -89.704114692880651, -1.395783650307804 ], [ -89.739043566188755, -1.373472219116662 ], [ -89.744551210516732, -1.375233730080049 ], [ -89.734002632095127, -1.359877307083813 ], [ -89.700120785093603, -1.34450843734224 ], [ -89.686644682349026, -1.349915039762131 ], [ -89.665987831811094, -1.344796368253932 ] ] ], [ [ [ -89.643751050948623, -1.356974551455623 ], [ -89.644558825941374, -1.357688082705222 ], [ -89.644240996831002, -1.356742289559682 ], [ -89.643751050948623, -1.356974551455623 ] ] ], [ [ [ -89.648820763995417, -1.351523124347152 ], [ -89.647759279840713, -1.352012407902738 ], [ -89.649532139115138, -1.352942230599442 ], [ -89.648820763995417, -1.351523124347152 ] ] ], [ [ [ -90.309339794190677, -1.347811129262756 ], [ -90.307821189818725, -1.34612435877427 ], [ -90.307379514328233, -1.346276596849556 ], [ -90.309339794190677, -1.347811129262756 ] ] ], [ [ [ -89.661693343479811, -1.347047255468963 ], [ -89.661998185008272, -1.346458130359254 ], [ -89.661408846229577, -1.346855883976606 ], [ -89.661693343479811, -1.347047255468963 ] ] ], [ [ [ -89.646298882010555, -1.340065090339949 ], [ -89.639198340792902, -1.34438736137881 ], [ -89.649272127829065, -1.346924509270736 ], [ -89.646298882010555, -1.340065090339949 ] ] ], [ [ [ -90.291526454573756, -1.329314712767838 ], [ -90.293869418529596, -1.337886746777155 ], [ -90.300080600795468, -1.336113136119422 ], [ -90.300092940621639, -1.331549380972544 ], [ -90.291526454573756, -1.329314712767838 ] ] ], [ [ [ -90.340193082353039, -1.306390506368747 ], [ -90.338611387953947, -1.30748569566565 ], [ -90.339508356067569, -1.312567782903591 ], [ -90.340193082353039, -1.306390506368747 ] ] ], [ [ [ -90.350862266539949, -1.274044649570446 ], [ -90.351601976734429, -1.273345458449464 ], [ -90.350961854169668, -1.273246015136301 ], [ -90.350862266539949, -1.274044649570446 ] ] ], [ [ [ -90.361101048809587, -1.262694220532346 ], [ -90.360970713532865, -1.262916773817083 ], [ -90.36116835181619, -1.262913541809516 ], [ -90.361101048809587, -1.262694220532346 ] ] ], [ [ [ -90.360596831208213, -1.26245574434438 ], [ -90.360333529118947, -1.262661442411652 ], [ -90.360592402193959, -1.262662610400019 ], [ -90.360596831208213, -1.26245574434438 ] ] ], [ [ [ -89.561734546042047, -0.854536062064562 ], [ -89.568309748657512, -0.85713932682658 ], [ -89.569382690574685, -0.856454685801441 ], [ -89.561734546042047, -0.854536062064562 ] ] ], [ [ [ -89.355041481357262, -0.832218716780601 ], [ -89.355062997922147, -0.831554112536634 ], [ -89.354809921776962, -0.831825814303706 ], [ -89.355041481357262, -0.832218716780601 ] ] ], [ [ [ -89.355983438192609, -0.829710746954128 ], [ -89.355249706815854, -0.8296050614507 ], [ -89.355367238921588, -0.831094809284888 ], [ -89.355983438192609, -0.829710746954128 ] ] ], [ [ [ -89.34935253653515, -0.827534537212155 ], [ -89.349843319010276, -0.82848476200087 ], [ -89.349785002914246, -0.827358006172935 ], [ -89.34935253653515, -0.827534537212155 ] ] ], [ [ [ -89.350081613145676, -0.82659388990458 ], [ -89.34989636933696, -0.827227588385328 ], [ -89.35020740082291, -0.826705001600899 ], [ -89.350081613145676, -0.82659388990458 ] ] ], [ [ [ -89.359506197593404, -0.689522130984586 ], [ -89.305455801089124, -0.688725355298907 ], [ -89.281644046595233, -0.706797531632736 ], [ -89.259641481310538, -0.69261811361288 ], [ -89.251863193658977, -0.697141975596913 ], [ -89.254938361085834, -0.703910736570874 ], [ -89.253285982433113, -0.711759570435219 ], [ -89.241388105764187, -0.713433532116409 ], [ -89.241134034589109, -0.720056514966312 ], [ -89.255744013676633, -0.74479701423034 ], [ -89.27449436526156, -0.753872544468584 ], [ -89.283343319086697, -0.778736475419098 ], [ -89.306542586722685, -0.790799461104856 ], [ -89.308146657873706, -0.802762792613517 ], [ -89.324810481467736, -0.816811985051202 ], [ -89.358891251536491, -0.826657963162003 ], [ -89.361597825329426, -0.853420947683395 ], [ -89.372165373475056, -0.858739834842698 ], [ -89.401788992036444, -0.918356321131907 ], [ -89.42990679736279, -0.925624508857381 ], [ -89.436801341436151, -0.934617131558278 ], [ -89.495013066206312, -0.940099225348448 ], [ -89.531397532996081, -0.956047418689551 ], [ -89.604352024131131, -0.935656590230641 ], [ -89.627792742280135, -0.918589061208029 ], [ -89.621515993110123, -0.90113789670481 ], [ -89.609602756382159, -0.899457972366199 ], [ -89.613610904805739, -0.889293408096699 ], [ -89.543002939873944, -0.846429829450833 ], [ -89.541386793806282, -0.817748990652825 ], [ -89.520898370938099, -0.826073340788225 ], [ -89.484011818299535, -0.81737561886495 ], [ -89.467572295000011, -0.800553763470866 ], [ -89.473934629121104, -0.784411649371404 ], [ -89.458991892149271, -0.771556067172514 ], [ -89.460401065851244, -0.753330737132785 ], [ -89.45475417652834, -0.756122549382319 ], [ -89.439901746906287, -0.745779380281182 ], [ -89.438294431963669, -0.734407247061645 ], [ -89.408859278511798, -0.725306060584098 ], [ -89.403982323855317, -0.715686894688984 ], [ -89.391278432462613, -0.719281038624829 ], [ -89.38886720895718, -0.710547823059534 ], [ -89.374915310711415, -0.711786605523177 ], [ -89.361735466498601, -0.701726781596003 ], [ -89.359506197593404, -0.689522130984586 ] ], [ [ -89.454176504683375, -0.756054182047415 ], [ -89.454327599539226, -0.757287641398962 ], [ -89.453640276291623, -0.756072927298676 ], [ -89.454176504683375, -0.756054182047415 ] ] ], [ [ [ -90.085338525062582, -0.798929665313776 ], [ -90.045030471598039, -0.799454698374401 ], [ -90.032421548285399, -0.807652015637741 ], [ -90.030560747674059, -0.837855971047941 ], [ -90.08799609479621, -0.828723994473912 ], [ -90.085338525062582, -0.798929665313776 ] ] ], [ [ [ -90.039300300456546, -0.80281414246934 ], [ -90.036296448415371, -0.804319098407859 ], [ -90.038507193208616, -0.803474935820047 ], [ -90.039300300456546, -0.80281414246934 ] ] ], [ [ [ -90.039845956704369, -0.802394948073977 ], [ -90.039743929533103, -0.80273423457035 ], [ -90.040283351339568, -0.802372859865628 ], [ -90.039845956704369, -0.802394948073977 ] ] ], [ [ [ -90.278547828241159, -0.757675750313757 ], [ -90.27751018989737, -0.760177805690624 ], [ -90.280359912282648, -0.759241840989517 ], [ -90.278547828241159, -0.757675750313757 ] ] ], [ [ [ -90.308650719499809, -0.756198936553038 ], [ -90.308644223957401, -0.755522223247418 ], [ -90.308434980528205, -0.756066587318105 ], [ -90.308650719499809, -0.756198936553038 ] ] ], [ [ [ -89.247824747491606, -0.70310074973473 ], [ -89.247293996432248, -0.703651741945761 ], [ -89.247591652004459, -0.703928773187497 ], [ -89.247824747491606, -0.70310074973473 ] ] ], [ [ [ -89.251539713272791, -0.701462657657828 ], [ -89.251948373645249, -0.700630122413994 ], [ -89.251363769611459, -0.700864458115413 ], [ -89.251539713272791, -0.701462657657828 ] ] ], [ [ [ -90.192844306010358, -0.691970333611784 ], [ -90.193406357195272, -0.692834365837969 ], [ -90.193250342716894, -0.691923044144205 ], [ -90.192844306010358, -0.691970333611784 ] ] ], [ [ [ -90.192261530118884, -0.688179229054055 ], [ -90.192222877242259, -0.687962333549002 ], [ -90.192119102906815, -0.688125649647266 ], [ -90.192261530118884, -0.688179229054055 ] ] ], [ [ [ -89.337676788188887, -0.684402663214091 ], [ -89.339237826428331, -0.684918244618209 ], [ -89.339392601197218, -0.684839975987016 ], [ -89.338948977820479, -0.684244567309831 ], [ -89.337676788188887, -0.684402663214091 ] ] ], [ [ [ -90.250015027047453, -0.483781269718649 ], [ -90.227075156557845, -0.533557697263863 ], [ -90.168862812539885, -0.5731489888259 ], [ -90.184181938514882, -0.60815250526404 ], [ -90.177553018369139, -0.630554415500525 ], [ -90.188007886329586, -0.653508527149207 ], [ -90.177136435896969, -0.666800315267221 ], [ -90.196211909217055, -0.68110905048694 ], [ -90.199265880472126, -0.698352518216415 ], [ -90.209613149296146, -0.702331434559039 ], [ -90.222559227272768, -0.695459997465107 ], [ -90.22145801722175, -0.707824842011317 ], [ -90.232059248288124, -0.715736060234681 ], [ -90.239611015450791, -0.7449581219563 ], [ -90.307450114292948, -0.741559384961703 ], [ -90.317148922795568, -0.747482410264581 ], [ -90.304563983068263, -0.761246202710389 ], [ -90.312425083248357, -0.767034102469445 ], [ -90.332353179015811, -0.761071022769801 ], [ -90.343641470305442, -0.769823552202251 ], [ -90.344411178468263, -0.761743407606536 ], [ -90.358779536460034, -0.775203180413516 ], [ -90.374085097437543, -0.763712159166602 ], [ -90.406092787873391, -0.772312201551737 ], [ -90.415589221831752, -0.759024884827823 ], [ -90.422371570142985, -0.758857238292155 ], [ -90.421023070873233, -0.754665925097819 ], [ -90.449654758840708, -0.748626829449581 ], [ -90.466151287173872, -0.721648082945819 ], [ -90.484401741420299, -0.72353188091963 ], [ -90.483475515453975, -0.715798911745731 ], [ -90.515743811325621, -0.708775724725461 ], [ -90.535649165948911, -0.69576113959397 ], [ -90.54217475728764, -0.679680616480939 ], [ -90.534927916971171, -0.674797892791032 ], [ -90.547679569537863, -0.647398250696159 ], [ -90.543567941868972, -0.634688045569429 ], [ -90.550032121662625, -0.629292785020037 ], [ -90.530389718854423, -0.584901999656975 ], [ -90.535682045856433, -0.566022207039032 ], [ -90.517629810726419, -0.558583507308652 ], [ -90.512957872373207, -0.531627761190166 ], [ -90.414164996044775, -0.50388133618405 ], [ -90.363067072776516, -0.515599091446789 ], [ -90.359591765599816, -0.493846576057817 ], [ -90.327005510839768, -0.495372254686182 ], [ -90.336126619703194, -0.50796451170586 ], [ -90.325257934797392, -0.503970797116863 ], [ -90.325818562175769, -0.494199712619306 ], [ -90.303139871843655, -0.491079232176829 ], [ -90.297214491251367, -0.496852843095747 ], [ -90.250015027047453, -0.483781269718649 ] ] ], [ [ [ -90.168958035980566, -0.581519530372461 ], [ -90.159081268504735, -0.583617415996061 ], [ -90.158859520052104, -0.58458805308247 ], [ -90.168958035980566, -0.581519530372461 ] ] ], [ [ [ -90.162705370890762, -0.579127212772125 ], [ -90.157908933120382, -0.579790752925192 ], [ -90.165730024348463, -0.580272715885504 ], [ -90.162705370890762, -0.579127212772125 ] ] ], [ [ [ -90.143502080472231, -0.56872827582868 ], [ -90.143134084984979, -0.568509330901995 ], [ -90.143167247170467, -0.569154517526128 ], [ -90.143502080472231, -0.56872827582868 ] ] ], [ [ [ -90.143441158318325, -0.567948529973646 ], [ -90.143552541951692, -0.568329994164796 ], [ -90.14351925181623, -0.567942966975416 ], [ -90.143441158318325, -0.567948529973646 ] ] ], [ [ [ -90.143753799386559, -0.5673820387964 ], [ -90.143469186691448, -0.567718487613238 ], [ -90.143681047386337, -0.567842024904613 ], [ -90.143753799386559, -0.5673820387964 ] ] ], [ [ [ -90.142218839770536, -0.567165676352104 ], [ -90.14168114979536, -0.566132144823574 ], [ -90.141485049008764, -0.567001308914152 ], [ -90.142218839770536, -0.567165676352104 ] ] ], [ [ [ -90.346564607888524, -0.49161938094728 ], [ -90.346005331054286, -0.491355079585999 ], [ -90.345890843979646, -0.492101263017153 ], [ -90.346564607888524, -0.49161938094728 ] ] ], [ [ [ -90.276328636875533, -0.411052156779098 ], [ -90.247711617691039, -0.464674975183668 ], [ -90.270972515288108, -0.4815602629222 ], [ -90.294191801863619, -0.484224071154886 ], [ -90.296720640445514, -0.455702233430232 ], [ -90.281147436231066, -0.441800408762718 ], [ -90.28268233582348, -0.434969674130428 ], [ -90.290395534827226, -0.436196636952106 ], [ -90.285302700627909, -0.422417476205229 ], [ -90.294443763320004, -0.414815559200549 ], [ -90.276328636875533, -0.411052156779098 ] ] ], [ [ [ -90.358827136450017, -0.423144140945328 ], [ -90.35872241606603, -0.422477127718525 ], [ -90.358343347311873, -0.422871670430007 ], [ -90.358827136450017, -0.423144140945328 ] ] ], [ [ [ -90.279048374389689, -0.404232293911684 ], [ -90.277226766089541, -0.403285230957697 ], [ -90.277108400969325, -0.407738276089197 ], [ -90.279048374389689, -0.404232293911684 ] ] ], [ [ [ -90.279717325532346, -0.388838001519681 ], [ -90.276527743909995, -0.396213073318791 ], [ -90.292729800950084, -0.400595292894428 ], [ -90.290184241548346, -0.389492425865489 ], [ -90.279717325532346, -0.388838001519681 ] ] ], [ [ [ -89.953815942494131, 0.345853115825643 ], [ -89.935842001934574, 0.323586346089052 ], [ -89.948873241361156, 0.299628635209334 ], [ -89.954770711545962, 0.303244972295742 ], [ -89.945307050915474, 0.306667033527153 ], [ -89.948616950499627, 0.318449381928176 ], [ -89.966833367802778, 0.306567949957017 ], [ -89.978050965035791, 0.317368451586635 ], [ -89.971691285803928, 0.338450242589422 ], [ -89.953815942494131, 0.345853115825643 ] ] ] ] } }
]
}
